SOURCELONG:Bestiary 6	SOURCESHORT:B6	SOURCEWEB:http://paizo.com/products/btpy9r1y	SOURCEDATE:2017-05

STARTPACK:Alghollthu, Veiled Master Default	TYPE:Default Monster.Aberration	VISIBLE:QUALIFY	EQUIPBUY:0	PREMULT:1,[PRERACE:1,Alghollthu, Veiled Master],[!PRERACE:1,%]	SOURCEPAGE:p.270
ALIGN:LE
RACE:Alghollthu, Veiled Master	!PRERACE:1,%
NAME:Alghollthu, Veiled Master
STAT:STR=10|DEX=10|CON=10|INT=10|WIS=10|CHA=10

STARTPACK:Alp Default	TYPE:Default Monster.Fey	VISIBLE:QUALIFY	EQUIPBUY:0	PREMULT:1,[PRERACE:1,Alp],[!PRERACE:1,%]	SOURCEPAGE:p.7
ALIGN:CN
RACE:Alp	!PRERACE:1,%
NAME:Alp
STAT:STR=10|DEX=10|CON=10|INT=10|WIS=10|CHA=10
SKILL:Acrobatics	RANK:13
SKILL:Climb	RANK:13
SKILL:Escape Artist	RANK:13
SKILL:Intimidate	RANK:10
SKILL:Perception	RANK:13
SKILL:Stealth	RANK:13
ABILITY:CATEGORY=FEAT|Agile Maneuvers
ABILITY:CATEGORY=FEAT|Dodge
ABILITY:CATEGORY=FEAT|Improved Initiative
ABILITY:CATEGORY=FEAT|Iron Will
ABILITY:CATEGORY=FEAT|Mobility
ABILITY:CATEGORY=FEAT|Spring Attack
ABILITY:CATEGORY=FEAT|Weapon Finesse

STARTPACK:Alter Ego, Annis Hag Alter Ego Default	TYPE:Default Monster.Construct	VISIBLE:QUALIFY	EQUIPBUY:0	PREMULT:1,[PRERACE:1,Alter Ego, Annis Hag Alter Ego],[!PRERACE:1,%]	SOURCEPAGE:p.8
ALIGN:TN
RACE:Alter Ego, Annis Hag Alter Ego	!PRERACE:1,%
NAME:Alter Ego, Annis Hag Alter Ego
STAT:STR=10|DEX=10|INT=10|WIS=10|CHA=10
SKILL:Bluff	RANK:4
SKILL:Diplomacy	RANK:4
SKILL:Disguise	RANK:1
SKILL:Intimidate	RANK:7
SKILL:Perception	RANK:6
SKILL:Sense Motive	RANK:1
SKILL:Stealth	RANK:1
ABILITY:CATEGORY=FEAT|Alertness
ABILITY:CATEGORY=FEAT|Blind-Fight
ABILITY:CATEGORY=FEAT|Great Fortitude
ABILITY:CATEGORY=FEAT|Intimidating Prowess
ABILITY:CATEGORY=FEAT|Toughness

STARTPACK:Apocalypse Horse Default	TYPE:Default Monster.Outsider	VISIBLE:QUALIFY	EQUIPBUY:0	PREMULT:1,[PRERACE:1,Apocalypse Horse],[!PRERACE:1,%]	SOURCEPAGE:p.12
ALIGN:NE
RACE:Apocalypse Horse	!PRERACE:1,%
NAME:Apocalypse Horse
STAT:STR=10|DEX=10|CON=10|INT=10|WIS=10|CHA=10
SKILL:Acrobatics	RANK:30
SKILL:Intimidate	RANK:30
SKILL:Knowledge (Planes)	RANK:30
SKILL:Perception	RANK:30
SKILL:Sense Motive	RANK:30
SKILL:Stealth	RANK:26
SKILL:Survival	RANK:30
ABILITY:CATEGORY=FEAT|Combat Casting
ABILITY:CATEGORY=FEAT|Combat Reflexes
ABILITY:CATEGORY=FEAT|Critical Focus
ABILITY:CATEGORY=FEAT|Dodge
ABILITY:CATEGORY=FEAT|Greater Bull Rush
ABILITY:CATEGORY=FEAT|Improved Bull Rush
ABILITY:CATEGORY=FEAT|Improved Critical (bite, hoof)
ABILITY:CATEGORY=FEAT|Improved Initiative
ABILITY:CATEGORY=FEAT|Improved Iron Will
ABILITY:CATEGORY=FEAT|Iron Will
ABILITY:CATEGORY=FEAT|Mobility
ABILITY:CATEGORY=FEAT|Power Attack
ABILITY:CATEGORY=FEAT|Spring Attack
ABILITY:CATEGORY=FEAT|Staggering Critical

STARTPACK:Archdevil, Baalzebul Default	TYPE:Default Monster.Outsider	VISIBLE:QUALIFY	EQUIPBUY:0	PREMULT:1,[PRERACE:1,Archdevil, Baalzebul],[!PRERACE:1,%]	SOURCEPAGE:p.16
ALIGN:LE
RACE:Archdevil, Baalzebul	!PRERACE:1,%
NAME:Archdevil, Baalzebul
STAT:STR=10|DEX=10|CON=10|INT=10|WIS=10|CHA=10
SKILL:Acrobatics	RANK:35
SKILL:Bluff	RANK:35
SKILL:Diplomacy	RANK:35
SKILL:Disguise	RANK:35
SKILL:Fly	RANK:35
SKILL:Intimidate	RANK:35
SKILL:Knowledge (Arcana)	RANK:32
SKILL:Knowledge (History)	RANK:32
SKILL:Knowledge (Local)	RANK:32
SKILL:Knowledge (Nobility)	RANK:32
SKILL:Knowledge (Religion)	RANK:32
SKILL:Knowledge (Planes)	RANK:35
SKILL:Linguistics	RANK:35
SKILL:Perception	RANK:35
SKILL:Sense Motive	RANK:35
SKILL:Spellcraft	RANK:32
SKILL:Stealth	RANK:31
SKILL:Use Magic Device	RANK:32
ABILITY:CATEGORY=FEAT|Critical Focus
ABILITY:CATEGORY=FEAT|Dazzling Display
ABILITY:CATEGORY=FEAT|Dodge
ABILITY:CATEGORY=FEAT|Empower Spell-Like Ability (cone of cold)
ABILITY:CATEGORY=FEAT|Flyby Attack
ABILITY:CATEGORY=FEAT|Improved Critical (longsword)
ABILITY:CATEGORY=FEAT|Improved Initiative
ABILITY:CATEGORY=FEAT|Improved Iron Will
ABILITY:CATEGORY=FEAT|Iron Will
ABILITY:CATEGORY=FEAT|Lightning Stance
ABILITY:CATEGORY=FEAT|Mobility
ABILITY:CATEGORY=FEAT|Power Attack
ABILITY:CATEGORY=FEAT|Quicken Spell-Like Ability (freezing sphere)
ABILITY:CATEGORY=FEAT|Shatter Defenses
ABILITY:CATEGORY=FEAT|Sickening Critical
ABILITY:CATEGORY=FEAT|Skill Focus (Bluff)
ABILITY:CATEGORY=FEAT|Weapon Focus (longsword)
ABILITY:CATEGORY=FEAT|Wind Stance

STARTPACK:Archdevil, Barbatos Default	TYPE:Default Monster.Outsider	VISIBLE:QUALIFY	EQUIPBUY:0	PREMULT:1,[PRERACE:1,Archdevil, Barbatos],[!PRERACE:1,%]	SOURCEPAGE:p.18
ALIGN:LE
RACE:Archdevil, Barbatos	!PRERACE:1,%
NAME:Archdevil, Barbatos
STAT:STR=10|DEX=10|CON=10|INT=10|WIS=10|CHA=10
SKILL:Acrobatics	RANK:28
SKILL:Bluff	RANK:31
SKILL:Diplomacy	RANK:28
SKILL:Handle Animal	RANK:31
SKILL:Intimidate	RANK:28
SKILL:Knowledge (Arcana)	RANK:28
SKILL:Knowledge (Religion)	RANK:28
SKILL:Knowledge (Nature)	RANK:31
SKILL:Knowledge (Planes)	RANK:31
SKILL:Linguistics	RANK:31
SKILL:Perception	RANK:31
SKILL:Sense Motive	RANK:31
SKILL:Spellcraft	RANK:31
SKILL:Stealth	RANK:31
SKILL:Use Magic Device	RANK:28
ABILITY:CATEGORY=FEAT|Combat Expertise
ABILITY:CATEGORY=FEAT|Combat Reflexes
ABILITY:CATEGORY=FEAT|Deflect Arrows
ABILITY:CATEGORY=FEAT|Dodge
ABILITY:CATEGORY=FEAT|Double Slice
ABILITY:CATEGORY=FEAT|Greater Trip
ABILITY:CATEGORY=FEAT|Greater Two-Weapon Fighting
ABILITY:CATEGORY=FEAT|Improved Critical (quarterstaff)
ABILITY:CATEGORY=FEAT|Improved Initiative
ABILITY:CATEGORY=FEAT|Improved Lightning Reflexes
ABILITY:CATEGORY=FEAT|Improved Trip
ABILITY:CATEGORY=FEAT|Improved Two-Weapon Fighting
ABILITY:CATEGORY=FEAT|Lightning Reflexes
ABILITY:CATEGORY=FEAT|Mobility
ABILITY:CATEGORY=FEAT|Quicken Spell-Like Ability (contagion)
ABILITY:CATEGORY=FEAT|Two-Weapon Fighting

STARTPACK:Archdevil, Belial Default	TYPE:Default Monster.Outsider	VISIBLE:QUALIFY	EQUIPBUY:0	PREMULT:1,[PRERACE:1,Archdevil, Belial],[!PRERACE:1,%]	SOURCEPAGE:p.20
ALIGN:LE
RACE:Archdevil, Belial	!PRERACE:1,%
NAME:Archdevil, Belial
STAT:STR=10|DEX=10|CON=10|INT=10|WIS=10|CHA=10
SKILL:Acrobatics	RANK:30
SKILL:Bluff	RANK:33
SKILL:Craft (weapons)	RANK:33
SKILL:Diplomacy	RANK:33
SKILL:Disguise	RANK:33
SKILL:Fly	RANK:33
SKILL:Intimidate	RANK:30
SKILL:Knowledge (Arcana)	RANK:30
SKILL:Knowledge (Local)	RANK:30
SKILL:Knowledge (Religion)	RANK:30
SKILL:Knowledge (Planes)	RANK:33
SKILL:Linguistics	RANK:33
SKILL:Perception	RANK:33
SKILL:Sense Motive	RANK:33
SKILL:Spellcraft	RANK:33
SKILL:Use Magic Device	RANK:33
ABILITY:CATEGORY=FEAT|Combat Expertise
ABILITY:CATEGORY=FEAT|Craft Construct
ABILITY:CATEGORY=FEAT|Craft Magic Arms and Armor
ABILITY:CATEGORY=FEAT|Craft Wondrous Item
ABILITY:CATEGORY=FEAT|Dodge
ABILITY:CATEGORY=FEAT|Flyby Attack
ABILITY:CATEGORY=FEAT|Greater Disarm
ABILITY:CATEGORY=FEAT|Greater Weapon Focus (ranseur)
ABILITY:CATEGORY=FEAT|Greater Weapon Specialization (ranseur)
ABILITY:CATEGORY=FEAT|Improved Critical (ranseur)
ABILITY:CATEGORY=FEAT|Improved Disarm
ABILITY:CATEGORY=FEAT|Improved Initiative
ABILITY:CATEGORY=FEAT|Mobility
ABILITY:CATEGORY=FEAT|Power Attack
ABILITY:CATEGORY=FEAT|Quicken Spell-Like Ability (mass suggestion)
ABILITY:CATEGORY=FEAT|Weapon Focus (ranseur)
ABILITY:CATEGORY=FEAT|Weapon Specialization (ranseur)

STARTPACK:Archdevil, Dispater Default	TYPE:Default Monster.Outsider	VISIBLE:QUALIFY	EQUIPBUY:0	PREMULT:1,[PRERACE:1,Archdevil, Dispater],[!PRERACE:1,%]	SOURCEPAGE:p.22
ALIGN:LE
RACE:Archdevil, Dispater	!PRERACE:1,%
NAME:Archdevil, Dispater
STAT:STR=10|DEX=10|CON=10|INT=10|WIS=10|CHA=10
SKILL:Acrobatics	RANK:30
SKILL:Bluff	RANK:33
SKILL:Diplomacy	RANK:33
SKILL:Fly	RANK:33
SKILL:Intimidate	RANK:33
SKILL:Knowledge (Arcana)	RANK:30
SKILL:Knowledge (Engineering)	RANK:30
SKILL:Knowledge (History)	RANK:30
SKILL:Knowledge (Nobility)	RANK:30
SKILL:Knowledge (Religion)	RANK:30
SKILL:Knowledge (Planes)	RANK:33
SKILL:Linguistics	RANK:30
SKILL:Perception	RANK:33
SKILL:Sense Motive	RANK:33
SKILL:Spellcraft	RANK:30
SKILL:Stealth	RANK:29
SKILL:Use Magic Device	RANK:30
ABILITY:CATEGORY=FEAT|Combat Expertise
ABILITY:CATEGORY=FEAT|Combat Reflexes
ABILITY:CATEGORY=FEAT|Critical Focus
ABILITY:CATEGORY=FEAT|Dazzling Display
ABILITY:CATEGORY=FEAT|Dodge
ABILITY:CATEGORY=FEAT|Greater Feint
ABILITY:CATEGORY=FEAT|Improved Critical (heavy mace)
ABILITY:CATEGORY=FEAT|Improved Feint
ABILITY:CATEGORY=FEAT|Improved Initiative
ABILITY:CATEGORY=FEAT|Improved Iron Will
ABILITY:CATEGORY=FEAT|Iron Will
ABILITY:CATEGORY=FEAT|Mobility
ABILITY:CATEGORY=FEAT|Power Attack
ABILITY:CATEGORY=FEAT|Quicken Spell-Like Ability (blade barrier)
ABILITY:CATEGORY=FEAT|Shatter Defenses
ABILITY:CATEGORY=FEAT|Staggering Critical
ABILITY:CATEGORY=FEAT|Weapon Focus (heavy mace)

STARTPACK:Archdevil, Geryon Default	TYPE:Default Monster.Outsider	VISIBLE:QUALIFY	EQUIPBUY:0	PREMULT:1,[PRERACE:1,Archdevil, Geryon],[!PRERACE:1,%]	SOURCEPAGE:p.24
ALIGN:LE
RACE:Archdevil, Geryon	!PRERACE:1,%
NAME:Archdevil, Geryon
STAT:STR=10|DEX=10|CON=10|INT=10|WIS=10|CHA=10
SKILL:Bluff	RANK:34
SKILL:Diplomacy	RANK:34
SKILL:Intimidate	RANK:34
SKILL:Knowledge (Arcana)	RANK:31
SKILL:Knowledge (Dungeoneering)	RANK:31
SKILL:Knowledge (Engineering)	RANK:31
SKILL:Knowledge (Geography)	RANK:31
SKILL:Knowledge (History)	RANK:31
SKILL:Knowledge (Local)	RANK:31
SKILL:Knowledge (Nature)	RANK:31
SKILL:Knowledge (Nobility)	RANK:31
SKILL:Knowledge (Religion)	RANK:31
SKILL:Knowledge (Planes)	RANK:34
SKILL:Linguistics	RANK:34
SKILL:Perception	RANK:34
SKILL:Sense Motive	RANK:34
SKILL:Spellcraft	RANK:34
SKILL:Swim	RANK:4
ABILITY:CATEGORY=FEAT|Blinding Critical
ABILITY:CATEGORY=FEAT|Combat Expertise
ABILITY:CATEGORY=FEAT|Critical Focus
ABILITY:CATEGORY=FEAT|Double Slice
ABILITY:CATEGORY=FEAT|Greater Disarm
ABILITY:CATEGORY=FEAT|Greater Trip
ABILITY:CATEGORY=FEAT|Improved Critical (flail, heavy shield, tail slap)
ABILITY:CATEGORY=FEAT|Improved Disarm
ABILITY:CATEGORY=FEAT|Improved Initiative
ABILITY:CATEGORY=FEAT|Improved Shield Bash
ABILITY:CATEGORY=FEAT|Improved Trip
ABILITY:CATEGORY=FEAT|Improved Two-Weapon Fighting
ABILITY:CATEGORY=FEAT|Power Attack
ABILITY:CATEGORY=FEAT|Quicken Spell-Like Ability (mindwipe)
ABILITY:CATEGORY=FEAT|Spellbreaker
ABILITY:CATEGORY=FEAT|Two-Weapon Fighting

STARTPACK:Archdevil, Mammon Default	TYPE:Default Monster.Outsider	VISIBLE:QUALIFY	EQUIPBUY:0	PREMULT:1,[PRERACE:1,Archdevil, Mammon],[!PRERACE:1,%]	SOURCEPAGE:p.26
ALIGN:LE
RACE:Archdevil, Mammon	!PRERACE:1,%
NAME:Archdevil, Mammon
STAT:STR=10|DEX=10|CON=10|INT=10|WIS=10|CHA=10
SKILL:Appraise	RANK:33
SKILL:Bluff	RANK:33
SKILL:Diplomacy	RANK:30
SKILL:Disable Device	RANK:30
SKILL:Intimidate	RANK:33
SKILL:Knowledge (Arcana)	RANK:30
SKILL:Knowledge (History)	RANK:30
SKILL:Knowledge (Nobility)	RANK:30
SKILL:Knowledge (Religion)	RANK:30
SKILL:Knowledge (Planes)	RANK:33
SKILL:Linguistics	RANK:33
SKILL:Perception	RANK:33
SKILL:Sense Motive	RANK:33
SKILL:Spellcraft	RANK:33
SKILL:Stealth	RANK:33
SKILL:Use Magic Device	RANK:33
ABILITY:CATEGORY=FEAT|Ability Focus (greater object possession)
ABILITY:CATEGORY=FEAT|Combat Expertise
ABILITY:CATEGORY=FEAT|Combat Reflexes
ABILITY:CATEGORY=FEAT|Craft Construct
ABILITY:CATEGORY=FEAT|Craft Magic Arms and Armor
ABILITY:CATEGORY=FEAT|Craft Wondrous Item
ABILITY:CATEGORY=FEAT|Critical Focus
ABILITY:CATEGORY=FEAT|Dodge
ABILITY:CATEGORY=FEAT|Greater Steal
ABILITY:CATEGORY=FEAT|Improved Critical (claw, talon)
ABILITY:CATEGORY=FEAT|Improved Initiative
ABILITY:CATEGORY=FEAT|Improved Steal
ABILITY:CATEGORY=FEAT|Iron Will
ABILITY:CATEGORY=FEAT|Mobility
ABILITY:CATEGORY=FEAT|Quicken Spell-Like Ability (possession)
ABILITY:CATEGORY=FEAT|Staggering Critical

STARTPACK:Archdevil, Mephistopheles Default	TYPE:Default Monster.Outsider	VISIBLE:QUALIFY	EQUIPBUY:0	PREMULT:1,[PRERACE:1,Archdevil, Mephistopheles],[!PRERACE:1,%]	SOURCEPAGE:p.28
ALIGN:LE
RACE:Archdevil, Mephistopheles	!PRERACE:1,%
NAME:Archdevil, Mephistopheles
STAT:STR=10|DEX=10|CON=10|INT=10|WIS=10|CHA=10
SKILL:Bluff	RANK:35
SKILL:Diplomacy	RANK:35
SKILL:Disguise	RANK:35
SKILL:Fly	RANK:35
SKILL:Intimidate	RANK:35
SKILL:Knowledge (Arcana)	RANK:32
SKILL:Knowledge (History)	RANK:32
SKILL:Knowledge (Local)	RANK:32
SKILL:Knowledge (Nobility)	RANK:32
SKILL:Knowledge (Religion)	RANK:32
SKILL:Knowledge (Planes)	RANK:35
SKILL:Linguistics	RANK:35
SKILL:Perception	RANK:35
SKILL:Sense Motive	RANK:35
SKILL:Sleight of Hand	RANK:32
SKILL:Spellcraft	RANK:32
SKILL:Stealth	RANK:31
SKILL:Use Magic Device	RANK:32
ABILITY:CATEGORY=FEAT|Combat Expertise
ABILITY:CATEGORY=FEAT|Craft Construct
ABILITY:CATEGORY=FEAT|Craft Magic Arms and Armor
ABILITY:CATEGORY=FEAT|Craft Rod
ABILITY:CATEGORY=FEAT|Craft Wondrous Item
ABILITY:CATEGORY=FEAT|Critical Focus
ABILITY:CATEGORY=FEAT|Deceitful
ABILITY:CATEGORY=FEAT|Dodge
ABILITY:CATEGORY=FEAT|Flyby Attack
ABILITY:CATEGORY=FEAT|Forge Ring
ABILITY:CATEGORY=FEAT|Improved Critical (trident, wing)
ABILITY:CATEGORY=FEAT|Improved Initiative
ABILITY:CATEGORY=FEAT|Iron Will
ABILITY:CATEGORY=FEAT|Multiattack
ABILITY:CATEGORY=FEAT|Power Attack
ABILITY:CATEGORY=FEAT|Quicken Spell-Like Ability (dominate person)
ABILITY:CATEGORY=FEAT|Staggering Critical

STARTPACK:Archdevil, Moloch Default	TYPE:Default Monster.Outsider	VISIBLE:QUALIFY	EQUIPBUY:0	PREMULT:1,[PRERACE:1,Archdevil, Moloch],[!PRERACE:1,%]	SOURCEPAGE:p.30
ALIGN:LE
RACE:Archdevil, Moloch	!PRERACE:1,%
NAME:Archdevil, Moloch
STAT:STR=10|DEX=10|CON=10|INT=10|WIS=10|CHA=10
SKILL:Bluff	RANK:34
SKILL:Intimidate	RANK:34
SKILL:Knowledge (Arcana)	RANK:31
SKILL:Knowledge (History)	RANK:31
SKILL:Knowledge (Religion)	RANK:31
SKILL:Knowledge (Nobility)	RANK:34
SKILL:Knowledge (Planes)	RANK:34
SKILL:Linguistics	RANK:34
SKILL:Perception	RANK:34
SKILL:Sense Motive	RANK:34
SKILL:Spellcraft	RANK:34
SKILL:Survival	RANK:31
SKILL:Use Magic Device	RANK:31
ABILITY:CATEGORY=FEAT|Combat Expertise
ABILITY:CATEGORY=FEAT|Craft Magic Arms and Armor
ABILITY:CATEGORY=FEAT|Critical Focus
ABILITY:CATEGORY=FEAT|Double Slice
ABILITY:CATEGORY=FEAT|Empower Spell-Like Ability (fire storm)
ABILITY:CATEGORY=FEAT|Improved Bull Rush
ABILITY:CATEGORY=FEAT|Improved Critical (battleaxe, longsword)
ABILITY:CATEGORY=FEAT|Improved Initiative
ABILITY:CATEGORY=FEAT|Improved Lightning Reflexes
ABILITY:CATEGORY=FEAT|Improved Two-Weapon Fighting
ABILITY:CATEGORY=FEAT|Lightning Reflexes
ABILITY:CATEGORY=FEAT|Power Attack
ABILITY:CATEGORY=FEAT|Quicken Spell-Like Ability (blade barrier)
ABILITY:CATEGORY=FEAT|Staggering Critical
ABILITY:CATEGORY=FEAT|Two-Weapon Fighting
ABILITY:CATEGORY=FEAT|Two-Weapon Rend

STARTPACK:Atuikakura Default	TYPE:Default Monster.Magical Beast	VISIBLE:QUALIFY	EQUIPBUY:0	PREMULT:1,[PRERACE:1,Atuikakura],[!PRERACE:1,%]	SOURCEPAGE:p.32
ALIGN:TN
RACE:Atuikakura	!PRERACE:1,%
NAME:Atuikakura
STAT:STR=10|DEX=10|CON=10|INT=10|WIS=10|CHA=10
SKILL:Perception	RANK:9
SKILL:Stealth	RANK:5
SKILL:Swim	RANK:5
ABILITY:CATEGORY=FEAT|Combat Reflexes
ABILITY:CATEGORY=FEAT|Critical Focus
ABILITY:CATEGORY=FEAT|Improved Critical (slam)
ABILITY:CATEGORY=FEAT|Improved Initiative
ABILITY:CATEGORY=FEAT|Improved Iron Will
ABILITY:CATEGORY=FEAT|Iron Will
ABILITY:CATEGORY=FEAT|Multiattack
ABILITY:CATEGORY=FEAT|Power Attack
ABILITY:CATEGORY=FEAT|Staggering Critical

STARTPACK:Azata, Uinuja Default	TYPE:Default Monster.Outsider	VISIBLE:QUALIFY	EQUIPBUY:0	PREMULT:1,[PRERACE:1,Azata, Uinuja],[!PRERACE:1,%]	SOURCEPAGE:p.33
ALIGN:CG
RACE:Azata, Uinuja	!PRERACE:1,%
NAME:Azata, Uinuja
STAT:STR=10|DEX=10|CON=10|INT=10|WIS=10|CHA=10
SKILL:Bluff	RANK:18
SKILL:Diplomacy	RANK:18
SKILL:Fly	RANK:18
SKILL:Knowledge (Geography)	RANK:18
SKILL:Knowledge (Planes)	RANK:18
SKILL:Knowledge (Religion)	RANK:18
SKILL:Perception	RANK:18
SKILL:Sense Motive	RANK:18
SKILL:Stealth	RANK:14
ABILITY:CATEGORY=FEAT|Critical Focus
ABILITY:CATEGORY=FEAT|Deadly Aim
ABILITY:CATEGORY=FEAT|Flyby Attack
ABILITY:CATEGORY=FEAT|Improved Critical (starknife)
ABILITY:CATEGORY=FEAT|Improved Initiative
ABILITY:CATEGORY=FEAT|Iron Will
ABILITY:CATEGORY=FEAT|Power Attack
ABILITY:CATEGORY=FEAT|Spell Penetration
ABILITY:CATEGORY=FEAT|Tiring Critical

STARTPACK:Azata, Veranallia Default	TYPE:Default Monster.Outsider	VISIBLE:QUALIFY	EQUIPBUY:0	PREMULT:1,[PRERACE:1,Azata, Veranallia],[!PRERACE:1,%]	SOURCEPAGE:p.34
ALIGN:CG
RACE:Azata, Veranallia	!PRERACE:1,%
NAME:Azata, Veranallia
STAT:STR=10|DEX=10|CON=10|INT=10|WIS=10|CHA=10
SKILL:Bluff	RANK:24
SKILL:Climb	RANK:21
SKILL:Escape Artist	RANK:24
SKILL:Heal	RANK:24
SKILL:Intimidate	RANK:24
SKILL:Knowledge (Nature)	RANK:24
SKILL:Knowledge (Planes)	RANK:24
SKILL:Perception	RANK:24
SKILL:Sense Motive	RANK:24
SKILL:Stealth	RANK:20
ABILITY:CATEGORY=FEAT|Alertness
ABILITY:CATEGORY=FEAT|Cleave
ABILITY:CATEGORY=FEAT|Combat Casting
ABILITY:CATEGORY=FEAT|Combat Reflexes
ABILITY:CATEGORY=FEAT|Critical Focus
ABILITY:CATEGORY=FEAT|Great Cleave
ABILITY:CATEGORY=FEAT|Improved Critical (sickle)
ABILITY:CATEGORY=FEAT|Improved Initiative
ABILITY:CATEGORY=FEAT|Improved Natural Attack (vine)
ABILITY:CATEGORY=FEAT|Power Attack
ABILITY:CATEGORY=FEAT|Sickening Critical
ABILITY:CATEGORY=FEAT|Toughness

STARTPACK:Azata, Yamah Default	TYPE:Default Monster.Outsider	VISIBLE:QUALIFY	EQUIPBUY:0	PREMULT:1,[PRERACE:1,Azata, Yamah],[!PRERACE:1,%]	SOURCEPAGE:p.36
ALIGN:CG
RACE:Azata, Yamah	!PRERACE:1,%
NAME:Azata, Yamah
STAT:STR=10|DEX=10|CON=10|INT=10|WIS=10|CHA=10
SKILL:Acrobatics	RANK:6
SKILL:Bluff	RANK:3
SKILL:Diplomacy	RANK:6
SKILL:Escape Artist	RANK:3
SKILL:Fly	RANK:7
SKILL:Knowledge (Planes)	RANK:6
SKILL:Perception	RANK:6
SKILL:Sense Motive	RANK:3
SKILL:Stealth	RANK:3
ABILITY:CATEGORY=FEAT|Point-Blank Shot
ABILITY:CATEGORY=FEAT|Precise Shot
ABILITY:CATEGORY=FEAT|Weapon Finesse

STARTPACK:Baalzebul, Lord of the Flies Default	TYPE:Default Monster.Outsider	VISIBLE:QUALIFY	EQUIPBUY:0	PREMULT:1,[PRERACE:1,Baalzebul, Lord of the Flies],[!PRERACE:1,%]
ALIGN:LE
RACE:Baalzebul, Lord of the Flies	!PRERACE:1,%
NAME:Baalzebul, Lord of the Flies
STAT:STR=10|DEX=10|CON=10|INT=10|WIS=10|CHA=10
SKILL:Acrobatics	RANK:35
SKILL:Bluff	RANK:35
SKILL:Diplomacy	RANK:35
SKILL:Disguise	RANK:35
SKILL:Fly	RANK:35
SKILL:Intimidate	RANK:35
SKILL:Knowledge (Arcana)	RANK:32
SKILL:Knowledge (History)	RANK:32
SKILL:Knowledge (Local)	RANK:32
SKILL:Knowledge (Nobility)	RANK:32
SKILL:Knowledge (Religion)	RANK:32
SKILL:Knowledge (Planes)	RANK:35
SKILL:Linguistics	RANK:35
SKILL:Perception	RANK:35
SKILL:Sense Motive	RANK:35
SKILL:Spellcraft	RANK:32
SKILL:Stealth	RANK:31
SKILL:Use Magic Device	RANK:32
ABILITY:CATEGORY=FEAT|Critical Focus
ABILITY:CATEGORY=FEAT|Dazzling Display
ABILITY:CATEGORY=FEAT|Dodge
ABILITY:CATEGORY=FEAT|Empower Spell-Like Ability (cone of cold)
ABILITY:CATEGORY=FEAT|Flyby Attack
ABILITY:CATEGORY=FEAT|Improved Critical (longsword)
ABILITY:CATEGORY=FEAT|Improved Initiative
ABILITY:CATEGORY=FEAT|Improved Iron Will
ABILITY:CATEGORY=FEAT|Iron Will
ABILITY:CATEGORY=FEAT|Lightning Stance
ABILITY:CATEGORY=FEAT|Mobility
ABILITY:CATEGORY=FEAT|Power Attack
ABILITY:CATEGORY=FEAT|Quicken Spell-Like Ability (freezing sphere)
ABILITY:CATEGORY=FEAT|Shatter Defenses
ABILITY:CATEGORY=FEAT|Sickening Critical
ABILITY:CATEGORY=FEAT|Skill Focus (Bluff)
ABILITY:CATEGORY=FEAT|Weapon Focus (longsword)
ABILITY:CATEGORY=FEAT|Wind Stance

STARTPACK:Banelight Default	TYPE:Default Monster.Fey	VISIBLE:QUALIFY	EQUIPBUY:0	PREMULT:1,[PRERACE:1,Banelight],[!PRERACE:1,%]	SOURCEPAGE:p.37
ALIGN:NE
RACE:Banelight	!PRERACE:1,%
NAME:Banelight
STAT:STR=10|DEX=10|CON=10|INT=10|WIS=10|CHA=10
SKILL:Acrobatics	RANK:16
SKILL:Bluff	RANK:16
SKILL:Escape Artist	RANK:16
SKILL:Fly	RANK:16
SKILL:Intimidate	RANK:13
SKILL:Knowledge (Nature)	RANK:16
SKILL:Perception	RANK:16
SKILL:Sense Motive	RANK:16
SKILL:Spellcraft	RANK:13
SKILL:Stealth	RANK:16
SKILL:Use Magic Device	RANK:16
ABILITY:CATEGORY=FEAT|Combat Reflexes
ABILITY:CATEGORY=FEAT|Defensive Combat Training
ABILITY:CATEGORY=FEAT|Great Fortitude
ABILITY:CATEGORY=FEAT|Improved Great Fortitude
ABILITY:CATEGORY=FEAT|Improved Initiative
ABILITY:CATEGORY=FEAT|Quicken Spell-Like Ability (wandering star motes)
ABILITY:CATEGORY=FEAT|Vital Strike
ABILITY:CATEGORY=FEAT|Weapon Finesse

STARTPACK:Blight, Cave Blight Default	TYPE:Default Monster.Ooze	VISIBLE:QUALIFY	EQUIPBUY:0	PREMULT:1,[PRERACE:1,Blight, Cave Blight],[!PRERACE:1,%]	SOURCEPAGE:p.39
ALIGN:CE
RACE:Blight, Cave Blight	!PRERACE:1,%
NAME:Blight, Cave Blight
STAT:STR=10|DEX=10|CON=10|INT=10|WIS=10|CHA=10

STARTPACK:Blight, Desert Blight Default	TYPE:Default Monster.Ooze	VISIBLE:QUALIFY	EQUIPBUY:0	PREMULT:1,[PRERACE:1,Blight, Desert Blight],[!PRERACE:1,%]	SOURCEPAGE:p.40
ALIGN:NE
RACE:Blight, Desert Blight	!PRERACE:1,%
NAME:Blight, Desert Blight
STAT:STR=10|DEX=10|CON=10|INT=10|WIS=10|CHA=10

STARTPACK:Blight, Forest Blight Default	TYPE:Default Monster.Ooze	VISIBLE:QUALIFY	EQUIPBUY:0	PREMULT:1,[PRERACE:1,Blight, Forest Blight],[!PRERACE:1,%]	SOURCEPAGE:p.41
ALIGN:CE
RACE:Blight, Forest Blight	!PRERACE:1,%
NAME:Blight, Forest Blight
STAT:STR=10|DEX=10|CON=10|INT=10|WIS=10|CHA=10

STARTPACK:Blight, Mountain Blight Default	TYPE:Default Monster.Ooze	VISIBLE:QUALIFY	EQUIPBUY:0	PREMULT:1,[PRERACE:1,Blight, Mountain Blight],[!PRERACE:1,%]	SOURCEPAGE:p.42
ALIGN:NE
RACE:Blight, Mountain Blight	!PRERACE:1,%
NAME:Blight, Mountain Blight
STAT:STR=10|DEX=10|CON=10|INT=10|WIS=10|CHA=10

STARTPACK:Blight, Sewer Blight Default	TYPE:Default Monster.Ooze	VISIBLE:QUALIFY	EQUIPBUY:0	PREMULT:1,[PRERACE:1,Blight, Sewer Blight],[!PRERACE:1,%]	SOURCEPAGE:p.43
ALIGN:CE
RACE:Blight, Sewer Blight	!PRERACE:1,%
NAME:Blight, Sewer Blight
STAT:STR=10|DEX=10|CON=10|INT=10|WIS=10|CHA=10

STARTPACK:Blight, Swamp Blight Default	TYPE:Default Monster.Ooze	VISIBLE:QUALIFY	EQUIPBUY:0	PREMULT:1,[PRERACE:1,Blight, Swamp Blight],[!PRERACE:1,%]	SOURCEPAGE:p.44
ALIGN:LE
RACE:Blight, Swamp Blight	!PRERACE:1,%
NAME:Blight, Swamp Blight
STAT:STR=10|DEX=10|CON=10|INT=10|WIS=10|CHA=10

STARTPACK:Blight, Tundra Blight Default	TYPE:Default Monster.Ooze	VISIBLE:QUALIFY	EQUIPBUY:0	PREMULT:1,[PRERACE:1,Blight, Tundra Blight],[!PRERACE:1,%]	SOURCEPAGE:p.45
ALIGN:NE
RACE:Blight, Tundra Blight	!PRERACE:1,%
NAME:Blight, Tundra Blight
STAT:STR=10|DEX=10|CON=10|INT=10|WIS=10|CHA=10

STARTPACK:Blighted Fey Satyr Default	TYPE:Default Monster.Fey	VISIBLE:QUALIFY	EQUIPBUY:0	PREMULT:1,[PRERACE:1,Blighted Fey Satyr],[!PRERACE:1,%]	SOURCEPAGE:p.46
ALIGN:CE
RACE:Blighted Fey Satyr	!PRERACE:1,%
NAME:Blighted Fey Satyr
STAT:STR=10|DEX=10|CON=10|INT=10|WIS=10|CHA=10
SKILL:Bluff	RANK:8
SKILL:Diplomacy	RANK:8
SKILL:Disguise	RANK:2
SKILL:Intimidate	RANK:2
SKILL:Knowledge (Nature)	RANK:8
SKILL:Perception	RANK:8
SKILL:Perform (wind)	RANK:8
SKILL:Stealth	RANK:8
SKILL:Survival	RANK:2
ABILITY:CATEGORY=FEAT|Dodge
ABILITY:CATEGORY=FEAT|Mobility
ABILITY:CATEGORY=FEAT|Skill Focus (Perception)
ABILITY:CATEGORY=FEAT|Toughness
ABILITY:CATEGORY=FEAT|Weapon Finesse

STARTPACK:Blood Bramble Default	TYPE:Default Monster.Plant	VISIBLE:QUALIFY	EQUIPBUY:0	PREMULT:1,[PRERACE:1,Blood Bramble],[!PRERACE:1,%]	SOURCEPAGE:p.48
ALIGN:TN
RACE:Blood Bramble	!PRERACE:1,%
NAME:Blood Bramble
STAT:STR=10|DEX=10|CON=10|INT=10|WIS=10|CHA=10
SKILL:Climb	RANK:5
SKILL:Perception	RANK:9
SKILL:Stealth	RANK:5
ABILITY:CATEGORY=FEAT|Improved Critical (vine)
ABILITY:CATEGORY=FEAT|Improved Initiative
ABILITY:CATEGORY=FEAT|Iron Will
ABILITY:CATEGORY=FEAT|Skill Focus (Perception)
ABILITY:CATEGORY=FEAT|Skill Focus (Stealth)
ABILITY:CATEGORY=FEAT|Weapon Finesse

STARTPACK:Boggle Default	TYPE:Default Monster.Fey	VISIBLE:QUALIFY	EQUIPBUY:0	PREMULT:1,[PRERACE:1,Boggle],[!PRERACE:1,%]	SOURCEPAGE:p.51
ALIGN:CN
RACE:Boggle	!PRERACE:1,%
NAME:Boggle
STAT:STR=10|DEX=10|CON=10|INT=10|WIS=10|CHA=10
SKILL:Acrobatics	RANK:12
SKILL:Bluff	RANK:12
SKILL:Climb	RANK:12
SKILL:Escape Artist	RANK:6
SKILL:Perception	RANK:12
SKILL:Perform (comedy)	RANK:12
SKILL:Sense Motive	RANK:12
SKILL:Sleight of Hand	RANK:12
ABILITY:CATEGORY=FEAT|Combat Casting
ABILITY:CATEGORY=FEAT|Dodge
ABILITY:CATEGORY=FEAT|Iron Will
ABILITY:CATEGORY=FEAT|Mobility
ABILITY:CATEGORY=FEAT|Throw Anything
ABILITY:CATEGORY=FEAT|Weapon Finesse

STARTPACK:Bonethorn Default	TYPE:Default Monster.Plant	VISIBLE:QUALIFY	EQUIPBUY:0	PREMULT:1,[PRERACE:1,Bonethorn],[!PRERACE:1,%]	SOURCEPAGE:p.52
ALIGN:TN
RACE:Bonethorn	!PRERACE:1,%
NAME:Bonethorn
STAT:STR=10|DEX=10|CON=10|INT=10|WIS=10|CHA=10
SKILL:Perception	RANK:16
SKILL:Stealth	RANK:10
ABILITY:CATEGORY=FEAT|Combat Reflexes
ABILITY:CATEGORY=FEAT|Critical Focus
ABILITY:CATEGORY=FEAT|Dodge
ABILITY:CATEGORY=FEAT|Improved Critical (claw)
ABILITY:CATEGORY=FEAT|Improved Initiative
ABILITY:CATEGORY=FEAT|Iron Will
ABILITY:CATEGORY=FEAT|Lightning Reflexes
ABILITY:CATEGORY=FEAT|Mobility
ABILITY:CATEGORY=FEAT|Sickening Critical
ABILITY:CATEGORY=FEAT|Skill Focus (Perception)

STARTPACK:Charnel God Default	TYPE:Default Monster.Construct	VISIBLE:QUALIFY	EQUIPBUY:0	PREMULT:1,[PRERACE:1,Charnel God],[!PRERACE:1,%]	SOURCEPAGE:p.54
ALIGN:CE
RACE:Charnel God	!PRERACE:1,%
NAME:Charnel God
STAT:STR=10|DEX=10|INT=10|WIS=10|CHA=10
SKILL:Fly	RANK:26
SKILL:Intimidate	RANK:23
SKILL:Knowledge (Arcana)	RANK:23
SKILL:Knowledge (Planes)	RANK:23
SKILL:Knowledge (Religion)	RANK:23
SKILL:Perception	RANK:23
SKILL:Sleight of Hand	RANK:23
SKILL:Spellcraft	RANK:23
SKILL:Stealth	RANK:19
SKILL:Survival	RANK:23
ABILITY:CATEGORY=FEAT|Clustered Shots
ABILITY:CATEGORY=FEAT|Combat Reflexes
ABILITY:CATEGORY=FEAT|Deadly Aim
ABILITY:CATEGORY=FEAT|Far Shot
ABILITY:CATEGORY=FEAT|Improved Critical (composite longbow)
ABILITY:CATEGORY=FEAT|Improved Precise Shot
ABILITY:CATEGORY=FEAT|Improved Snap Shot
ABILITY:CATEGORY=FEAT|Iron Will
ABILITY:CATEGORY=FEAT|Point-Blank Shot
ABILITY:CATEGORY=FEAT|Precise Shot
ABILITY:CATEGORY=FEAT|Rapid Shot
ABILITY:CATEGORY=FEAT|Snap Shot
ABILITY:CATEGORY=FEAT|Weapon Focus (composite longbow)

STARTPACK:Cipactli Default	TYPE:Default Monster.Magical Beast	VISIBLE:QUALIFY	EQUIPBUY:0	PREMULT:1,[PRERACE:1,Cipactli],[!PRERACE:1,%]	SOURCEPAGE:p.56
ALIGN:CN
RACE:Cipactli	!PRERACE:1,%
NAME:Cipactli
STAT:STR=10|DEX=10|CON=10|INT=10|WIS=10|CHA=10
SKILL:Climb	RANK:23
SKILL:Intimidate	RANK:20
SKILL:Knowledge (Nature)	RANK:20
SKILL:Perception	RANK:23
SKILL:Stealth	RANK:11
SKILL:Swim	RANK:23
ABILITY:CATEGORY=FEAT|Combat Reflexes
ABILITY:CATEGORY=FEAT|Critical Focus
ABILITY:CATEGORY=FEAT|Dodge
ABILITY:CATEGORY=FEAT|Greater Vital Strike
ABILITY:CATEGORY=FEAT|Improved Critical (bite, ravenous bite)
ABILITY:CATEGORY=FEAT|Improved Initiative
ABILITY:CATEGORY=FEAT|Improved Vital Strike
ABILITY:CATEGORY=FEAT|Iron Will
ABILITY:CATEGORY=FEAT|Power Attack
ABILITY:CATEGORY=FEAT|Staggering Critical
ABILITY:CATEGORY=FEAT|Vital Strike

STARTPACK:Clockwork, Clockwork Angel Default	TYPE:Default Monster.Construct	VISIBLE:QUALIFY	EQUIPBUY:0	PREMULT:1,[PRERACE:1,Clockwork, Clockwork Angel],[!PRERACE:1,%]	SOURCEPAGE:p.58
ALIGN:TN
RACE:Clockwork, Clockwork Angel	!PRERACE:1,%
NAME:Clockwork, Clockwork Angel
STAT:STR=10|DEX=10|WIS=10|CHA=10
SKILL:Acrobatics	RANK:3
SKILL:Fly	RANK:7
SKILL:Perception	RANK:3
ABILITY:CATEGORY=FEAT|Improved Initiative
ABILITY:CATEGORY=FEAT|Lightning Reflexes
ABILITY:CATEGORY=FEAT|Martial Weapon ProficiencyB (greatsword)

STARTPACK:Clockwork, Clockwork Assassin Default	TYPE:Default Monster.Construct	VISIBLE:QUALIFY	EQUIPBUY:0	PREMULT:1,[PRERACE:1,Clockwork, Clockwork Assassin],[!PRERACE:1,%]	SOURCEPAGE:p.59
ALIGN:TN
RACE:Clockwork, Clockwork Assassin	!PRERACE:1,%
NAME:Clockwork, Clockwork Assassin
STAT:STR=10|DEX=10|WIS=10|CHA=10
SKILL:Climb	RANK:5
SKILL:Perception	RANK:1
ABILITY:CATEGORY=FEAT|Improved CriticalB (rapier)
ABILITY:CATEGORY=FEAT|Improved Initiative
ABILITY:CATEGORY=FEAT|Lightning Reflexes

STARTPACK:Clockwork, Clockwork Fiend Default	TYPE:Default Monster.Construct	VISIBLE:QUALIFY	EQUIPBUY:0	PREMULT:1,[PRERACE:1,Clockwork, Clockwork Fiend],[!PRERACE:1,%]	SOURCEPAGE:p.60
ALIGN:TN
RACE:Clockwork, Clockwork Fiend	!PRERACE:1,%
NAME:Clockwork, Clockwork Fiend
STAT:STR=10|DEX=10|WIS=10|CHA=10
ABILITY:CATEGORY=FEAT|Improved Initiative
ABILITY:CATEGORY=FEAT|Lightning Reflexes

STARTPACK:Clockwork, Clockwork Guardian Default	TYPE:Default Monster.Construct	VISIBLE:QUALIFY	EQUIPBUY:0	PREMULT:1,[PRERACE:1,Clockwork, Clockwork Guardian],[!PRERACE:1,%]	SOURCEPAGE:p.61
ALIGN:TN
RACE:Clockwork, Clockwork Guardian	!PRERACE:1,%
NAME:Clockwork, Clockwork Guardian
STAT:STR=10|DEX=10|WIS=10|CHA=10
ABILITY:CATEGORY=FEAT|Improved Initiative
ABILITY:CATEGORY=FEAT|Improved Shield Bash
ABILITY:CATEGORY=FEAT|Lightning Reflexes
ABILITY:CATEGORY=FEAT|Toughness

STARTPACK:Clockwork, Clockwork Hound Default	TYPE:Default Monster.Construct	VISIBLE:QUALIFY	EQUIPBUY:0	PREMULT:1,[PRERACE:1,Clockwork, Clockwork Hound],[!PRERACE:1,%]	SOURCEPAGE:p.62
ALIGN:TN
RACE:Clockwork, Clockwork Hound	!PRERACE:1,%
NAME:Clockwork, Clockwork Hound
STAT:STR=10|DEX=10|WIS=10|CHA=10
SKILL:Survival	RANK:5
ABILITY:CATEGORY=FEAT|Improved Initiative
ABILITY:CATEGORY=FEAT|Lightning Reflexes

STARTPACK:Coffin Anemone Default	TYPE:Default Monster.Vermin	VISIBLE:QUALIFY	EQUIPBUY:0	PREMULT:1,[PRERACE:1,Coffin Anemone],[!PRERACE:1,%]	SOURCEPAGE:p.248
ALIGN:TN
RACE:Coffin Anemone	!PRERACE:1,%
NAME:Coffin Anemone
STAT:STR=10|DEX=10|CON=10|WIS=10|CHA=10

STARTPACK:Combusted Default	TYPE:Default Monster.Undead	VISIBLE:QUALIFY	EQUIPBUY:0	PREMULT:1,[PRERACE:1,Combusted],[!PRERACE:1,%]	SOURCEPAGE:p.63
ALIGN:NE
RACE:Combusted	!PRERACE:1,%
NAME:Combusted
STAT:STR=10|DEX=10|INT=10|WIS=10|CHA=10

STARTPACK:Conqueror Worm Default	TYPE:Default Monster.Aberration	VISIBLE:QUALIFY	EQUIPBUY:0	PREMULT:1,[PRERACE:1,Conqueror Worm],[!PRERACE:1,%]	SOURCEPAGE:p.64
ALIGN:NE
RACE:Conqueror Worm	!PRERACE:1,%
NAME:Conqueror Worm
STAT:STR=10|DEX=10|CON=10|INT=10|WIS=10|CHA=10
SKILL:Bluff	RANK:25
SKILL:Diplomacy	RANK:25
SKILL:Intimidate	RANK:28
SKILL:Knowledge (Arcana)	RANK:25
SKILL:Knowledge (Engineering)	RANK:25
SKILL:Knowledge (Geography)	RANK:25
SKILL:Knowledge (History)	RANK:25
SKILL:Knowledge (Local)	RANK:25
SKILL:Knowledge (Nobility)	RANK:25
SKILL:Knowledge (Religion)	RANK:25
SKILL:Perception	RANK:28
SKILL:Sense Motive	RANK:25
SKILL:Spellcraft	RANK:28
SKILL:Use Magic Device	RANK:25
ABILITY:CATEGORY=FEAT|Combat Casting
ABILITY:CATEGORY=FEAT|Great Fortitude
ABILITY:CATEGORY=FEAT|Hidden Presence
ABILITY:CATEGORY=FEAT|Improved Critical (bite, slam)
ABILITY:CATEGORY=FEAT|Improved Great Fortitude
ABILITY:CATEGORY=FEAT|Improved Initiative
ABILITY:CATEGORY=FEAT|Intrusive Presence
ABILITY:CATEGORY=FEAT|Iron Will
ABILITY:CATEGORY=FEAT|Lightning Reflexes
ABILITY:CATEGORY=FEAT|Logical Spell
ABILITY:CATEGORY=FEAT|Manipulative Presence
ABILITY:CATEGORY=FEAT|Quicken Spell
ABILITY:CATEGORY=FEAT|Vital Strike

STARTPACK:Crimson Jellyfish Default	TYPE:Default Monster.Vermin	VISIBLE:QUALIFY	EQUIPBUY:0	PREMULT:1,[PRERACE:1,Crimson Jellyfish],[!PRERACE:1,%]	SOURCEPAGE:p.169
ALIGN:TN
RACE:Crimson Jellyfish	!PRERACE:1,%
NAME:Crimson Jellyfish
STAT:STR=10|DEX=10|CON=10|WIS=10|CHA=10
SKILL:Swim	RANK:5

STARTPACK:Crypt Flower Default	TYPE:Default Monster.Plant	VISIBLE:QUALIFY	EQUIPBUY:0	PREMULT:1,[PRERACE:1,Crypt Flower],[!PRERACE:1,%]	SOURCEPAGE:p.67
ALIGN:TN
RACE:Crypt Flower	!PRERACE:1,%
NAME:Crypt Flower
STAT:STR=10|DEX=10|CON=10|WIS=10|CHA=10

STARTPACK:Cryptguard Default	TYPE:Default Monster.Construct	VISIBLE:QUALIFY	EQUIPBUY:0	PREMULT:1,[PRERACE:1,Cryptguard],[!PRERACE:1,%]	SOURCEPAGE:p.68
ALIGN:TN
RACE:Cryptguard	!PRERACE:1,%
NAME:Cryptguard
STAT:STR=10|DEX=10|WIS=10|CHA=10
SKILL:Perception	RANK:1
SKILL:Stealth	RANK:1
ABILITY:CATEGORY=FEAT|Toughness

STARTPACK:Cutlass Spider Default	TYPE:Default Monster.Construct	VISIBLE:QUALIFY	EQUIPBUY:0	PREMULT:1,[PRERACE:1,Cutlass Spider],[!PRERACE:1,%]	SOURCEPAGE:p.69
ALIGN:TN
RACE:Cutlass Spider	!PRERACE:1,%
NAME:Cutlass Spider
STAT:STR=10|DEX=10|WIS=10|CHA=10
SKILL:Climb	RANK:8
SKILL:Perception	RANK:6
SKILL:Stealth	RANK:7
ABILITY:CATEGORY=FEAT|Improved Disarm
ABILITY:CATEGORY=FEAT|Power Attack

STARTPACK:Daemon, Erodaemon Default	TYPE:Default Monster.Outsider	VISIBLE:QUALIFY	EQUIPBUY:0	PREMULT:1,[PRERACE:1,Daemon, Erodaemon],[!PRERACE:1,%]	SOURCEPAGE:p.70
ALIGN:NE
RACE:Daemon, Erodaemon	!PRERACE:1,%
NAME:Daemon, Erodaemon
STAT:STR=10|DEX=10|CON=10|INT=10|WIS=10|CHA=10
SKILL:Bluff	RANK:14
SKILL:Diplomacy	RANK:14
SKILL:Disguise	RANK:14
SKILL:Intimidate	RANK:14
SKILL:Knowledge (Local)	RANK:14
SKILL:Knowledge (Planes)	RANK:14
SKILL:Perception	RANK:14
SKILL:Sense Motive	RANK:14
SKILL:Sleight of Hand	RANK:14
SKILL:Stealth	RANK:14
ABILITY:CATEGORY=FEAT|Agile Maneuvers
ABILITY:CATEGORY=FEAT|Deceitful
ABILITY:CATEGORY=FEAT|Dodge
ABILITY:CATEGORY=FEAT|Improved Initiative
ABILITY:CATEGORY=FEAT|Quicken Spell-Like Ability (crushing despair)
ABILITY:CATEGORY=FEAT|Skill Focus (Bluff)
ABILITY:CATEGORY=FEAT|Weapon Finesse

STARTPACK:Daemon, Lacridaemon Default	TYPE:Default Monster.Outsider	VISIBLE:QUALIFY	EQUIPBUY:0	PREMULT:1,[PRERACE:1,Daemon, Lacridaemon],[!PRERACE:1,%]	SOURCEPAGE:p.71
ALIGN:NE
RACE:Daemon, Lacridaemon	!PRERACE:1,%
NAME:Daemon, Lacridaemon
STAT:STR=10|DEX=10|CON=10|INT=10|WIS=10|CHA=10
SKILL:Acrobatics	RANK:4
SKILL:Bluff	RANK:4
SKILL:Climb	RANK:4
SKILL:Perception	RANK:4
SKILL:Sense Motive	RANK:4
SKILL:Stealth	RANK:4
ABILITY:CATEGORY=FEAT|Improved Initiative
ABILITY:CATEGORY=FEAT|Weapon Focus (claws)

STARTPACK:Daemon, Obcisidaemon Default	TYPE:Default Monster.Outsider	VISIBLE:QUALIFY	EQUIPBUY:0	PREMULT:1,[PRERACE:1,Daemon, Obcisidaemon],[!PRERACE:1,%]	SOURCEPAGE:p.72
ALIGN:NE
RACE:Daemon, Obcisidaemon	!PRERACE:1,%
NAME:Daemon, Obcisidaemon
STAT:STR=10|DEX=10|CON=10|INT=10|WIS=10|CHA=10
SKILL:Bluff	RANK:22
SKILL:Fly	RANK:16
SKILL:Intimidate	RANK:22
SKILL:Knowledge (History)	RANK:11
SKILL:Knowledge (Planes)	RANK:11
SKILL:Perception	RANK:22
SKILL:Sense Motive	RANK:22
SKILL:Spellcraft	RANK:22
ABILITY:CATEGORY=FEAT|Bleeding Critical
ABILITY:CATEGORY=FEAT|Cleave
ABILITY:CATEGORY=FEAT|Critical Focus
ABILITY:CATEGORY=FEAT|Great Cleave
ABILITY:CATEGORY=FEAT|Greater Vital Strike
ABILITY:CATEGORY=FEAT|Improved Vital Strike
ABILITY:CATEGORY=FEAT|Power Attack
ABILITY:CATEGORY=FEAT|Quicken Spell-Like Ability (spell turning)
ABILITY:CATEGORY=FEAT|Staggering Critical
ABILITY:CATEGORY=FEAT|Vital Strike
ABILITY:CATEGORY=FEAT|Weapon Focus (halberd)

STARTPACK:Daemon, Phasmadaemon Default	TYPE:Default Monster.Outsider	VISIBLE:QUALIFY	EQUIPBUY:0	PREMULT:1,[PRERACE:1,Daemon, Phasmadaemon],[!PRERACE:1,%]	SOURCEPAGE:p.74
ALIGN:NE
RACE:Daemon, Phasmadaemon	!PRERACE:1,%
NAME:Daemon, Phasmadaemon
STAT:STR=10|DEX=10|CON=10|INT=10|WIS=10|CHA=10
SKILL:Bluff	RANK:23
SKILL:Disguise	RANK:23
SKILL:Escape Artist	RANK:20
SKILL:Fly	RANK:23
SKILL:Intimidate	RANK:23
SKILL:Knowledge (Planes)	RANK:23
SKILL:Perception	RANK:23
SKILL:Sense Motive	RANK:23
SKILL:Spellcraft	RANK:23
SKILL:Stealth	RANK:19
ABILITY:CATEGORY=FEAT|Combat Casting
ABILITY:CATEGORY=FEAT|Deceitful
ABILITY:CATEGORY=FEAT|Dodge
ABILITY:CATEGORY=FEAT|Greater Spell Penetration
ABILITY:CATEGORY=FEAT|Improved Critical (bite)
ABILITY:CATEGORY=FEAT|Improved Initiative
ABILITY:CATEGORY=FEAT|Intimidating Prowess
ABILITY:CATEGORY=FEAT|Iron Will
ABILITY:CATEGORY=FEAT|Power Attack
ABILITY:CATEGORY=FEAT|Quicken Spell-Like Ability (greater shadow conjuration)
ABILITY:CATEGORY=FEAT|Spell Penetration
ABILITY:CATEGORY=FEAT|Vital Strike

STARTPACK:Daemon, Sangudaemon Default	TYPE:Default Monster.Outsider	VISIBLE:QUALIFY	EQUIPBUY:0	PREMULT:1,[PRERACE:1,Daemon, Sangudaemon],[!PRERACE:1,%]	SOURCEPAGE:p.75
ALIGN:NE
RACE:Daemon, Sangudaemon	!PRERACE:1,%
NAME:Daemon, Sangudaemon
STAT:STR=10|DEX=10|CON=10|INT=10|WIS=10|CHA=10
SKILL:Escape Artist	RANK:12
SKILL:Fly	RANK:12
SKILL:Intimidate	RANK:12
SKILL:Perception	RANK:12
SKILL:Sense Motive	RANK:12
SKILL:Spellcraft	RANK:12
ABILITY:CATEGORY=FEAT|Bleeding Critical
ABILITY:CATEGORY=FEAT|Combat Reflexes
ABILITY:CATEGORY=FEAT|Critical Focus
ABILITY:CATEGORY=FEAT|Dodge
ABILITY:CATEGORY=FEAT|Flyby Attack
ABILITY:CATEGORY=FEAT|Improved Initiative

STARTPACK:Daemon, Suspiridaemon Default	TYPE:Default Monster.Outsider	VISIBLE:QUALIFY	EQUIPBUY:0	PREMULT:1,[PRERACE:1,Daemon, Suspiridaemon],[!PRERACE:1,%]	SOURCEPAGE:p.76
ALIGN:NE
RACE:Daemon, Suspiridaemon	!PRERACE:1,%
NAME:Daemon, Suspiridaemon
STAT:STR=10|DEX=10|CON=10|INT=10|WIS=10|CHA=10
SKILL:Climb	RANK:8
SKILL:Diplomacy	RANK:9
SKILL:Intimidate	RANK:9
SKILL:Knowledge (Nature)	RANK:9
SKILL:Knowledge (Planes)	RANK:9
SKILL:Perception	RANK:9
SKILL:Sense Motive	RANK:9
SKILL:Stealth	RANK:9
ABILITY:CATEGORY=FEAT|Combat Reflexes
ABILITY:CATEGORY=FEAT|Dodge
ABILITY:CATEGORY=FEAT|Great Fortitude
ABILITY:CATEGORY=FEAT|Improved Critical (tongue)
ABILITY:CATEGORY=FEAT|Improved Initiative

STARTPACK:Daemon, Temerdaemon Default	TYPE:Default Monster.Outsider	VISIBLE:QUALIFY	EQUIPBUY:0	PREMULT:1,[PRERACE:1,Daemon, Temerdaemon],[!PRERACE:1,%]	SOURCEPAGE:p.77
ALIGN:NE
RACE:Daemon, Temerdaemon	!PRERACE:1,%
NAME:Daemon, Temerdaemon
STAT:STR=10|DEX=10|CON=10|INT=10|WIS=10|CHA=10
SKILL:Bluff	RANK:17
SKILL:Climb	RANK:17
SKILL:Intimidate	RANK:17
SKILL:Knowledge (Planes)	RANK:9
SKILL:Knowledge (Religion)	RANK:8
SKILL:Perception	RANK:17
SKILL:Sense Motive	RANK:17
SKILL:Stealth	RANK:11
ABILITY:CATEGORY=FEAT|Blinding Critical
ABILITY:CATEGORY=FEAT|Cleave
ABILITY:CATEGORY=FEAT|Combat Expertise
ABILITY:CATEGORY=FEAT|Critical Focus
ABILITY:CATEGORY=FEAT|Improved Initiative
ABILITY:CATEGORY=FEAT|Improved Trip
ABILITY:CATEGORY=FEAT|Lightning Reflexes
ABILITY:CATEGORY=FEAT|Power Attack
ABILITY:CATEGORY=FEAT|Weapon Focus (scythe)

STARTPACK:Daemon, Venedaemon Default	TYPE:Default Monster.Outsider	VISIBLE:QUALIFY	EQUIPBUY:0	PREMULT:1,[PRERACE:1,Daemon, Venedaemon],[!PRERACE:1,%]	SOURCEPAGE:p.78
ALIGN:NE
RACE:Daemon, Venedaemon	!PRERACE:1,%
NAME:Daemon, Venedaemon
STAT:STR=10|DEX=10|CON=10|INT=10|WIS=10|CHA=10
SKILL:Bluff	RANK:6
SKILL:Disguise	RANK:5
SKILL:Fly	RANK:6
SKILL:Intimidate	RANK:6
SKILL:Knowledge (Arcana)	RANK:6
SKILL:Knowledge (Planes)	RANK:6
SKILL:Knowledge (Religion)	RANK:3
SKILL:Perception	RANK:6
SKILL:Sense Motive	RANK:6
SKILL:Spellcraft	RANK:6
SKILL:Stealth	RANK:6
SKILL:Use Magic Device	RANK:6
ABILITY:CATEGORY=FEAT|Combat Casting
ABILITY:CATEGORY=FEAT|Eschew Materials
ABILITY:CATEGORY=FEAT|Improved Initiative
ABILITY:CATEGORY=FEAT|Magical Aptitude

STARTPACK:Daitengu Default	TYPE:Default Monster.Outsider	VISIBLE:QUALIFY	EQUIPBUY:0	PREMULT:1,[PRERACE:1,Daitengu],[!PRERACE:1,%]	SOURCEPAGE:p.79
ALIGN:TN
RACE:Daitengu	!PRERACE:1,%
NAME:Daitengu
STAT:STR=10|DEX=10|CON=10|INT=10|WIS=10|CHA=10

STARTPACK:Danthienne Default	TYPE:Default Monster.Fey	VISIBLE:QUALIFY	EQUIPBUY:0	PREMULT:1,[PRERACE:1,Danthienne],[!PRERACE:1,%]	SOURCEPAGE:p.80
ALIGN:CN
RACE:Danthienne	!PRERACE:1,%
NAME:Danthienne
STAT:STR=10|DEX=10|CON=10|INT=10|WIS=10|CHA=10
SKILL:Bluff	RANK:7
SKILL:Diplomacy	RANK:7
SKILL:Disguise	RANK:7
SKILL:Escape Artist	RANK:7
SKILL:Knowledge (Nobility)	RANK:4
SKILL:Perform (any one)	RANK:7
SKILL:Sleight of Hand	RANK:7
ABILITY:CATEGORY=FEAT|Deceitful
ABILITY:CATEGORY=FEAT|Dodge
ABILITY:CATEGORY=FEAT|Iron Will
ABILITY:CATEGORY=FEAT|Mobility

STARTPACK:Deathsnatcher Default	TYPE:Default Monster.Monstrous Humanoid	VISIBLE:QUALIFY	EQUIPBUY:0	PREMULT:1,[PRERACE:1,Deathsnatcher],[!PRERACE:1,%]	SOURCEPAGE:p.81
ALIGN:CE
RACE:Deathsnatcher	!PRERACE:1,%
NAME:Deathsnatcher
STAT:STR=10|DEX=10|CON=10|INT=10|WIS=10|CHA=10
SKILL:Fly	RANK:19
SKILL:Intimidate	RANK:19
SKILL:Knowledge (Planes)	RANK:16
SKILL:Knowledge (Religion)	RANK:16
SKILL:Perception	RANK:19
SKILL:Stealth	RANK:19
SKILL:Survival	RANK:19
ABILITY:CATEGORY=FEAT|Combat Reflexes
ABILITY:CATEGORY=FEAT|Dodge
ABILITY:CATEGORY=FEAT|Flyby Attack
ABILITY:CATEGORY=FEAT|Great Fortitude
ABILITY:CATEGORY=FEAT|Improved Critical (claw)
ABILITY:CATEGORY=FEAT|Improved Initiative
ABILITY:CATEGORY=FEAT|Iron Will
ABILITY:CATEGORY=FEAT|Mobility
ABILITY:CATEGORY=FEAT|Power Attack
ABILITY:CATEGORY=FEAT|Quicken Spell-Like Ability (death knell)

STARTPACK:Deep Walker Default	TYPE:Default Monster.Aberration	VISIBLE:QUALIFY	EQUIPBUY:0	PREMULT:1,[PRERACE:1,Deep Walker],[!PRERACE:1,%]	SOURCEPAGE:p.82
ALIGN:LE
RACE:Deep Walker	!PRERACE:1,%
NAME:Deep Walker
STAT:STR=10|DEX=10|CON=10|INT=10|WIS=10|CHA=10
SKILL:Intimidate	RANK:20
SKILL:Perception	RANK:20
SKILL:Sense Motive	RANK:17
SKILL:Stealth	RANK:14
SKILL:Swim	RANK:5
ABILITY:CATEGORY=FEAT|Combat Reflexes
ABILITY:CATEGORY=FEAT|Dodge
ABILITY:CATEGORY=FEAT|Improved Critical (claw)
ABILITY:CATEGORY=FEAT|Improved Initiative
ABILITY:CATEGORY=FEAT|Improved Vital Strike
ABILITY:CATEGORY=FEAT|Iron Will
ABILITY:CATEGORY=FEAT|Lightning Reflexes
ABILITY:CATEGORY=FEAT|Skill Focus (Stealth)
ABILITY:CATEGORY=FEAT|Vital Strike
ABILITY:CATEGORY=FEAT|Weapon Focus (claw)

STARTPACK:Demon, Brimorak Default	TYPE:Default Monster.Outsider	VISIBLE:QUALIFY	EQUIPBUY:0	PREMULT:1,[PRERACE:1,Demon, Brimorak],[!PRERACE:1,%]	SOURCEPAGE:p.83
ALIGN:CE
RACE:Demon, Brimorak	!PRERACE:1,%
NAME:Demon, Brimorak
STAT:STR=10|DEX=10|CON=10|INT=10|WIS=10|CHA=10

STARTPACK:Demon, Lilitu Default	TYPE:Default Monster.Outsider	VISIBLE:QUALIFY	EQUIPBUY:0	PREMULT:1,[PRERACE:1,Demon, Lilitu],[!PRERACE:1,%]	SOURCEPAGE:p.84
ALIGN:CE
RACE:Demon, Lilitu	!PRERACE:1,%
NAME:Demon, Lilitu
STAT:STR=10|DEX=10|CON=10|INT=10|WIS=10|CHA=10

STARTPACK:Demon, Oolioddroo Default	TYPE:Default Monster.Outsider	VISIBLE:QUALIFY	EQUIPBUY:0	PREMULT:1,[PRERACE:1,Demon, Oolioddroo],[!PRERACE:1,%]	SOURCEPAGE:p.86
ALIGN:CE
RACE:Demon, Oolioddroo	!PRERACE:1,%
NAME:Demon, Oolioddroo
STAT:STR=10|DEX=10|CON=10|INT=10|WIS=10|CHA=10

STARTPACK:Demon, Vavakia Default	TYPE:Default Monster.Outsider	VISIBLE:QUALIFY	EQUIPBUY:0	PREMULT:1,[PRERACE:1,Demon, Vavakia],[!PRERACE:1,%]	SOURCEPAGE:p.88
ALIGN:CE
RACE:Demon, Vavakia	!PRERACE:1,%
NAME:Demon, Vavakia
STAT:STR=10|DEX=10|CON=10|INT=10|WIS=10|CHA=10

STARTPACK:Demon, Vermlek Default	TYPE:Default Monster.Outsider	VISIBLE:QUALIFY	EQUIPBUY:0	PREMULT:1,[PRERACE:1,Demon, Vermlek],[!PRERACE:1,%]	SOURCEPAGE:p.90
ALIGN:CE
RACE:Demon, Vermlek	!PRERACE:1,%
NAME:Demon, Vermlek
STAT:STR=10|DEX=10|CON=10|INT=10|WIS=10|CHA=10

STARTPACK:Demon, Yaenit Default	TYPE:Default Monster.Outsider	VISIBLE:QUALIFY	EQUIPBUY:0	PREMULT:1,[PRERACE:1,Demon, Yaenit],[!PRERACE:1,%]	SOURCEPAGE:p.91
ALIGN:CE
RACE:Demon, Yaenit	!PRERACE:1,%
NAME:Demon, Yaenit
STAT:STR=10|DEX=10|CON=10|INT=10|WIS=10|CHA=10
SKILL:Acrobatics	RANK:6
SKILL:Bluff	RANK:6
SKILL:Climb	RANK:6
SKILL:Intimidate	RANK:4
SKILL:Knowledge (Planes)	RANK:6
SKILL:Perception	RANK:6
SKILL:Stealth	RANK:6
ABILITY:CATEGORY=FEAT|Cleave
ABILITY:CATEGORY=FEAT|Dodge
ABILITY:CATEGORY=FEAT|Iron Will
ABILITY:CATEGORY=FEAT|Power Attack

STARTPACK:Derro, Derro Magister Default	TYPE:Default Monster.Humanoid	VISIBLE:QUALIFY	EQUIPBUY:0	PREMULT:1,[PRERACE:1,Derro, Derro Magister],[!PRERACE:1,%]	SOURCEPAGE:p.92
ALIGN:CE
RACE:Derro, Derro Magister	!PRERACE:1,%
NAME:Derro, Derro Magister
STAT:STR=10|DEX=10|CON=10|INT=10|WIS=10|CHA=10
SKILL:Craft (alchemy)	RANK:7
SKILL:Knowledge (Arcana)	RANK:4
SKILL:Perception	RANK:4
SKILL:Spellcraft	RANK:4
SKILL:Stealth	RANK:7
ABILITY:CATEGORY=FEAT|Combat Casting
ABILITY:CATEGORY=FEAT|Great Fortitude
ABILITY:CATEGORY=FEAT|Improved Initiative
ABILITY:CATEGORY=FEAT|Weapon Finesse

STARTPACK:Dragon (Planar, Crypt), Adult Crypt Dragon Default	TYPE:Default Monster.Dragon	VISIBLE:QUALIFY	EQUIPBUY:0	PREMULT:1,[PRERACE:1,Dragon (Planar, Crypt), Adult Crypt Dragon],[!PRERACE:1,%]	SOURCEPAGE:p.98
ALIGN:TN
RACE:Dragon (Planar, Crypt), Adult Crypt Dragon	!PRERACE:1,%
NAME:Dragon (Planar, Crypt), Adult Crypt Dragon
STAT:STR=10|DEX=10|CON=10|INT=10|WIS=10|CHA=10

STARTPACK:Dragon (Planar, Crypt), Ancient Crypt Dragon Default	TYPE:Default Monster.Dragon	VISIBLE:QUALIFY	EQUIPBUY:0	PREMULT:1,[PRERACE:1,Dragon (Planar, Crypt), Ancient Crypt Dragon],[!PRERACE:1,%]	SOURCEPAGE:p.99
ALIGN:TN
RACE:Dragon (Planar, Crypt), Ancient Crypt Dragon	!PRERACE:1,%
NAME:Dragon (Planar, Crypt), Ancient Crypt Dragon
STAT:STR=10|DEX=10|CON=10|INT=10|WIS=10|CHA=10

STARTPACK:Dragon (Planar, Crypt), Young Crypt Dragon Default	TYPE:Default Monster.Dragon	VISIBLE:QUALIFY	EQUIPBUY:0	PREMULT:1,[PRERACE:1,Dragon (Planar, Crypt), Young Crypt Dragon],[!PRERACE:1,%]	SOURCEPAGE:p.98
ALIGN:TN
RACE:Dragon (Planar, Crypt), Young Crypt Dragon	!PRERACE:1,%
NAME:Dragon (Planar, Crypt), Young Crypt Dragon
STAT:STR=10|DEX=10|CON=10|INT=10|WIS=10|CHA=10

STARTPACK:Dragon (Planar, Havoc), Adult Havoc Dragon Default	TYPE:Default Monster.Dragon	VISIBLE:QUALIFY	EQUIPBUY:0	PREMULT:1,[PRERACE:1,Dragon (Planar, Havoc), Adult Havoc Dragon],[!PRERACE:1,%]	SOURCEPAGE:p.100
ALIGN:CG
RACE:Dragon (Planar, Havoc), Adult Havoc Dragon	!PRERACE:1,%
NAME:Dragon (Planar, Havoc), Adult Havoc Dragon
STAT:STR=10|DEX=10|CON=10|INT=10|WIS=10|CHA=10

STARTPACK:Dragon (Planar, Havoc), Ancient Havoc Dragon Default	TYPE:Default Monster.Dragon	VISIBLE:QUALIFY	EQUIPBUY:0	PREMULT:1,[PRERACE:1,Dragon (Planar, Havoc), Ancient Havoc Dragon],[!PRERACE:1,%]	SOURCEPAGE:p.101
ALIGN:CG
RACE:Dragon (Planar, Havoc), Ancient Havoc Dragon	!PRERACE:1,%
NAME:Dragon (Planar, Havoc), Ancient Havoc Dragon
STAT:STR=10|DEX=10|CON=10|INT=10|WIS=10|CHA=10

STARTPACK:Dragon (Planar, Havoc), Young Havoc Dragon Default	TYPE:Default Monster.Dragon	VISIBLE:QUALIFY	EQUIPBUY:0	PREMULT:1,[PRERACE:1,Dragon (Planar, Havoc), Young Havoc Dragon],[!PRERACE:1,%]	SOURCEPAGE:p.100
ALIGN:CG
RACE:Dragon (Planar, Havoc), Young Havoc Dragon	!PRERACE:1,%
NAME:Dragon (Planar, Havoc), Young Havoc Dragon
STAT:STR=10|DEX=10|CON=10|INT=10|WIS=10|CHA=10

STARTPACK:Dragon (Planar, Infernal), Adult Infernal Dragon Default	TYPE:Default Monster.Dragon	VISIBLE:QUALIFY	EQUIPBUY:0	PREMULT:1,[PRERACE:1,Dragon (Planar, Infernal), Adult Infernal Dragon],[!PRERACE:1,%]	SOURCEPAGE:p.102
ALIGN:LE
RACE:Dragon (Planar, Infernal), Adult Infernal Dragon	!PRERACE:1,%
NAME:Dragon (Planar, Infernal), Adult Infernal Dragon
STAT:STR=10|DEX=10|CON=10|INT=10|WIS=10|CHA=10

STARTPACK:Dragon (Planar, Infernal), Ancient Infernal Dragon Default	TYPE:Default Monster.Dragon	VISIBLE:QUALIFY	EQUIPBUY:0	PREMULT:1,[PRERACE:1,Dragon (Planar, Infernal), Ancient Infernal Dragon],[!PRERACE:1,%]	SOURCEPAGE:p.103
ALIGN:LE
RACE:Dragon (Planar, Infernal), Ancient Infernal Dragon	!PRERACE:1,%
NAME:Dragon (Planar, Infernal), Ancient Infernal Dragon
STAT:STR=10|DEX=10|CON=10|INT=10|WIS=10|CHA=10

STARTPACK:Dragon (Planar, Infernal), Young Infernal Dragon Default	TYPE:Default Monster.Dragon	VISIBLE:QUALIFY	EQUIPBUY:0	PREMULT:1,[PRERACE:1,Dragon (Planar, Infernal), Young Infernal Dragon],[!PRERACE:1,%]	SOURCEPAGE:p.102
ALIGN:LE
RACE:Dragon (Planar, Infernal), Young Infernal Dragon	!PRERACE:1,%
NAME:Dragon (Planar, Infernal), Young Infernal Dragon
STAT:STR=10|DEX=10|CON=10|INT=10|WIS=10|CHA=10

STARTPACK:Dragon (Planar, Paradise), Adult Paradise Dragon Default	TYPE:Default Monster.Dragon	VISIBLE:QUALIFY	EQUIPBUY:0	PREMULT:1,[PRERACE:1,Dragon (Planar, Paradise), Adult Paradise Dragon],[!PRERACE:1,%]	SOURCEPAGE:p.104
ALIGN:LG
RACE:Dragon (Planar, Paradise), Adult Paradise Dragon	!PRERACE:1,%
NAME:Dragon (Planar, Paradise), Adult Paradise Dragon
STAT:STR=10|DEX=10|CON=10|INT=10|WIS=10|CHA=10

STARTPACK:Dragon (Planar, Paradise), Ancient Paradise Dragon Default	TYPE:Default Monster.Dragon	VISIBLE:QUALIFY	EQUIPBUY:0	PREMULT:1,[PRERACE:1,Dragon (Planar, Paradise), Ancient Paradise Dragon],[!PRERACE:1,%]	SOURCEPAGE:p.105
ALIGN:LG
RACE:Dragon (Planar, Paradise), Ancient Paradise Dragon	!PRERACE:1,%
NAME:Dragon (Planar, Paradise), Ancient Paradise Dragon
STAT:STR=10|DEX=10|CON=10|INT=10|WIS=10|CHA=10

STARTPACK:Dragon (Planar, Paradise), Young Paradise Dragon Default	TYPE:Default Monster.Dragon	VISIBLE:QUALIFY	EQUIPBUY:0	PREMULT:1,[PRERACE:1,Dragon (Planar, Paradise), Young Paradise Dragon],[!PRERACE:1,%]	SOURCEPAGE:p.104
ALIGN:LG
RACE:Dragon (Planar, Paradise), Young Paradise Dragon	!PRERACE:1,%
NAME:Dragon (Planar, Paradise), Young Paradise Dragon
STAT:STR=10|DEX=10|CON=10|INT=10|WIS=10|CHA=10

STARTPACK:Dragon (Planar, Rift), Adult Rift Dragon Default	TYPE:Default Monster.Dragon	VISIBLE:QUALIFY	EQUIPBUY:0	PREMULT:1,[PRERACE:1,Dragon (Planar, Rift), Adult Rift Dragon],[!PRERACE:1,%]	SOURCEPAGE:p.106
ALIGN:CE
RACE:Dragon (Planar, Rift), Adult Rift Dragon	!PRERACE:1,%
NAME:Dragon (Planar, Rift), Adult Rift Dragon
STAT:STR=10|DEX=10|CON=10|INT=10|WIS=10|CHA=10

STARTPACK:Dragon (Planar, Rift), Ancient Rift Dragon Default	TYPE:Default Monster.Dragon	VISIBLE:QUALIFY	EQUIPBUY:0	PREMULT:1,[PRERACE:1,Dragon (Planar, Rift), Ancient Rift Dragon],[!PRERACE:1,%]	SOURCEPAGE:p.107
ALIGN:CE
RACE:Dragon (Planar, Rift), Ancient Rift Dragon	!PRERACE:1,%
NAME:Dragon (Planar, Rift), Ancient Rift Dragon
STAT:STR=10|DEX=10|CON=10|INT=10|WIS=10|CHA=10

STARTPACK:Dragon (Planar, Rift), Young Rift Dragon Default	TYPE:Default Monster.Dragon	VISIBLE:QUALIFY	EQUIPBUY:0	PREMULT:1,[PRERACE:1,Dragon (Planar, Rift), Young Rift Dragon],[!PRERACE:1,%]	SOURCEPAGE:p.106
ALIGN:CE
RACE:Dragon (Planar, Rift), Young Rift Dragon	!PRERACE:1,%
NAME:Dragon (Planar, Rift), Young Rift Dragon
STAT:STR=10|DEX=10|CON=10|INT=10|WIS=10|CHA=10

STARTPACK:Duneshaker Default	TYPE:Default Monster.Vermin	VISIBLE:QUALIFY	EQUIPBUY:0	PREMULT:1,[PRERACE:1,Duneshaker],[!PRERACE:1,%]	SOURCEPAGE:p.256
ALIGN:TN
RACE:Duneshaker	!PRERACE:1,%
NAME:Duneshaker
STAT:STR=10|DEX=10|CON=10|WIS=10|CHA=10
SKILL:Perception	RANK:5
SKILL:Stealth	RANK:1

STARTPACK:Elder Wyrm Default	TYPE:Default Monster.Dragon	VISIBLE:QUALIFY	EQUIPBUY:0	PREMULT:1,[PRERACE:1,Elder Wyrm],[!PRERACE:1,%]	SOURCEPAGE:p.108
ALIGN:TN
RACE:Elder Wyrm	!PRERACE:1,%
NAME:Elder Wyrm
STAT:STR=10|DEX=10|CON=10|INT=10|WIS=10|CHA=10
SKILL:Acrobatics	RANK:29
SKILL:Bluff	RANK:32
SKILL:Climb	RANK:5
SKILL:Diplomacy	RANK:32
SKILL:Fly	RANK:1
SKILL:Intimidate	RANK:32
SKILL:Knowledge (Arcana)	RANK:32
SKILL:Perception	RANK:32
SKILL:Sense Motive	RANK:32
SKILL:Spellcraft	RANK:32
SKILL:Swim	RANK:5
SKILL:Use Magic Device	RANK:32
ABILITY:CATEGORY=FEAT|Alertness
ABILITY:CATEGORY=FEAT|Arcane Strike
ABILITY:CATEGORY=FEAT|Combat Reflexes
ABILITY:CATEGORY=FEAT|Empower Spell
ABILITY:CATEGORY=FEAT|Flyby Attack
ABILITY:CATEGORY=FEAT|Greater Spell Penetration
ABILITY:CATEGORY=FEAT|Greater Vital Strike
ABILITY:CATEGORY=FEAT|Hover
ABILITY:CATEGORY=FEAT|Improved Critical (bite, tail slap)
ABILITY:CATEGORY=FEAT|Improved Initiative
ABILITY:CATEGORY=FEAT|Improved Vital Strike
ABILITY:CATEGORY=FEAT|Lunge
ABILITY:CATEGORY=FEAT|Power Attack
ABILITY:CATEGORY=FEAT|Quicken Spell
ABILITY:CATEGORY=FEAT|Vital Strike

STARTPACK:Empyreal Lord, Arshea Default	TYPE:Default Monster.Outsider	VISIBLE:QUALIFY	EQUIPBUY:0	PREMULT:1,[PRERACE:1,Empyreal Lord, Arshea],[!PRERACE:1,%]	SOURCEPAGE:p.110
ALIGN:NG
RACE:Empyreal Lord, Arshea	!PRERACE:1,%
NAME:Empyreal Lord, Arshea
STAT:STR=10|DEX=10|CON=10|INT=10|WIS=10|CHA=10
SKILL:Acrobatics	RANK:34
SKILL:Bluff	RANK:34
SKILL:Diplomacy	RANK:34
SKILL:Disguise	RANK:31
SKILL:Fly	RANK:34
SKILL:Heal	RANK:31
SKILL:Knowledge (Arcana)	RANK:31
SKILL:Knowledge (Local)	RANK:31
SKILL:Knowledge (Religion)	RANK:31
SKILL:Knowledge (Planes)	RANK:34
SKILL:Perception	RANK:34
SKILL:Perform (dance)	RANK:34
SKILL:Sense Motive	RANK:34
SKILL:Spellcraft	RANK:31
SKILL:Stealth	RANK:34
SKILL:Use Magic Device	RANK:34
ABILITY:CATEGORY=FEAT|Combat Expertise
ABILITY:CATEGORY=FEAT|Combat Reflexes
ABILITY:CATEGORY=FEAT|Critical Focus
ABILITY:CATEGORY=FEAT|Dodge
ABILITY:CATEGORY=FEAT|Greater Disarm
ABILITY:CATEGORY=FEAT|Greater Spell Penetration
ABILITY:CATEGORY=FEAT|Improved Critical (flail)
ABILITY:CATEGORY=FEAT|Improved Disarm
ABILITY:CATEGORY=FEAT|Improved Initiative
ABILITY:CATEGORY=FEAT|Improved Trip
ABILITY:CATEGORY=FEAT|Mobility
ABILITY:CATEGORY=FEAT|Power Attack
ABILITY:CATEGORY=FEAT|Quicken Spell-Like Ability (greater invisibility)
ABILITY:CATEGORY=FEAT|Skill Focus (Diplomacy, Perform [dance])
ABILITY:CATEGORY=FEAT|Spell Penetration
ABILITY:CATEGORY=FEAT|Staggering Critical

STARTPACK:Empyreal Lord, Black Butterfly Default	TYPE:Default Monster.Outsider	VISIBLE:QUALIFY	EQUIPBUY:0	PREMULT:1,[PRERACE:1,Empyreal Lord, Black Butterfly],[!PRERACE:1,%]	SOURCEPAGE:p.112
ALIGN:CG
RACE:Empyreal Lord, Black Butterfly	!PRERACE:1,%
NAME:Empyreal Lord, Black Butterfly
STAT:STR=10|DEX=10|CON=10|INT=10|WIS=10|CHA=10
SKILL:Acrobatics	RANK:33
SKILL:Bluff	RANK:33
SKILL:Diplomacy	RANK:30
SKILL:Fly	RANK:33
SKILL:Intimidate	RANK:30
SKILL:Knowledge (Arcana)	RANK:30
SKILL:Knowledge (Nature)	RANK:30
SKILL:Knowledge (Religion)	RANK:30
SKILL:Knowledge (Geography)	RANK:33
SKILL:Perception	RANK:33
SKILL:Sense Motive	RANK:33
SKILL:Spellcraft	RANK:33
SKILL:Stealth	RANK:33
SKILL:Use Magic Device	RANK:33
ABILITY:CATEGORY=FEAT|Alertness
ABILITY:CATEGORY=FEAT|Blinding Critical
ABILITY:CATEGORY=FEAT|Combat Expertise
ABILITY:CATEGORY=FEAT|Combat Reflexes
ABILITY:CATEGORY=FEAT|Critical Focus
ABILITY:CATEGORY=FEAT|Deadly Aim
ABILITY:CATEGORY=FEAT|Flyby Attack
ABILITY:CATEGORY=FEAT|Improved Critical (starknife)
ABILITY:CATEGORY=FEAT|Improved Initiative
ABILITY:CATEGORY=FEAT|Improved Precise Shot
ABILITY:CATEGORY=FEAT|Point-Blank Shot
ABILITY:CATEGORY=FEAT|Power Attack
ABILITY:CATEGORY=FEAT|Precise Shot
ABILITY:CATEGORY=FEAT|Quicken Spell-Like Ability (heal, wandering star motes)
ABILITY:CATEGORY=FEAT|Skill Focus (Stealth)
ABILITY:CATEGORY=FEAT|Weapon Finesse

STARTPACK:Empyreal Lord, Ragathiel Default	TYPE:Default Monster.Outsider	VISIBLE:QUALIFY	EQUIPBUY:0	PREMULT:1,[PRERACE:1,Empyreal Lord, Ragathiel],[!PRERACE:1,%]	SOURCEPAGE:p.114
ALIGN:LG
RACE:Empyreal Lord, Ragathiel	!PRERACE:1,%
NAME:Empyreal Lord, Ragathiel
STAT:STR=10|DEX=10|CON=10|INT=10|WIS=10|CHA=10
SKILL:Acrobatics	RANK:28
SKILL:Bluff	RANK:31
SKILL:Fly	RANK:31
SKILL:Intimidate	RANK:31
SKILL:Knowledge (Nobility)	RANK:28
SKILL:Knowledge (Planes)	RANK:31
SKILL:Knowledge (Religion)	RANK:31
SKILL:Perception	RANK:31
SKILL:Ride	RANK:28
SKILL:Sense Motive	RANK:31
SKILL:Stealth	RANK:23
SKILL:Survival	RANK:31
ABILITY:CATEGORY=FEAT|Combat Reflexes
ABILITY:CATEGORY=FEAT|Critical Focus
ABILITY:CATEGORY=FEAT|Dazzling Display
ABILITY:CATEGORY=FEAT|Greater Spell Penetration
ABILITY:CATEGORY=FEAT|Greater Sunder
ABILITY:CATEGORY=FEAT|Improved Critical (bastard sword)
ABILITY:CATEGORY=FEAT|Improved Initiative
ABILITY:CATEGORY=FEAT|Improved Sunder
ABILITY:CATEGORY=FEAT|Intimidating Prowess
ABILITY:CATEGORY=FEAT|Power Attack
ABILITY:CATEGORY=FEAT|Quicken Spell-Like Ability (blade barrier)
ABILITY:CATEGORY=FEAT|Shatter Defenses
ABILITY:CATEGORY=FEAT|Stand Still
ABILITY:CATEGORY=FEAT|Spell Penetration
ABILITY:CATEGORY=FEAT|Staggering Critical
ABILITY:CATEGORY=FEAT|Weapon Focus (bastard sword)

STARTPACK:Entothrope, Weremantis (Human Form) Default	TYPE:Default Monster.Humanoid	VISIBLE:QUALIFY	EQUIPBUY:0	PREMULT:1,[PRERACE:1,Entothrope, Weremantis (Human Form)],[!PRERACE:1,%]	SOURCEPAGE:p.117
ALIGN:LE
RACE:Entothrope, Weremantis (Human Form)	!PRERACE:1,%
NAME:Entothrope, Weremantis (Human Form)
STAT:STR=10|DEX=10|CON=10|INT=10|WIS=10|CHA=10
SKILL:Acrobatics	RANK:3
SKILL:Climb	RANK:3
SKILL:Perception	RANK:3
SKILL:Stealth	RANK:3
ABILITY:CATEGORY=FEAT|Combat Reflexes
ABILITY:CATEGORY=FEAT|Dodge
ABILITY:CATEGORY=FEAT|Improved Unarmed Strike
ABILITY:CATEGORY=FEAT|Stunning Fist
ABILITY:CATEGORY=FEAT|Weapon Finesse

STARTPACK:Entothrope, Weremantis (Hybrid Form) Default	TYPE:Default Monster.Humanoid	VISIBLE:QUALIFY	EQUIPBUY:0	PREMULT:1,[PRERACE:1,Entothrope, Weremantis (Hybrid Form)],[!PRERACE:1,%]	SOURCEPAGE:p.117
ALIGN:LE
RACE:Entothrope, Weremantis (Hybrid Form)	!PRERACE:1,%
NAME:Entothrope, Weremantis (Hybrid Form)
STAT:STR=10|DEX=10|CON=10|INT=10|WIS=10|CHA=10
SKILL:Acrobatics	RANK:2
SKILL:Climb	RANK:1
SKILL:Perception	RANK:2
SKILL:Stealth	RANK:2
ABILITY:CATEGORY=FEAT|Combat Reflexes
ABILITY:CATEGORY=FEAT|Dodge
ABILITY:CATEGORY=FEAT|Improved Unarmed Strike
ABILITY:CATEGORY=FEAT|Stunning Fist
ABILITY:CATEGORY=FEAT|Weapon Finesse

STARTPACK:Entothrope, Werespider (Human Form) Default	TYPE:Default Monster.Humanoid	VISIBLE:QUALIFY	EQUIPBUY:0	PREMULT:1,[PRERACE:1,Entothrope, Werespider (Human Form)],[!PRERACE:1,%]	SOURCEPAGE:p.118
ALIGN:NE
RACE:Entothrope, Werespider (Human Form)	!PRERACE:1,%
NAME:Entothrope, Werespider (Human Form)
STAT:STR=10|DEX=10|CON=10|INT=10|WIS=10|CHA=10
SKILL:Acrobatics	RANK:1
SKILL:Bluff	RANK:2
SKILL:Climb	RANK:1
SKILL:Disable Device	RANK:1
SKILL:Escape Artist	RANK:1
SKILL:Knowledge (Local)	RANK:2
SKILL:Perception	RANK:2
SKILL:Stealth	RANK:1
ABILITY:CATEGORY=FEAT|Improved Initiative
ABILITY:CATEGORY=FEAT|Iron Will

STARTPACK:Entothrope, Werespider (Hybrid Form) Default	TYPE:Default Monster.Humanoid	VISIBLE:QUALIFY	EQUIPBUY:0	PREMULT:1,[PRERACE:1,Entothrope, Werespider (Hybrid Form)],[!PRERACE:1,%]	SOURCEPAGE:p.118
ALIGN:NE
RACE:Entothrope, Werespider (Hybrid Form)	!PRERACE:1,%
NAME:Entothrope, Werespider (Hybrid Form)
STAT:STR=10|DEX=10|CON=10|INT=10|WIS=10|CHA=10
SKILL:Acrobatics	RANK:1
SKILL:Bluff	RANK:2
SKILL:Climb	RANK:1
SKILL:Disable Device	RANK:1
SKILL:Escape Artist	RANK:1
SKILL:Knowledge (Local)	RANK:2
SKILL:Perception	RANK:2
SKILL:Stealth	RANK:1
ABILITY:CATEGORY=FEAT|Improved Initiative
ABILITY:CATEGORY=FEAT|Iron Will

STARTPACK:Entothrope, Werewasp (Human Form) Default	TYPE:Default Monster.Humanoid	VISIBLE:QUALIFY	EQUIPBUY:0	PREMULT:1,[PRERACE:1,Entothrope, Werewasp (Human Form)],[!PRERACE:1,%]	SOURCEPAGE:p.119
ALIGN:CN
RACE:Entothrope, Werewasp (Human Form)	!PRERACE:1,%
NAME:Entothrope, Werewasp (Human Form)
STAT:STR=10|DEX=10|CON=10|INT=10|WIS=10|CHA=10
SKILL:Fly	RANK:1
SKILL:Knowledge (Religion)	RANK:1
SKILL:Perception	RANK:1
ABILITY:CATEGORY=FEAT|Combat Casting
ABILITY:CATEGORY=FEAT|Dodge
ABILITY:CATEGORY=FEAT|Selective Channeling

STARTPACK:Entothrope, Werewasp (Hybrid Form) Default	TYPE:Default Monster.Humanoid	VISIBLE:QUALIFY	EQUIPBUY:0	PREMULT:1,[PRERACE:1,Entothrope, Werewasp (Hybrid Form)],[!PRERACE:1,%]	SOURCEPAGE:p.119
ALIGN:CN
RACE:Entothrope, Werewasp (Hybrid Form)	!PRERACE:1,%
NAME:Entothrope, Werewasp (Hybrid Form)
STAT:STR=10|DEX=10|CON=10|INT=10|WIS=10|CHA=10
SKILL:Fly	RANK:1
SKILL:Knowledge (Religion)	RANK:1
SKILL:Perception	RANK:1
ABILITY:CATEGORY=FEAT|Combat Casting
ABILITY:CATEGORY=FEAT|Dodge
ABILITY:CATEGORY=FEAT|Selective Channeling

STARTPACK:Exiled Shade Default	TYPE:Default Monster.Undead	VISIBLE:QUALIFY	EQUIPBUY:0	PREMULT:1,[PRERACE:1,Exiled Shade],[!PRERACE:1,%]	SOURCEPAGE:p.123
ALIGN:CE
RACE:Exiled Shade	!PRERACE:1,%
NAME:Exiled Shade
STAT:DEX=10|INT=10|WIS=10|CHA=10
SKILL:Fly	RANK:8
SKILL:Perception	RANK:4
SKILL:Sense Motive	RANK:4
SKILL:Stealth	RANK:4
ABILITY:CATEGORY=FEAT|Dodge
ABILITY:CATEGORY=FEAT|Improved Initiative
ABILITY:CATEGORY=FEAT|Mobility
ABILITY:CATEGORY=FEAT|Weapon Focus (incorporeal touch)

STARTPACK:Exoskeleton, Exoskeleton Giant Cockroach Default	TYPE:Default Monster.Undead	VISIBLE:QUALIFY	EQUIPBUY:0	PREMULT:1,[PRERACE:1,Exoskeleton, Exoskeleton Giant Cockroach],[!PRERACE:1,%]	SOURCEPAGE:p.124
ALIGN:NE
RACE:Exoskeleton, Exoskeleton Giant Cockroach	!PRERACE:1,%
NAME:Exoskeleton, Exoskeleton Giant Cockroach
STAT:STR=10|DEX=10|WIS=10|CHA=10
SKILL:Climb	RANK:2
ABILITY:CATEGORY=FEAT|Toughness

STARTPACK:Exoskeleton, Exoskeleton Giant Stag Beetle Default	TYPE:Default Monster.Undead	VISIBLE:QUALIFY	EQUIPBUY:0	PREMULT:1,[PRERACE:1,Exoskeleton, Exoskeleton Giant Stag Beetle],[!PRERACE:1,%]	SOURCEPAGE:p.124
ALIGN:NE
RACE:Exoskeleton, Exoskeleton Giant Stag Beetle	!PRERACE:1,%
NAME:Exoskeleton, Exoskeleton Giant Stag Beetle
STAT:STR=10|DEX=10|WIS=10|CHA=10
ABILITY:CATEGORY=FEAT|Toughness

STARTPACK:Exoskeleton, Exoskeleton Titan Centipede Default	TYPE:Default Monster.Undead	VISIBLE:QUALIFY	EQUIPBUY:0	PREMULT:1,[PRERACE:1,Exoskeleton, Exoskeleton Titan Centipede],[!PRERACE:1,%]	SOURCEPAGE:p.124
ALIGN:NE
RACE:Exoskeleton, Exoskeleton Titan Centipede	!PRERACE:1,%
NAME:Exoskeleton, Exoskeleton Titan Centipede
STAT:STR=10|DEX=10|WIS=10|CHA=10
SKILL:Climb	RANK:5
ABILITY:CATEGORY=FEAT|Toughness

STARTPACK:Fen Mauler Default	TYPE:Default Monster.Monstrous Humanoid	VISIBLE:QUALIFY	EQUIPBUY:0	PREMULT:1,[PRERACE:1,Fen Mauler],[!PRERACE:1,%]	SOURCEPAGE:p.127
ALIGN:NE
RACE:Fen Mauler	!PRERACE:1,%
NAME:Fen Mauler
STAT:STR=10|DEX=10|CON=10|INT=10|WIS=10|CHA=10
SKILL:Intimidate	RANK:13
SKILL:Perception	RANK:11
SKILL:Stealth	RANK:4
SKILL:Survival	RANK:12
ABILITY:CATEGORY=FEAT|Dodge
ABILITY:CATEGORY=FEAT|Great Fortitude
ABILITY:CATEGORY=FEAT|Improved Initiative
ABILITY:CATEGORY=FEAT|Intimidating Prowess
ABILITY:CATEGORY=FEAT|Mobility
ABILITY:CATEGORY=FEAT|Power Attack
ABILITY:CATEGORY=FEAT|Skill Focus (Stealth)

STARTPACK:Ghole Default	TYPE:Default Monster.Monstrous Humanoid	VISIBLE:QUALIFY	EQUIPBUY:0	PREMULT:1,[PRERACE:1,Ghole],[!PRERACE:1,%]	SOURCEPAGE:p.132
ALIGN:NE
RACE:Ghole	!PRERACE:1,%
NAME:Ghole
STAT:STR=10|DEX=10|CON=10|INT=10|WIS=10|CHA=10
SKILL:Perception	RANK:16
SKILL:Sense Motive	RANK:13
SKILL:Stealth	RANK:16
SKILL:Survival	RANK:16
ABILITY:CATEGORY=FEAT|Cleave
ABILITY:CATEGORY=FEAT|Combat Reflexes
ABILITY:CATEGORY=FEAT|Great Cleave
ABILITY:CATEGORY=FEAT|Great Fortitude
ABILITY:CATEGORY=FEAT|Improved Critical (bite, claw)
ABILITY:CATEGORY=FEAT|Improved Initiative
ABILITY:CATEGORY=FEAT|Power Attack

STARTPACK:Giant Ant Spore Zombie Default	TYPE:Default Monster.Undead	VISIBLE:QUALIFY	EQUIPBUY:0	PREMULT:1,[PRERACE:1,Giant Ant Spore Zombie],[!PRERACE:1,%]	SOURCEPAGE:p.287
ALIGN:CE
RACE:Giant Ant Spore Zombie	!PRERACE:1,%
NAME:Giant Ant Spore Zombie
STAT:STR=10|DEX=10|INT=10|WIS=10|CHA=10

STARTPACK:Giant Belostomatid Default	TYPE:Default Monster.Vermin	VISIBLE:QUALIFY	EQUIPBUY:0	PREMULT:1,[PRERACE:1,Giant Belostomatid],[!PRERACE:1,%]	SOURCEPAGE:p.14
ALIGN:TN
RACE:Giant Belostomatid	!PRERACE:1,%
NAME:Giant Belostomatid
STAT:STR=10|DEX=10|CON=10|WIS=10|CHA=10

STARTPACK:Giant Starfish Default	TYPE:Default Monster.Vermin	VISIBLE:QUALIFY	EQUIPBUY:0	PREMULT:1,[PRERACE:1,Giant Starfish],[!PRERACE:1,%]	SOURCEPAGE:p.257
ALIGN:TN
RACE:Giant Starfish	!PRERACE:1,%
NAME:Giant Starfish
STAT:STR=10|DEX=10|CON=10|WIS=10|CHA=10
SKILL:Climb	RANK:5

STARTPACK:Giant Sundew Default	TYPE:Default Monster.Plant	VISIBLE:QUALIFY	EQUIPBUY:0	PREMULT:1,[PRERACE:1,Giant Sundew],[!PRERACE:1,%]	SOURCEPAGE:p.258
ALIGN:TN
RACE:Giant Sundew	!PRERACE:1,%
NAME:Giant Sundew
STAT:STR=10|DEX=10|CON=10|INT=10|WIS=10|CHA=10
SKILL:Perception	RANK:18
ABILITY:CATEGORY=FEAT|Combat Reflexes
ABILITY:CATEGORY=FEAT|Dodge
ABILITY:CATEGORY=FEAT|Improved Critical (slam)
ABILITY:CATEGORY=FEAT|Improved Initiative
ABILITY:CATEGORY=FEAT|Iron Will
ABILITY:CATEGORY=FEAT|Lightning Reflexes
ABILITY:CATEGORY=FEAT|Lunge
ABILITY:CATEGORY=FEAT|Power Attack
ABILITY:CATEGORY=FEAT|Skill Focus (Perception)

STARTPACK:Giant Tube Worm Default	TYPE:Default Monster.Vermin	VISIBLE:QUALIFY	EQUIPBUY:0	PREMULT:1,[PRERACE:1,Giant Tube Worm],[!PRERACE:1,%]	SOURCEPAGE:p.249
ALIGN:TN
RACE:Giant Tube Worm	!PRERACE:1,%
NAME:Giant Tube Worm
STAT:STR=10|DEX=10|CON=10|WIS=10|CHA=10
SKILL:Swim	RANK:3

STARTPACK:Giant, Mountain Giant Default	TYPE:Default Monster.Humanoid	VISIBLE:QUALIFY	EQUIPBUY:0	PREMULT:1,[PRERACE:1,Giant, Mountain Giant],[!PRERACE:1,%]	SOURCEPAGE:p.133
ALIGN:CE
RACE:Giant, Mountain Giant	!PRERACE:1,%
NAME:Giant, Mountain Giant
STAT:STR=10|DEX=10|CON=10|INT=10|WIS=10|CHA=10
SKILL:Perception	RANK:1
SKILL:Stealth	RANK:1
ABILITY:CATEGORY=FEAT|Cleave
ABILITY:CATEGORY=FEAT|Great Fortitude
ABILITY:CATEGORY=FEAT|Improved Initiative
ABILITY:CATEGORY=FEAT|Power Attack
ABILITY:CATEGORY=FEAT|Skill Focus (Stealth)
ABILITY:CATEGORY=FEAT|Vital Strike
ABILITY:CATEGORY=FEAT|Weapon Focus (bite)

STARTPACK:Giant, Plague Giant Default	TYPE:Default Monster.Humanoid	VISIBLE:QUALIFY	EQUIPBUY:0	PREMULT:1,[PRERACE:1,Giant, Plague Giant],[!PRERACE:1,%]	SOURCEPAGE:p.134
ALIGN:NE
RACE:Giant, Plague Giant	!PRERACE:1,%
NAME:Giant, Plague Giant
STAT:STR=10|DEX=10|CON=10|INT=10|WIS=10|CHA=10
SKILL:Perception	RANK:2
SKILL:Stealth	RANK:1
ABILITY:CATEGORY=FEAT|Cleave
ABILITY:CATEGORY=FEAT|Great Fortitude
ABILITY:CATEGORY=FEAT|Improved Initiative
ABILITY:CATEGORY=FEAT|Power Attack
ABILITY:CATEGORY=FEAT|Skill Focus (Stealth)
ABILITY:CATEGORY=FEAT|Vital Strike
ABILITY:CATEGORY=FEAT|Weapon Focus (bite)

STARTPACK:Gluttongrass Default	TYPE:Default Monster.Plant	VISIBLE:QUALIFY	EQUIPBUY:0	PREMULT:1,[PRERACE:1,Gluttongrass],[!PRERACE:1,%]	SOURCEPAGE:p.137
ALIGN:TN
RACE:Gluttongrass	!PRERACE:1,%
NAME:Gluttongrass
STAT:STR=10|DEX=10|CON=10|WIS=10|CHA=10
SKILL:Stealth	RANK:1

STARTPACK:Goezspall Default	TYPE:Default Monster.Magical Beast	VISIBLE:QUALIFY	EQUIPBUY:0	PREMULT:1,[PRERACE:1,Goezspall],[!PRERACE:1,%]	SOURCEPAGE:p.139
ALIGN:TN
RACE:Goezspall	!PRERACE:1,%
NAME:Goezspall
STAT:STR=10|DEX=10|CON=10|INT=10|WIS=10|CHA=10
SKILL:Climb	RANK:9
SKILL:Perception	RANK:7
SKILL:Stealth	RANK:3
SKILL:Swim	RANK:9
ABILITY:CATEGORY=FEAT|Combat Reflexes
ABILITY:CATEGORY=FEAT|Diehard
ABILITY:CATEGORY=FEAT|Dodge
ABILITY:CATEGORY=FEAT|Endurance
ABILITY:CATEGORY=FEAT|Lunge
ABILITY:CATEGORY=FEAT|Mobility
ABILITY:CATEGORY=FEAT|Power Attack
ABILITY:CATEGORY=FEAT|Vital Strike

STARTPACK:Golem, Gold Golem Default	TYPE:Default Monster.Construct	VISIBLE:QUALIFY	EQUIPBUY:0	PREMULT:1,[PRERACE:1,Golem, Gold Golem],[!PRERACE:1,%]	SOURCEPAGE:p.140
ALIGN:TN
RACE:Golem, Gold Golem	!PRERACE:1,%
NAME:Golem, Gold Golem
STAT:STR=10|DEX=10|WIS=10|CHA=10

STARTPACK:Golem, Obsidian Golem Default	TYPE:Default Monster.Construct	VISIBLE:QUALIFY	EQUIPBUY:0	PREMULT:1,[PRERACE:1,Golem, Obsidian Golem],[!PRERACE:1,%]	SOURCEPAGE:p.141
ALIGN:TN
RACE:Golem, Obsidian Golem	!PRERACE:1,%
NAME:Golem, Obsidian Golem
STAT:STR=10|DEX=10|WIS=10|CHA=10

STARTPACK:Golem, Quintessence Golem Default	TYPE:Default Monster.Construct	VISIBLE:QUALIFY	EQUIPBUY:0	PREMULT:1,[PRERACE:1,Golem, Quintessence Golem],[!PRERACE:1,%]	SOURCEPAGE:p.142
ALIGN:TN
RACE:Golem, Quintessence Golem	!PRERACE:1,%
NAME:Golem, Quintessence Golem
STAT:STR=10|DEX=10|WIS=10|CHA=10

STARTPACK:Golem, Viridium Golem Default	TYPE:Default Monster.Construct	VISIBLE:QUALIFY	EQUIPBUY:0	PREMULT:1,[PRERACE:1,Golem, Viridium Golem],[!PRERACE:1,%]	SOURCEPAGE:p.143
ALIGN:TN
RACE:Golem, Viridium Golem	!PRERACE:1,%
NAME:Golem, Viridium Golem
STAT:STR=10|DEX=10|WIS=10|CHA=10

STARTPACK:Gowrow Default	TYPE:Default Monster.Dragon	VISIBLE:QUALIFY	EQUIPBUY:0	PREMULT:1,[PRERACE:1,Gowrow],[!PRERACE:1,%]	SOURCEPAGE:p.144
ALIGN:TN
RACE:Gowrow	!PRERACE:1,%
NAME:Gowrow
STAT:STR=10|DEX=10|CON=10|INT=10|WIS=10|CHA=10
SKILL:Fly	RANK:1
SKILL:Intimidate	RANK:7
SKILL:Perception	RANK:7
SKILL:Survival	RANK:7
SKILL:Swim	RANK:7
ABILITY:CATEGORY=FEAT|Combat Reflexes
ABILITY:CATEGORY=FEAT|Improved Initiative
ABILITY:CATEGORY=FEAT|Iron Will
ABILITY:CATEGORY=FEAT|Power Attack

STARTPACK:Gravesludge Default	TYPE:Default Monster.Ooze	VISIBLE:QUALIFY	EQUIPBUY:0	PREMULT:1,[PRERACE:1,Gravesludge],[!PRERACE:1,%]	SOURCEPAGE:p.145
ALIGN:NE
RACE:Gravesludge	!PRERACE:1,%
NAME:Gravesludge
STAT:STR=10|DEX=10|CON=10|INT=10|WIS=10|CHA=10
SKILL:Climb	RANK:11
SKILL:Knowledge (Religion)	RANK:11
SKILL:Perception	RANK:11
SKILL:Stealth	RANK:11
ABILITY:CATEGORY=FEAT|Combat Casting
ABILITY:CATEGORY=FEAT|Combat Reflexes
ABILITY:CATEGORY=FEAT|Improved Critical (slam)
ABILITY:CATEGORY=FEAT|Improved Initiative
ABILITY:CATEGORY=FEAT|Iron Will
ABILITY:CATEGORY=FEAT|Power Attack
ABILITY:CATEGORY=FEAT|Quicken Spell-Like Ability (death knell)

STARTPACK:Great Old One, Rhan-Tegoth Default	TYPE:Default Monster.Aberration	VISIBLE:QUALIFY	EQUIPBUY:0	PREMULT:1,[PRERACE:1,Great Old One, Rhan-Tegoth],[!PRERACE:1,%]	SOURCEPAGE:p.146
ALIGN:CE
RACE:Great Old One, Rhan-Tegoth	!PRERACE:1,%
NAME:Great Old One, Rhan-Tegoth
STAT:STR=10|DEX=10|CON=10|INT=10|WIS=10|CHA=10
SKILL:Acrobatics	RANK:33
SKILL:Knowledge (Arcana)	RANK:30
SKILL:Knowledge (Dungeoneering)	RANK:30
SKILL:Knowledge (Geography)	RANK:30
SKILL:Knowledge (History)	RANK:30
SKILL:Knowledge (Nature)	RANK:30
SKILL:Knowledge (Religion)	RANK:30
SKILL:Perception	RANK:33
SKILL:Sense Motive	RANK:30
SKILL:Spellcraft	RANK:33
SKILL:Stealth	RANK:29
SKILL:Swim	RANK:33
SKILL:Use Magic Device	RANK:30
ABILITY:CATEGORY=FEAT|Bleeding Critical
ABILITY:CATEGORY=FEAT|Combat Reflexes
ABILITY:CATEGORY=FEAT|Critical Focus
ABILITY:CATEGORY=FEAT|Dodge
ABILITY:CATEGORY=FEAT|Great Fortitude
ABILITY:CATEGORY=FEAT|Greater Vital Strike
ABILITY:CATEGORY=FEAT|Improved Critical (bite, claw)
ABILITY:CATEGORY=FEAT|Improved Initiative
ABILITY:CATEGORY=FEAT|Improved Vital Strike
ABILITY:CATEGORY=FEAT|Iron Will
ABILITY:CATEGORY=FEAT|Lightning Reflexes
ABILITY:CATEGORY=FEAT|Mobility
ABILITY:CATEGORY=FEAT|Power Attack
ABILITY:CATEGORY=FEAT|Quicken Spell-Like Ability (feeblemind, flesh to stone)
ABILITY:CATEGORY=FEAT|Vital Strike

STARTPACK:Great Old One, Tawil At'umr Default	TYPE:Default Monster.Outsider	VISIBLE:QUALIFY	EQUIPBUY:0	PREMULT:1,[PRERACE:1,Great Old One, Tawil At'umr],[!PRERACE:1,%]	SOURCEPAGE:p.148
ALIGN:CN
RACE:Great Old One, Tawil At'umr	!PRERACE:1,%
NAME:Great Old One, Tawil At'umr
STAT:STR=10|DEX=10|CON=10|INT=10|WIS=10|CHA=10
SKILL:Acrobatics	RANK:32
SKILL:Bluff	RANK:35
SKILL:Diplomacy	RANK:32
SKILL:Disguise	RANK:32
SKILL:Fly	RANK:35
SKILL:Intimidate	RANK:32
SKILL:Knowledge (Arcana)	RANK:32
SKILL:Knowledge (Engineering)	RANK:32
SKILL:Knowledge (Geography)	RANK:32
SKILL:Knowledge (History)	RANK:32
SKILL:Knowledge (Nature)	RANK:32
SKILL:Knowledge (Religion)	RANK:32
SKILL:Knowledge (Planes)	RANK:35
SKILL:Perception	RANK:35
SKILL:Sense Motive	RANK:35
SKILL:Spellcraft	RANK:32
SKILL:Stealth	RANK:31
SKILL:Use Magic Device	RANK:32
ABILITY:CATEGORY=FEAT|Combat Expertise
ABILITY:CATEGORY=FEAT|Combat Reflexes
ABILITY:CATEGORY=FEAT|Critical Focus
ABILITY:CATEGORY=FEAT|Dodge
ABILITY:CATEGORY=FEAT|Flyby Attack
ABILITY:CATEGORY=FEAT|Greater Disarm
ABILITY:CATEGORY=FEAT|Greater Sunder
ABILITY:CATEGORY=FEAT|Improved Critical (tentacle)
ABILITY:CATEGORY=FEAT|Improved Disarm
ABILITY:CATEGORY=FEAT|Improved Initiative
ABILITY:CATEGORY=FEAT|Improved Sunder
ABILITY:CATEGORY=FEAT|Mobility
ABILITY:CATEGORY=FEAT|Multiattack
ABILITY:CATEGORY=FEAT|Power Attack
ABILITY:CATEGORY=FEAT|Quicken Spell-Like Ability (disintegrate, feeblemind, mislead)
ABILITY:CATEGORY=FEAT|Staggering Critical

STARTPACK:Great Old One, Yig Default	TYPE:Default Monster.Monstrous Humanoid	VISIBLE:QUALIFY	EQUIPBUY:0	PREMULT:1,[PRERACE:1,Great Old One, Yig],[!PRERACE:1,%]	SOURCEPAGE:p.150
ALIGN:CN
RACE:Great Old One, Yig	!PRERACE:1,%
NAME:Great Old One, Yig
STAT:STR=10|DEX=10|CON=10|INT=10|WIS=10|CHA=10
SKILL:Acrobatics	RANK:28
SKILL:Climb	RANK:31
SKILL:Handle Animal	RANK:28
SKILL:Heal	RANK:28
SKILL:Intimidate	RANK:31
SKILL:Knowledge (Nature)	RANK:28
SKILL:Knowledge (Religion)	RANK:28
SKILL:Perception	RANK:31
SKILL:Sense Motive	RANK:28
SKILL:Spellcraft	RANK:28
SKILL:Stealth	RANK:27
SKILL:Survival	RANK:31
SKILL:Swim	RANK:31
SKILL:Use Magic Device	RANK:28
ABILITY:CATEGORY=FEAT|Bleeding Critical
ABILITY:CATEGORY=FEAT|Combat Reflexes
ABILITY:CATEGORY=FEAT|Critical Focus
ABILITY:CATEGORY=FEAT|Great Fortitude
ABILITY:CATEGORY=FEAT|Greater Sunder
ABILITY:CATEGORY=FEAT|Greater Vital Strike
ABILITY:CATEGORY=FEAT|Improved Critical (bite, claw, tail slap)
ABILITY:CATEGORY=FEAT|Improved Initiative
ABILITY:CATEGORY=FEAT|Improved Sunder
ABILITY:CATEGORY=FEAT|Improved Vital Strike
ABILITY:CATEGORY=FEAT|Power Attack
ABILITY:CATEGORY=FEAT|Quicken Spell-Like Ability (feeblemind, poison)
ABILITY:CATEGORY=FEAT|Vital Strike

STARTPACK:Green Man Default	TYPE:Default Monster.Plant	VISIBLE:QUALIFY	EQUIPBUY:0	PREMULT:1,[PRERACE:1,Green Man],[!PRERACE:1,%]	SOURCEPAGE:p.152
ALIGN:TN
RACE:Green Man	!PRERACE:1,%
NAME:Green Man
STAT:STR=10|DEX=10|CON=10|INT=10|WIS=10|CHA=10
SKILL:Acrobatics	RANK:31
SKILL:Climb	RANK:22
SKILL:Disguise	RANK:31
SKILL:Knowledge (Geography)	RANK:14
SKILL:Knowledge (History)	RANK:14
SKILL:Knowledge (Religion)	RANK:14
SKILL:Perception	RANK:1
SKILL:Sense Motive	RANK:31
SKILL:Spellcraft	RANK:31
SKILL:Stealth	RANK:34
SKILL:Survival	RANK:31
ABILITY:CATEGORY=FEAT|Combat Reflexes
ABILITY:CATEGORY=FEAT|Craft Staff
ABILITY:CATEGORY=FEAT|Craft Wondrous Item
ABILITY:CATEGORY=FEAT|Defensive Combat Training
ABILITY:CATEGORY=FEAT|Diehard
ABILITY:CATEGORY=FEAT|Dodge
ABILITY:CATEGORY=FEAT|Endurance
ABILITY:CATEGORY=FEAT|Greater Spell Penetration
ABILITY:CATEGORY=FEAT|Improved Critical (slam, vine)
ABILITY:CATEGORY=FEAT|Improved Initiative
ABILITY:CATEGORY=FEAT|Improved Sunder
ABILITY:CATEGORY=FEAT|Lightning Reflexes
ABILITY:CATEGORY=FEAT|Power Attack
ABILITY:CATEGORY=FEAT|Quicken Spell
ABILITY:CATEGORY=FEAT|Spell Penetration
ABILITY:CATEGORY=FEAT|Stand Still

STARTPACK:Hivemind Rat Swarm Default	TYPE:Default Monster.Magical Beast	VISIBLE:QUALIFY	EQUIPBUY:0	PREMULT:1,[PRERACE:1,Hivemind Rat Swarm],[!PRERACE:1,%]	SOURCEPAGE:p.156
ALIGN:TN
RACE:Hivemind Rat Swarm	!PRERACE:1,%
NAME:Hivemind Rat Swarm
STAT:STR=10|DEX=10|CON=10|INT=10|WIS=10|CHA=10
SKILL:Acrobatics	RANK:9
SKILL:Climb	RANK:9
SKILL:Knowledge (Arcana)	RANK:9
SKILL:Perception	RANK:9
SKILL:Stealth	RANK:9
SKILL:Swim	RANK:9
ABILITY:CATEGORY=FEAT|Combat Casting
ABILITY:CATEGORY=FEAT|Improved Initiative
ABILITY:CATEGORY=FEAT|Lightning Reflexes
ABILITY:CATEGORY=FEAT|Skill Focus (Perception)
ABILITY:CATEGORY=FEAT|Toughness

STARTPACK:Hookfang Worm Default	TYPE:Default Monster.Vermin	VISIBLE:QUALIFY	EQUIPBUY:0	PREMULT:1,[PRERACE:1,Hookfang Worm],[!PRERACE:1,%]	SOURCEPAGE:p.249
ALIGN:TN
RACE:Hookfang Worm	!PRERACE:1,%
NAME:Hookfang Worm
STAT:STR=10|DEX=10|CON=10|WIS=10|CHA=10
SKILL:Swim	RANK:5
ABILITY:CATEGORY=FEAT|Improved Initiative

STARTPACK:Horla Default	TYPE:Default Monster.Aberration	VISIBLE:QUALIFY	EQUIPBUY:0	PREMULT:1,[PRERACE:1,Horla],[!PRERACE:1,%]	SOURCEPAGE:p.158
ALIGN:CE
RACE:Horla	!PRERACE:1,%
NAME:Horla
STAT:STR=10|DEX=10|CON=10|INT=10|WIS=10|CHA=10
SKILL:Bluff	RANK:8
SKILL:Fly	RANK:11
SKILL:Perception	RANK:11
SKILL:Sense Motive	RANK:8
SKILL:Use Magic Device	RANK:8
ABILITY:CATEGORY=FEAT|Agile Maneuvers
ABILITY:CATEGORY=FEAT|Combat Expertise
ABILITY:CATEGORY=FEAT|Improved Disarm
ABILITY:CATEGORY=FEAT|Improved Initiative
ABILITY:CATEGORY=FEAT|Weapon Finesse
ABILITY:CATEGORY=FEAT|Weapon Focus (tentacle)

STARTPACK:Horsemen of the Apocalypse, Apollyon Default	TYPE:Default Monster.Outsider	VISIBLE:QUALIFY	EQUIPBUY:0	PREMULT:1,[PRERACE:1,Horsemen of the Apocalypse, Apollyon],[!PRERACE:1,%]	SOURCEPAGE:p.160
ALIGN:NE
RACE:Horsemen of the Apocalypse, Apollyon	!PRERACE:1,%
NAME:Horsemen of the Apocalypse, Apollyon
STAT:STR=10|DEX=10|CON=10|INT=10|WIS=10|CHA=10
SKILL:Acrobatics	RANK:32
SKILL:Bluff	RANK:35
SKILL:Diplomacy	RANK:32
SKILL:Fly	RANK:35
SKILL:Intimidate	RANK:35
SKILL:Knowledge (Arcana)	RANK:32
SKILL:Knowledge (Engineering)	RANK:32
SKILL:Knowledge (History)	RANK:32
SKILL:Knowledge (Religion)	RANK:32
SKILL:Knowledge (Planes)	RANK:35
SKILL:Perception	RANK:35
SKILL:Ride	RANK:35
SKILL:Sense Motive	RANK:35
SKILL:Spellcraft	RANK:35
SKILL:Stealth	RANK:35
SKILL:Use Magic Device	RANK:35
ABILITY:CATEGORY=FEAT|Combat Expertise
ABILITY:CATEGORY=FEAT|Combat Reflexes
ABILITY:CATEGORY=FEAT|Critical Focus
ABILITY:CATEGORY=FEAT|Deadly Aim
ABILITY:CATEGORY=FEAT|Dodge
ABILITY:CATEGORY=FEAT|Flyby Attack
ABILITY:CATEGORY=FEAT|Improved Critical (scythe)
ABILITY:CATEGORY=FEAT|Improved Initiative
ABILITY:CATEGORY=FEAT|Mobility
ABILITY:CATEGORY=FEAT|Mounted Archery
ABILITY:CATEGORY=FEAT|Mounted Combat
ABILITY:CATEGORY=FEAT|Point-Blank Shot
ABILITY:CATEGORY=FEAT|Power Attack
ABILITY:CATEGORY=FEAT|Quicken Spell-Like Ability (epidemic, plague storm)
ABILITY:CATEGORY=FEAT|Ride-By Attack
ABILITY:CATEGORY=FEAT|Sickening Critical
ABILITY:CATEGORY=FEAT|Spirited Charge

STARTPACK:Horsemen of the Apocalypse, Charon Default	TYPE:Default Monster.Outsider	VISIBLE:QUALIFY	EQUIPBUY:0	PREMULT:1,[PRERACE:1,Horsemen of the Apocalypse, Charon],[!PRERACE:1,%]	SOURCEPAGE:p.162
ALIGN:NE
RACE:Horsemen of the Apocalypse, Charon	!PRERACE:1,%
NAME:Horsemen of the Apocalypse, Charon
STAT:STR=10|DEX=10|CON=10|INT=10|WIS=10|CHA=10
SKILL:Appraise	RANK:25
SKILL:Bluff	RANK:35
SKILL:Diplomacy	RANK:36
SKILL:Escape Artist	RANK:26
SKILL:Intimidate	RANK:30
SKILL:Knowledge (Arcana)	RANK:25
SKILL:Knowledge (History)	RANK:25
SKILL:Knowledge (Local)	RANK:28
SKILL:Knowledge (Planes)	RANK:28
SKILL:Perception	RANK:33
SKILL:Sense Motive	RANK:33
SKILL:Spellcraft	RANK:28
SKILL:Stealth	RANK:29
SKILL:Survival	RANK:29
ABILITY:CATEGORY=FEAT|Alertness
ABILITY:CATEGORY=FEAT|Blind-Fight
ABILITY:CATEGORY=FEAT|Combat Reflexes
ABILITY:CATEGORY=FEAT|Combat Expertise
ABILITY:CATEGORY=FEAT|Great Fortitude
ABILITY:CATEGORY=FEAT|Improved Critical (quarterstaff)
ABILITY:CATEGORY=FEAT|Improved Initiative
ABILITY:CATEGORY=FEAT|Improved Sunder
ABILITY:CATEGORY=FEAT|Iron Will
ABILITY:CATEGORY=FEAT|Lightning Reflexes
ABILITY:CATEGORY=FEAT|Persuasive
ABILITY:CATEGORY=FEAT|Power Attack
ABILITY:CATEGORY=FEAT|Quicken Spell-Like Ability (suggestion)
ABILITY:CATEGORY=FEAT|Skill Focus (Bluff)
ABILITY:CATEGORY=FEAT|Skill Focus (Diplomacy)
ABILITY:CATEGORY=FEAT|Weapon Focus (quarterstaff)

STARTPACK:Horsemen of the Apocalypse, Szuriel Default	TYPE:Default Monster.Outsider	VISIBLE:QUALIFY	EQUIPBUY:0	PREMULT:1,[PRERACE:1,Horsemen of the Apocalypse, Szuriel],[!PRERACE:1,%]	SOURCEPAGE:p.164
ALIGN:NE
RACE:Horsemen of the Apocalypse, Szuriel	!PRERACE:1,%
NAME:Horsemen of the Apocalypse, Szuriel
STAT:STR=10|DEX=10|CON=10|INT=10|WIS=10|CHA=10
SKILL:Acrobatics	RANK:33
SKILL:Bluff	RANK:33
SKILL:Fly	RANK:33
SKILL:Intimidate	RANK:33
SKILL:Knowledge (Arcana)	RANK:30
SKILL:Knowledge (Engineering)	RANK:30
SKILL:Knowledge (History)	RANK:30
SKILL:Knowledge (Religion)	RANK:30
SKILL:Knowledge (Planes)	RANK:33
SKILL:Perception	RANK:33
SKILL:Ride	RANK:33
SKILL:Sense Motive	RANK:33
SKILL:Spellcraft	RANK:30
SKILL:Stealth	RANK:33
SKILL:Use Magic Device	RANK:33
ABILITY:CATEGORY=FEAT|Blinding Critical
ABILITY:CATEGORY=FEAT|Combat Expertise
ABILITY:CATEGORY=FEAT|Combat Reflexes
ABILITY:CATEGORY=FEAT|Critical Focus
ABILITY:CATEGORY=FEAT|Critical Mastery
ABILITY:CATEGORY=FEAT|Flyby Attack
ABILITY:CATEGORY=FEAT|Greater Weapon Focus (greatsword)
ABILITY:CATEGORY=FEAT|Greater Weapon Specialization (greatsword)
ABILITY:CATEGORY=FEAT|Improved Critical (greatsword)
ABILITY:CATEGORY=FEAT|Improved Initiative
ABILITY:CATEGORY=FEAT|Mounted Combat
ABILITY:CATEGORY=FEAT|Quicken Spell-Like Ability (telekinesis)
ABILITY:CATEGORY=FEAT|Ride-By Attack
ABILITY:CATEGORY=FEAT|Spirited Charge
ABILITY:CATEGORY=FEAT|Staggering Critical
ABILITY:CATEGORY=FEAT|Weapon Focus (greatsword)
ABILITY:CATEGORY=FEAT|Weapon Specialization (greatsword)

STARTPACK:Horsemen of the Apocalypse, Trelmarixian Default	TYPE:Default Monster.Outsider	VISIBLE:QUALIFY	EQUIPBUY:0	PREMULT:1,[PRERACE:1,Horsemen of the Apocalypse, Trelmarixian],[!PRERACE:1,%]	SOURCEPAGE:p.166
ALIGN:NE
RACE:Horsemen of the Apocalypse, Trelmarixian	!PRERACE:1,%
NAME:Horsemen of the Apocalypse, Trelmarixian
STAT:STR=10|DEX=10|CON=10|INT=10|WIS=10|CHA=10

STARTPACK:Hupia Default	TYPE:Default Monster.Undead	VISIBLE:QUALIFY	EQUIPBUY:0	PREMULT:1,[PRERACE:1,Hupia],[!PRERACE:1,%]	SOURCEPAGE:p.168
ALIGN:NE
RACE:Hupia	!PRERACE:1,%
NAME:Hupia
STAT:STR=10|DEX=10|INT=10|WIS=10|CHA=10
SKILL:Disguise	RANK:9
SKILL:Fly	RANK:9
SKILL:Perception	RANK:9
SKILL:Stealth	RANK:9
ABILITY:CATEGORY=FEAT|Combat Reflexes
ABILITY:CATEGORY=FEAT|Dodge
ABILITY:CATEGORY=FEAT|Improved Initiative
ABILITY:CATEGORY=FEAT|Iron Will
ABILITY:CATEGORY=FEAT|Mobility

STARTPACK:Kaiju, Varklops Default	TYPE:Default Monster.Magical Beast	VISIBLE:QUALIFY	EQUIPBUY:0	PREMULT:1,[PRERACE:1,Kaiju, Varklops],[!PRERACE:1,%]	SOURCEPAGE:p.170
ALIGN:CE
RACE:Kaiju, Varklops	!PRERACE:1,%
NAME:Kaiju, Varklops
STAT:STR=10|DEX=10|CON=10|INT=10|WIS=10|CHA=10
SKILL:Fly	RANK:18
SKILL:Perception	RANK:21
ABILITY:CATEGORY=FEAT|Combat Reflexes
ABILITY:CATEGORY=FEAT|Critical Focus
ABILITY:CATEGORY=FEAT|Dodge
ABILITY:CATEGORY=FEAT|Greater Bull Rush
ABILITY:CATEGORY=FEAT|Greater Vital Strike
ABILITY:CATEGORY=FEAT|Improved Bull Rush
ABILITY:CATEGORY=FEAT|Improved Critical (bite, tail slap, wing)
ABILITY:CATEGORY=FEAT|Improved Initiative
ABILITY:CATEGORY=FEAT|Improved Iron Will
ABILITY:CATEGORY=FEAT|Improved Vital Strike
ABILITY:CATEGORY=FEAT|Iron Will
ABILITY:CATEGORY=FEAT|Lunge
ABILITY:CATEGORY=FEAT|Multiattack
ABILITY:CATEGORY=FEAT|Power Attack
ABILITY:CATEGORY=FEAT|Staggering Critical
ABILITY:CATEGORY=FEAT|Vital Strike

STARTPACK:Kaiju, Vorgozen Default	TYPE:Default Monster.Ooze	VISIBLE:QUALIFY	EQUIPBUY:0	PREMULT:1,[PRERACE:1,Kaiju, Vorgozen],[!PRERACE:1,%]	SOURCEPAGE:p.172
ALIGN:CN
RACE:Kaiju, Vorgozen	!PRERACE:1,%
NAME:Kaiju, Vorgozen
STAT:STR=10|DEX=10|CON=10|INT=10|WIS=10|CHA=10
SKILL:Climb	RANK:20
SKILL:Perception	RANK:18
SKILL:Swim	RANK:23
ABILITY:CATEGORY=FEAT|Blinding Critical
ABILITY:CATEGORY=FEAT|Combat Reflexes
ABILITY:CATEGORY=FEAT|Critical Focus
ABILITY:CATEGORY=FEAT|Dodge
ABILITY:CATEGORY=FEAT|Greater Bull Rush
ABILITY:CATEGORY=FEAT|Greater Vital Strike
ABILITY:CATEGORY=FEAT|Improved Bull Rush
ABILITY:CATEGORY=FEAT|Improved Critical (tentacle)
ABILITY:CATEGORY=FEAT|Improved Initiative
ABILITY:CATEGORY=FEAT|Improved Lightning Reflexes
ABILITY:CATEGORY=FEAT|Improved Vital Strike
ABILITY:CATEGORY=FEAT|Iron Will
ABILITY:CATEGORY=FEAT|Lightning Reflexes
ABILITY:CATEGORY=FEAT|Lunge
ABILITY:CATEGORY=FEAT|Mobility
ABILITY:CATEGORY=FEAT|Power Attack
ABILITY:CATEGORY=FEAT|Vital Strike
ABILITY:CATEGORY=FEAT|Weapon Focus (tentacle)

STARTPACK:Kaiju, Yarthoon Default	TYPE:Default Monster.Magical Beast	VISIBLE:QUALIFY	EQUIPBUY:0	PREMULT:1,[PRERACE:1,Kaiju, Yarthoon],[!PRERACE:1,%]	SOURCEPAGE:p.174
ALIGN:CN
RACE:Kaiju, Yarthoon	!PRERACE:1,%
NAME:Kaiju, Yarthoon
STAT:STR=10|DEX=10|CON=10|INT=10|WIS=10|CHA=10
SKILL:Fly	RANK:20
SKILL:Perception	RANK:17
SKILL:Swim	RANK:5
ABILITY:CATEGORY=FEAT|Critical Focus
ABILITY:CATEGORY=FEAT|Dodge
ABILITY:CATEGORY=FEAT|Flyby Attack
ABILITY:CATEGORY=FEAT|Greater Overrun
ABILITY:CATEGORY=FEAT|Improved Critical (bite, slam)
ABILITY:CATEGORY=FEAT|Improved Initiative
ABILITY:CATEGORY=FEAT|Improved Iron Will
ABILITY:CATEGORY=FEAT|Improved Overrun
ABILITY:CATEGORY=FEAT|Improved Vital Strike
ABILITY:CATEGORY=FEAT|Iron Will
ABILITY:CATEGORY=FEAT|Power Attack
ABILITY:CATEGORY=FEAT|Staggering Critical
ABILITY:CATEGORY=FEAT|Vital Strike
ABILITY:CATEGORY=FEAT|Wingover

STARTPACK:Kamaitachi Default	TYPE:Default Monster.Fey	VISIBLE:QUALIFY	EQUIPBUY:0	PREMULT:1,[PRERACE:1,Kamaitachi],[!PRERACE:1,%]	SOURCEPAGE:p.176
ALIGN:CE
RACE:Kamaitachi	!PRERACE:1,%
NAME:Kamaitachi
STAT:STR=10|DEX=10|CON=10|INT=10|WIS=10|CHA=10
SKILL:Acrobatics	RANK:14
SKILL:Bluff	RANK:14
SKILL:Disable Device	RANK:11
SKILL:Fly	RANK:14
SKILL:Knowledge (Nature)	RANK:14
SKILL:Perception	RANK:14
SKILL:Sense Motive	RANK:14
SKILL:Stealth	RANK:14
ABILITY:CATEGORY=FEAT|Combat Reflexes
ABILITY:CATEGORY=FEAT|Dodge
ABILITY:CATEGORY=FEAT|Flyby Attack
ABILITY:CATEGORY=FEAT|Improved Initiative
ABILITY:CATEGORY=FEAT|Mobility
ABILITY:CATEGORY=FEAT|Weapon Finesse
ABILITY:CATEGORY=FEAT|Weapon Focus (claw)

STARTPACK:Kikituk Default	TYPE:Default Monster.Construct	VISIBLE:QUALIFY	EQUIPBUY:0	PREMULT:1,[PRERACE:1,Kikituk],[!PRERACE:1,%]	SOURCEPAGE:p.177
ALIGN:NE
RACE:Kikituk	!PRERACE:1,%
NAME:Kikituk
STAT:STR=10|DEX=10|INT=10|WIS=10|CHA=10
SKILL:Intimidate	RANK:7
SKILL:Perception	RANK:17
SKILL:Stealth	RANK:9
SKILL:Swim	RANK:15
ABILITY:CATEGORY=FEAT|Great Fortitude
ABILITY:CATEGORY=FEAT|Greater Sunder
ABILITY:CATEGORY=FEAT|Improved Initiative
ABILITY:CATEGORY=FEAT|Improved Lightning Reflexes
ABILITY:CATEGORY=FEAT|Improved Sunder
ABILITY:CATEGORY=FEAT|Lightning Reflexes
ABILITY:CATEGORY=FEAT|Power Attack
ABILITY:CATEGORY=FEAT|Quicken Spell-Like Ability (invisibility)
ABILITY:CATEGORY=FEAT|Toughness
ABILITY:CATEGORY=FEAT|Vital Strike

STARTPACK:Krampus Default	TYPE:Default Monster.Monstrous Humanoid	VISIBLE:QUALIFY	EQUIPBUY:0	PREMULT:1,[PRERACE:1,Krampus],[!PRERACE:1,%]	SOURCEPAGE:p.178
ALIGN:NE
RACE:Krampus	!PRERACE:1,%
NAME:Krampus
STAT:STR=10|DEX=10|CON=10|INT=10|WIS=10|CHA=10
SKILL:Acrobatics	RANK:21
SKILL:Intimidate	RANK:24
SKILL:Knowledge (Geography)	RANK:9
SKILL:Knowledge (Nobility)	RANK:9
SKILL:Knowledge (Local)	RANK:21
SKILL:Perception	RANK:24
SKILL:Sense Motive	RANK:21
SKILL:Stealth	RANK:20
SKILL:Survival	RANK:24
SKILL:Use Magic Device	RANK:21
ABILITY:CATEGORY=FEAT|Combat Expertise
ABILITY:CATEGORY=FEAT|Combat Reflexes
ABILITY:CATEGORY=FEAT|Dodge
ABILITY:CATEGORY=FEAT|Greater Drag
ABILITY:CATEGORY=FEAT|Greater Vital Strike
ABILITY:CATEGORY=FEAT|Improved Critical (chain)
ABILITY:CATEGORY=FEAT|Improved Drag
ABILITY:CATEGORY=FEAT|Improved Initiative
ABILITY:CATEGORY=FEAT|Improved Vital Strike
ABILITY:CATEGORY=FEAT|Mobility
ABILITY:CATEGORY=FEAT|Power Attack
ABILITY:CATEGORY=FEAT|Vital Strike

STARTPACK:Leng Hound Default	TYPE:Default Monster.Aberration	VISIBLE:QUALIFY	EQUIPBUY:0	PREMULT:1,[PRERACE:1,Leng Hound],[!PRERACE:1,%]	SOURCEPAGE:p.180
ALIGN:CE
RACE:Leng Hound	!PRERACE:1,%
NAME:Leng Hound
STAT:STR=10|DEX=10|CON=10|INT=10|WIS=10|CHA=10
SKILL:Acrobatics	RANK:13
SKILL:Disguise	RANK:10
SKILL:Fly	RANK:13
SKILL:Perception	RANK:13
SKILL:Stealth	RANK:13
SKILL:Survival	RANK:13
ABILITY:CATEGORY=FEAT|Dodge
ABILITY:CATEGORY=FEAT|Flyby Attack
ABILITY:CATEGORY=FEAT|Improved Critical (bite)
ABILITY:CATEGORY=FEAT|Improved Initiative
ABILITY:CATEGORY=FEAT|Mobility
ABILITY:CATEGORY=FEAT|Quicken Spell-Like Ability (summon swarm)
ABILITY:CATEGORY=FEAT|Vital Strike

STARTPACK:Llorona Default	TYPE:Default Monster.Undead	VISIBLE:QUALIFY	EQUIPBUY:0	PREMULT:1,[PRERACE:1,Llorona],[!PRERACE:1,%]	SOURCEPAGE:p.181
ALIGN:NE
RACE:Llorona	!PRERACE:1,%
NAME:Llorona
STAT:DEX=10|INT=10|WIS=10|CHA=10
SKILL:Fly	RANK:12
SKILL:Intimidate	RANK:12
SKILL:Perception	RANK:12
SKILL:Stealth	RANK:12
ABILITY:CATEGORY=FEAT|Dodge
ABILITY:CATEGORY=FEAT|Flyby Attack
ABILITY:CATEGORY=FEAT|Improved Initiative
ABILITY:CATEGORY=FEAT|Lightning Reflexes
ABILITY:CATEGORY=FEAT|Lunge
ABILITY:CATEGORY=FEAT|Mobility

STARTPACK:Lovelorn Default	TYPE:Default Monster.Undead	VISIBLE:QUALIFY	EQUIPBUY:0	PREMULT:1,[PRERACE:1,Lovelorn],[!PRERACE:1,%]	SOURCEPAGE:p.182
ALIGN:CE
RACE:Lovelorn	!PRERACE:1,%
NAME:Lovelorn
STAT:STR=10|DEX=10|INT=10|WIS=10|CHA=10
SKILL:Climb	RANK:5
SKILL:Perception	RANK:3
SKILL:Sense Motive	RANK:5
SKILL:Stealth	RANK:5
ABILITY:CATEGORY=FEAT|Improved Initiative
ABILITY:CATEGORY=FEAT|Lightning Reflexes
ABILITY:CATEGORY=FEAT|Skill Focus (Stealth)

STARTPACK:Mapinguari Default	TYPE:Default Monster.Magical Beast	VISIBLE:QUALIFY	EQUIPBUY:0	PREMULT:1,[PRERACE:1,Mapinguari],[!PRERACE:1,%]	SOURCEPAGE:p.183
ALIGN:TN
RACE:Mapinguari	!PRERACE:1,%
NAME:Mapinguari
STAT:STR=10|DEX=10|CON=10|INT=10|WIS=10|CHA=10
SKILL:Perception	RANK:10
SKILL:Stealth	RANK:7
ABILITY:CATEGORY=FEAT|Improved Critical (claw)
ABILITY:CATEGORY=FEAT|Improved Initiative
ABILITY:CATEGORY=FEAT|Lunge
ABILITY:CATEGORY=FEAT|Power Attack
ABILITY:CATEGORY=FEAT|Skill Focus (Perception)
ABILITY:CATEGORY=FEAT|Weapon Focus (bite)
ABILITY:CATEGORY=FEAT|Weapon Focus (claw)

STARTPACK:Mephistopheles, the Crimson Son Default	TYPE:Default Monster.Outsider	VISIBLE:QUALIFY	EQUIPBUY:0	PREMULT:1,[PRERACE:1,Mephistopheles, the Crimson Son],[!PRERACE:1,%]
ALIGN:LE
RACE:Mephistopheles, the Crimson Son	!PRERACE:1,%
NAME:Mephistopheles, the Crimson Son
STAT:STR=10|DEX=10|CON=10|INT=10|WIS=10|CHA=10
SKILL:Bluff	RANK:35
SKILL:Diplomacy	RANK:35
SKILL:Disguise	RANK:35
SKILL:Fly	RANK:35
SKILL:Intimidate	RANK:35
SKILL:Knowledge (Arcana)	RANK:32
SKILL:Knowledge (History)	RANK:32
SKILL:Knowledge (Local)	RANK:32
SKILL:Knowledge (Nobility)	RANK:32
SKILL:Knowledge (Religion)	RANK:32
SKILL:Knowledge (Planes)	RANK:35
SKILL:Linguistics	RANK:35
SKILL:Perception	RANK:35
SKILL:Sense Motive	RANK:35
SKILL:Sleight of Hand	RANK:32
SKILL:Spellcraft	RANK:32
SKILL:Stealth	RANK:31
SKILL:Use Magic Device	RANK:32
ABILITY:CATEGORY=FEAT|Combat Expertise
ABILITY:CATEGORY=FEAT|Craft Construct
ABILITY:CATEGORY=FEAT|Craft Magic Arms and Armor
ABILITY:CATEGORY=FEAT|Craft Rod
ABILITY:CATEGORY=FEAT|Craft Wondrous Item
ABILITY:CATEGORY=FEAT|Critical Focus
ABILITY:CATEGORY=FEAT|Deceitful
ABILITY:CATEGORY=FEAT|Dodge
ABILITY:CATEGORY=FEAT|Flyby Attack
ABILITY:CATEGORY=FEAT|Forge Ring
ABILITY:CATEGORY=FEAT|Improved Critical (trident, wing)
ABILITY:CATEGORY=FEAT|Improved Initiative
ABILITY:CATEGORY=FEAT|Iron Will
ABILITY:CATEGORY=FEAT|Multiattack
ABILITY:CATEGORY=FEAT|Power Attack
ABILITY:CATEGORY=FEAT|Quicken Spell-Like Ability (dominate person)
ABILITY:CATEGORY=FEAT|Staggering Critical

STARTPACK:Mire Nettle Default	TYPE:Default Monster.Plant	VISIBLE:QUALIFY	EQUIPBUY:0	PREMULT:1,[PRERACE:1,Mire Nettle],[!PRERACE:1,%]	SOURCEPAGE:p.188
ALIGN:TN
RACE:Mire Nettle	!PRERACE:1,%
NAME:Mire Nettle
STAT:STR=10|DEX=10|CON=10|WIS=10|CHA=10
SKILL:Swim	RANK:4

STARTPACK:Moldwretch Default	TYPE:Default Monster.Plant	VISIBLE:QUALIFY	EQUIPBUY:0	PREMULT:1,[PRERACE:1,Moldwretch],[!PRERACE:1,%]	SOURCEPAGE:p.191
ALIGN:TN
RACE:Moldwretch	!PRERACE:1,%
NAME:Moldwretch
STAT:STR=10|DEX=10|CON=10|INT=10|WIS=10|CHA=10
SKILL:Climb	RANK:10
SKILL:Knowledge (Dungeoneering)	RANK:7
SKILL:Perception	RANK:10
SKILL:Stealth	RANK:10
ABILITY:CATEGORY=FEAT|Improved Initiative
ABILITY:CATEGORY=FEAT|Multiattack
ABILITY:CATEGORY=FEAT|Power Attack
ABILITY:CATEGORY=FEAT|Skill Focus (Stealth)
ABILITY:CATEGORY=FEAT|Weapon Focus (tentacle)

STARTPACK:Mosslord Default	TYPE:Default Monster.Plant	VISIBLE:QUALIFY	EQUIPBUY:0	PREMULT:1,[PRERACE:1,Mosslord],[!PRERACE:1,%]	SOURCEPAGE:p.194
ALIGN:LE
RACE:Mosslord	!PRERACE:1,%
NAME:Mosslord
STAT:STR=10|DEX=10|CON=10|INT=10|WIS=10|CHA=10
SKILL:Climb	RANK:22
SKILL:Intimidate	RANK:22
SKILL:Knowledge (Arcana)	RANK:22
SKILL:Knowledge (Geography)	RANK:22
SKILL:Knowledge (Nature)	RANK:22
SKILL:Perception	RANK:25
SKILL:Sense Motive	RANK:22
SKILL:Spellcraft	RANK:22
SKILL:Stealth	RANK:21
SKILL:Survival	RANK:22
ABILITY:CATEGORY=FEAT|Combat Casting
ABILITY:CATEGORY=FEAT|Combat Reflexes
ABILITY:CATEGORY=FEAT|Critical Focus
ABILITY:CATEGORY=FEAT|Dodge
ABILITY:CATEGORY=FEAT|Greater Sunder
ABILITY:CATEGORY=FEAT|Improved Critical (claw)
ABILITY:CATEGORY=FEAT|Improved Initiative
ABILITY:CATEGORY=FEAT|Improved Sunder
ABILITY:CATEGORY=FEAT|Iron Will
ABILITY:CATEGORY=FEAT|Mobility
ABILITY:CATEGORY=FEAT|Power Attack
ABILITY:CATEGORY=FEAT|Quicken Spell-Like Ability (fungal infestation)
ABILITY:CATEGORY=FEAT|Staggering Critical

STARTPACK:Muhuru Default	TYPE:Default Monster.Magical Beast	VISIBLE:QUALIFY	EQUIPBUY:0	PREMULT:1,[PRERACE:1,Muhuru],[!PRERACE:1,%]	SOURCEPAGE:p.196
ALIGN:TN
RACE:Muhuru	!PRERACE:1,%
NAME:Muhuru
STAT:STR=10|DEX=10|CON=10|INT=10|WIS=10|CHA=10
SKILL:Perception	RANK:13
SKILL:Swim	RANK:5
ABILITY:CATEGORY=FEAT|Combat Reflexes
ABILITY:CATEGORY=FEAT|Greater Bull Rush
ABILITY:CATEGORY=FEAT|Improved Bull Rush
ABILITY:CATEGORY=FEAT|Improved Critical (bite)
ABILITY:CATEGORY=FEAT|Iron Will
ABILITY:CATEGORY=FEAT|Power Attack
ABILITY:CATEGORY=FEAT|Vital Strike

STARTPACK:Munavri Default	TYPE:Default Monster.Humanoid	VISIBLE:QUALIFY	EQUIPBUY:0	PREMULT:1,[PRERACE:1,Munavri],[!PRERACE:1,%]	SOURCEPAGE:p.197
ALIGN:CG
RACE:Munavri	!PRERACE:1,%
NAME:Munavri
STAT:STR=10|DEX=10|CON=10|INT=10|WIS=10|CHA=10
SKILL:Bluff	RANK:1
SKILL:Diplomacy	RANK:1
SKILL:Knowledge (Arcana And Dungeoneering)	RANK:1
SKILL:Perception	RANK:1
SKILL:Sense Motive	RANK:1
SKILL:Spellcraft	RANK:1
ABILITY:CATEGORY=FEAT|Intimidating Glance

STARTPACK:Naga, Dream Naga Default	TYPE:Default Monster.Aberration	VISIBLE:QUALIFY	EQUIPBUY:0	PREMULT:1,[PRERACE:1,Naga, Dream Naga],[!PRERACE:1,%]	SOURCEPAGE:p.198
ALIGN:TN
RACE:Naga, Dream Naga	!PRERACE:1,%
NAME:Naga, Dream Naga
STAT:STR=10|DEX=10|CON=10|INT=10|WIS=10|CHA=10

STARTPACK:Naga, Slime Naga Default	TYPE:Default Monster.Aberration	VISIBLE:QUALIFY	EQUIPBUY:0	PREMULT:1,[PRERACE:1,Naga, Slime Naga],[!PRERACE:1,%]	SOURCEPAGE:p.199
ALIGN:NE
RACE:Naga, Slime Naga	!PRERACE:1,%
NAME:Naga, Slime Naga
STAT:STR=10|DEX=10|CON=10|INT=10|WIS=10|CHA=10

STARTPACK:Naiad Default	TYPE:Default Monster.Fey	VISIBLE:QUALIFY	EQUIPBUY:0	PREMULT:1,[PRERACE:1,Naiad],[!PRERACE:1,%]	SOURCEPAGE:p.200
ALIGN:NG
RACE:Naiad	!PRERACE:1,%
NAME:Naiad
STAT:STR=10|DEX=10|CON=10|INT=10|WIS=10|CHA=10
SKILL:Diplomacy	RANK:1
SKILL:Handle Animal	RANK:1
SKILL:Knowledge (Nature)	RANK:1
SKILL:Perception	RANK:1
SKILL:Perform (wind instruments)	RANK:1
SKILL:Sense Motive	RANK:1
SKILL:Stealth	RANK:1
SKILL:Swim	RANK:1
ABILITY:CATEGORY=FEAT|Combat Casting

STARTPACK:Nekomata Default	TYPE:Default Monster.Magical Beast	VISIBLE:QUALIFY	EQUIPBUY:0	PREMULT:1,[PRERACE:1,Nekomata],[!PRERACE:1,%]	SOURCEPAGE:p.201
ALIGN:NE
RACE:Nekomata	!PRERACE:1,%
NAME:Nekomata
STAT:STR=10|DEX=10|CON=10|INT=10|WIS=10|CHA=10
SKILL:Acrobatics	RANK:8
SKILL:Bluff	RANK:5
SKILL:Disguise	RANK:5
SKILL:Knowledge (Religion)	RANK:5
SKILL:Perception	RANK:8
SKILL:Stealth	RANK:8
ABILITY:CATEGORY=FEAT|Combat Casting
ABILITY:CATEGORY=FEAT|Combat Expertise
ABILITY:CATEGORY=FEAT|Improved Initiative
ABILITY:CATEGORY=FEAT|Iron Will

STARTPACK:Oblivion Default	TYPE:Default Monster.Ooze	VISIBLE:QUALIFY	EQUIPBUY:0	PREMULT:1,[PRERACE:1,Oblivion],[!PRERACE:1,%]	SOURCEPAGE:p.202
ALIGN:NE
RACE:Oblivion	!PRERACE:1,%
NAME:Oblivion
STAT:STR=10|DEX=10|CON=10|INT=10|WIS=10|CHA=10
SKILL:Fly	RANK:5
SKILL:Knowledge (Planes)	RANK:2
SKILL:Perception	RANK:5
SKILL:Stealth	RANK:5
ABILITY:CATEGORY=FEAT|Blinding Critical
ABILITY:CATEGORY=FEAT|Combat Reflexes
ABILITY:CATEGORY=FEAT|Critical Focus
ABILITY:CATEGORY=FEAT|Flyby Attack
ABILITY:CATEGORY=FEAT|Great Fortitude
ABILITY:CATEGORY=FEAT|Improved Critical (slam)
ABILITY:CATEGORY=FEAT|Improved Initiative
ABILITY:CATEGORY=FEAT|Improved Vital Strike
ABILITY:CATEGORY=FEAT|Iron Will
ABILITY:CATEGORY=FEAT|Lightning Reflexes
ABILITY:CATEGORY=FEAT|Power Attack
ABILITY:CATEGORY=FEAT|Quicken Spell-Like Ability (disintegrate)
ABILITY:CATEGORY=FEAT|Vital Strike

STARTPACK:Ouroboros Default	TYPE:Default Monster.Magical Beast	VISIBLE:QUALIFY	EQUIPBUY:0	PREMULT:1,[PRERACE:1,Ouroboros],[!PRERACE:1,%]	SOURCEPAGE:p.206
ALIGN:TN
RACE:Ouroboros	!PRERACE:1,%
NAME:Ouroboros
STAT:STR=10|DEX=10|CON=10|INT=10|WIS=10|CHA=10
SKILL:Fly	RANK:12
SKILL:Perception	RANK:12
ABILITY:CATEGORY=FEAT|Awesome Blow
ABILITY:CATEGORY=FEAT|Combat Reflexes
ABILITY:CATEGORY=FEAT|Critical Focus
ABILITY:CATEGORY=FEAT|Dodge
ABILITY:CATEGORY=FEAT|Flyby Attack
ABILITY:CATEGORY=FEAT|Improved Bull Rush
ABILITY:CATEGORY=FEAT|Improved Critical (bite)
ABILITY:CATEGORY=FEAT|Improved Initiative
ABILITY:CATEGORY=FEAT|Iron Will
ABILITY:CATEGORY=FEAT|Mobility
ABILITY:CATEGORY=FEAT|Power Attack
ABILITY:CATEGORY=FEAT|Staggering Critical

STARTPACK:Protean, Azuretzi Default	TYPE:Default Monster.Outsider	VISIBLE:QUALIFY	EQUIPBUY:0	PREMULT:1,[PRERACE:1,Protean, Azuretzi],[!PRERACE:1,%]	SOURCEPAGE:p.208
ALIGN:CN
RACE:Protean, Azuretzi	!PRERACE:1,%
NAME:Protean, Azuretzi
STAT:STR=10|DEX=10|CON=10|INT=10|WIS=10|CHA=10
SKILL:Acrobatics	RANK:6
SKILL:Bluff	RANK:6
SKILL:Disguise	RANK:6
SKILL:Fly	RANK:6
SKILL:Knowledge (Planes)	RANK:6
SKILL:Perception	RANK:6
SKILL:Sense Motive	RANK:6
SKILL:Stealth	RANK:6
SKILL:Survival	RANK:6
SKILL:Swim	RANK:5
ABILITY:CATEGORY=FEAT|Improved Initiative
ABILITY:CATEGORY=FEAT|Multiattack
ABILITY:CATEGORY=FEAT|Weapon Focus (bite)

STARTPACK:Protean, Hegessik Default	TYPE:Default Monster.Outsider	VISIBLE:QUALIFY	EQUIPBUY:0	PREMULT:1,[PRERACE:1,Protean, Hegessik],[!PRERACE:1,%]	SOURCEPAGE:p.209
ALIGN:CN
RACE:Protean, Hegessik	!PRERACE:1,%
NAME:Protean, Hegessik
STAT:STR=10|DEX=10|CON=10|INT=10|WIS=10|CHA=10
SKILL:Acrobatics	RANK:17
SKILL:Bluff	RANK:17
SKILL:Diplomacy	RANK:17
SKILL:Fly	RANK:15
SKILL:Knowledge (Arcana)	RANK:17
SKILL:Knowledge (Planes)	RANK:17
SKILL:Perception	RANK:17
SKILL:Sense Motive	RANK:17
SKILL:Spellcraft	RANK:17
SKILL:Swim	RANK:17
ABILITY:CATEGORY=FEAT|Combat Reflexes
ABILITY:CATEGORY=FEAT|Critical Focus
ABILITY:CATEGORY=FEAT|Improved Critical (bite)
ABILITY:CATEGORY=FEAT|Improved Initiative
ABILITY:CATEGORY=FEAT|Lightning Reflexes
ABILITY:CATEGORY=FEAT|Power Attack
ABILITY:CATEGORY=FEAT|Quickened Spell-Like Ability (displacement, mirror image)
ABILITY:CATEGORY=FEAT|Staggering Critical

STARTPACK:Protean, Izfiitar Default	TYPE:Default Monster.Outsider	VISIBLE:QUALIFY	EQUIPBUY:0	PREMULT:1,[PRERACE:1,Protean, Izfiitar],[!PRERACE:1,%]	SOURCEPAGE:p.210
ALIGN:CN
RACE:Protean, Izfiitar	!PRERACE:1,%
NAME:Protean, Izfiitar
STAT:STR=10|DEX=10|CON=10|INT=10|WIS=10|CHA=10
SKILL:Acrobatics	RANK:25
SKILL:Bluff	RANK:25
SKILL:Diplomacy	RANK:25
SKILL:Fly	RANK:25
SKILL:Knowledge (Arcana)	RANK:25
SKILL:Knowledge (Planes)	RANK:25
SKILL:Knowledge (History)	RANK:22
SKILL:Knowledge (Religion)	RANK:22
SKILL:Perception	RANK:25
SKILL:Sense Motive	RANK:25
SKILL:Spellcraft	RANK:25
SKILL:Stealth	RANK:25
SKILL:Swim	RANK:25
ABILITY:CATEGORY=FEAT|Combat Expertise
ABILITY:CATEGORY=FEAT|Combat Reflexes
ABILITY:CATEGORY=FEAT|Flyby Attack
ABILITY:CATEGORY=FEAT|Greater Vital Strike
ABILITY:CATEGORY=FEAT|Improved Critical (bite)
ABILITY:CATEGORY=FEAT|Improved Initiative
ABILITY:CATEGORY=FEAT|Improved Vital Strike
ABILITY:CATEGORY=FEAT|Multiattack
ABILITY:CATEGORY=FEAT|Power Attack
ABILITY:CATEGORY=FEAT|Quicken Spell-Like Ability (confusion, disintegrate, telekinesis)
ABILITY:CATEGORY=FEAT|Vital Strike

STARTPACK:Protean, Oshageros Default	TYPE:Default Monster.Outsider	VISIBLE:QUALIFY	EQUIPBUY:0	PREMULT:1,[PRERACE:1,Protean, Oshageros],[!PRERACE:1,%]	SOURCEPAGE:p.212
ALIGN:CN
RACE:Protean, Oshageros	!PRERACE:1,%
NAME:Protean, Oshageros
STAT:STR=10|DEX=10|CON=10|INT=10|WIS=10|CHA=10
SKILL:Acrobatics	RANK:17
SKILL:Bluff	RANK:17
SKILL:Diplomacy	RANK:17
SKILL:Fly	RANK:17
SKILL:Intimidate	RANK:17
SKILL:Knowledge (Planes)	RANK:17
SKILL:Perception	RANK:17
SKILL:Sense Motive	RANK:17
SKILL:Stealth	RANK:17
SKILL:Survival	RANK:17
SKILL:Swim	RANK:17
ABILITY:CATEGORY=FEAT|Combat Expertise
ABILITY:CATEGORY=FEAT|Combat Reflexes
ABILITY:CATEGORY=FEAT|Dodge
ABILITY:CATEGORY=FEAT|Great Fortitude
ABILITY:CATEGORY=FEAT|Improved Initiative
ABILITY:CATEGORY=FEAT|Improved Lightning Reflexes
ABILITY:CATEGORY=FEAT|Iron Will
ABILITY:CATEGORY=FEAT|Lightning Reflexes
ABILITY:CATEGORY=FEAT|Mobility

STARTPACK:Protean, Ourdivar Default	TYPE:Default Monster.Outsider	VISIBLE:QUALIFY	EQUIPBUY:0	PREMULT:1,[PRERACE:1,Protean, Ourdivar],[!PRERACE:1,%]	SOURCEPAGE:p.213
ALIGN:CN
RACE:Protean, Ourdivar	!PRERACE:1,%
NAME:Protean, Ourdivar
STAT:STR=10|DEX=10|CON=10|INT=10|WIS=10|CHA=10
SKILL:Bluff	RANK:5
SKILL:Fly	RANK:5
SKILL:Intimidate	RANK:5
SKILL:Perception	RANK:5
SKILL:Sense Motive	RANK:5
SKILL:Stealth	RANK:1
SKILL:Swim	RANK:5
ABILITY:CATEGORY=FEAT|Combat Reflexes
ABILITY:CATEGORY=FEAT|Improved Initiative
ABILITY:CATEGORY=FEAT|Power Attack

STARTPACK:Protean, Pelagastr Default	TYPE:Default Monster.Outsider	VISIBLE:QUALIFY	EQUIPBUY:0	PREMULT:1,[PRERACE:1,Protean, Pelagastr],[!PRERACE:1,%]	SOURCEPAGE:p.214
ALIGN:CN
RACE:Protean, Pelagastr	!PRERACE:1,%
NAME:Protean, Pelagastr
STAT:DEX=10|CON=10|INT=10|WIS=10|CHA=10
SKILL:Acrobatics	RANK:7
SKILL:Bluff	RANK:10
SKILL:Diplomacy	RANK:10
SKILL:Fly	RANK:10
SKILL:Knowledge (Planes)	RANK:10
SKILL:Perception	RANK:10
SKILL:Perform (sing)	RANK:10
SKILL:Sense Motive	RANK:10
SKILL:Stealth	RANK:10
SKILL:Swim	RANK:10
ABILITY:CATEGORY=FEAT|Combat Reflexes
ABILITY:CATEGORY=FEAT|Great Fortitude
ABILITY:CATEGORY=FEAT|Improved Initiative
ABILITY:CATEGORY=FEAT|Skill Focus (Bluff)
ABILITY:CATEGORY=FEAT|Weapon Focus (tail slap)

STARTPACK:Psoglav Default	TYPE:Default Monster.Monstrous Humanoid	VISIBLE:QUALIFY	EQUIPBUY:0	PREMULT:1,[PRERACE:1,Psoglav],[!PRERACE:1,%]	SOURCEPAGE:p.215
ALIGN:CE
RACE:Psoglav	!PRERACE:1,%
NAME:Psoglav
STAT:STR=10|DEX=10|CON=10|INT=10|WIS=10|CHA=10
SKILL:Acrobatics	RANK:12
SKILL:Perception	RANK:15
SKILL:Stealth	RANK:15
SKILL:Survival	RANK:15
ABILITY:CATEGORY=FEAT|Combat Reflexes
ABILITY:CATEGORY=FEAT|Dodge
ABILITY:CATEGORY=FEAT|Greater Sunder
ABILITY:CATEGORY=FEAT|Improved Critical (bite)
ABILITY:CATEGORY=FEAT|Improved Sunder
ABILITY:CATEGORY=FEAT|Mobility
ABILITY:CATEGORY=FEAT|Power Attack
ABILITY:CATEGORY=FEAT|Quicken Spell-Like Ability (blur)

STARTPACK:Psychic Stalker Default	TYPE:Default Monster.Undead	VISIBLE:QUALIFY	EQUIPBUY:0	PREMULT:1,[PRERACE:1,Psychic Stalker],[!PRERACE:1,%]	SOURCEPAGE:p.216
ALIGN:NE
RACE:Psychic Stalker	!PRERACE:1,%
NAME:Psychic Stalker
STAT:DEX=10|INT=10|WIS=10|CHA=10

STARTPACK:Psychopomp, Algea Default	TYPE:Default Monster.Outsider	VISIBLE:QUALIFY	EQUIPBUY:0	PREMULT:1,[PRERACE:1,Psychopomp, Algea],[!PRERACE:1,%]	SOURCEPAGE:p.217
ALIGN:TN
RACE:Psychopomp, Algea	!PRERACE:1,%
NAME:Psychopomp, Algea
STAT:STR=10|DEX=10|CON=10|INT=10|WIS=10|CHA=10
SKILL:Acrobatics	RANK:13
SKILL:Fly	RANK:13
SKILL:Knowledge (Planes)	RANK:13
SKILL:Knowledge (Religion)	RANK:13
SKILL:Perception	RANK:13
SKILL:Sense Motive	RANK:13
SKILL:Spellcraft	RANK:13
SKILL:Stealth	RANK:13
ABILITY:CATEGORY=FEAT|Alertness
ABILITY:CATEGORY=FEAT|Combat Casting
ABILITY:CATEGORY=FEAT|Great Fortitude
ABILITY:CATEGORY=FEAT|Improved Great Fortitude
ABILITY:CATEGORY=FEAT|Improved Initiative
ABILITY:CATEGORY=FEAT|Iron Will
ABILITY:CATEGORY=FEAT|Lightning Reflexes

STARTPACK:Psychopomp, Esobok Default	TYPE:Default Monster.Outsider	VISIBLE:QUALIFY	EQUIPBUY:0	PREMULT:1,[PRERACE:1,Psychopomp, Esobok],[!PRERACE:1,%]	SOURCEPAGE:p.218
ALIGN:TN
RACE:Psychopomp, Esobok	!PRERACE:1,%
NAME:Psychopomp, Esobok
STAT:STR=10|DEX=10|CON=10|INT=10|WIS=10|CHA=10
SKILL:Climb	RANK:3
SKILL:Intimidate	RANK:3
SKILL:Perception	RANK:1
SKILL:Stealth	RANK:3
SKILL:Survival	RANK:3
ABILITY:CATEGORY=FEAT|Combat Reflexes
ABILITY:CATEGORY=FEAT|Power Attack

STARTPACK:Psychopomp, Memitim Default	TYPE:Default Monster.Outsider	VISIBLE:QUALIFY	EQUIPBUY:0	PREMULT:1,[PRERACE:1,Psychopomp, Memitim],[!PRERACE:1,%]	SOURCEPAGE:p.219
ALIGN:TN
RACE:Psychopomp, Memitim	!PRERACE:1,%
NAME:Psychopomp, Memitim
STAT:STR=10|DEX=10|CON=10|INT=10|WIS=10|CHA=10
SKILL:Bluff	RANK:16
SKILL:Diplomacy	RANK:16
SKILL:Fly	RANK:16
SKILL:Intimidate	RANK:16
SKILL:Knowledge (Planes)	RANK:16
SKILL:Knowledge (Religion)	RANK:16
SKILL:Perception	RANK:16
SKILL:Sense Motive	RANK:16
SKILL:Stealth	RANK:16
ABILITY:CATEGORY=FEAT|Blinding Critical
ABILITY:CATEGORY=FEAT|Combat Casting
ABILITY:CATEGORY=FEAT|Critical Focus
ABILITY:CATEGORY=FEAT|Improved Critical (scythe)
ABILITY:CATEGORY=FEAT|Improved Initiative
ABILITY:CATEGORY=FEAT|Power Attack
ABILITY:CATEGORY=FEAT|Quicken Spell-Like Ability (dispel magic)
ABILITY:CATEGORY=FEAT|Weapon Focus (scythe)

STARTPACK:Psychopomp, Olethros Default	TYPE:Default Monster.Outsider	VISIBLE:QUALIFY	EQUIPBUY:0	PREMULT:1,[PRERACE:1,Psychopomp, Olethros],[!PRERACE:1,%]	SOURCEPAGE:p.220
ALIGN:TN
RACE:Psychopomp, Olethros	!PRERACE:1,%
NAME:Psychopomp, Olethros
STAT:STR=10|DEX=10|CON=10|INT=10|WIS=10|CHA=10
SKILL:Bluff	RANK:19
SKILL:Disguise	RANK:19
SKILL:Fly	RANK:19
SKILL:Intimidate	RANK:16
SKILL:Knowledge (Arcana)	RANK:19
SKILL:Knowledge (Planes)	RANK:19
SKILL:Knowledge (Religion)	RANK:19
SKILL:Knowledge (History)	RANK:16
SKILL:Perception	RANK:19
SKILL:Sense Motive	RANK:19
SKILL:Spellcraft	RANK:19
ABILITY:CATEGORY=FEAT|Deadly Aim
ABILITY:CATEGORY=FEAT|Greater Snap Shot
ABILITY:CATEGORY=FEAT|Improved Initiative
ABILITY:CATEGORY=FEAT|Improved Precise Shot
ABILITY:CATEGORY=FEAT|Improved Snap Shot
ABILITY:CATEGORY=FEAT|Point-Blank Shot
ABILITY:CATEGORY=FEAT|Precise Shot
ABILITY:CATEGORY=FEAT|Rapid Shot
ABILITY:CATEGORY=FEAT|Snap Shot
ABILITY:CATEGORY=FEAT|Weapon Focus (silkbow)

STARTPACK:Psychopomp, Shoki Default	TYPE:Default Monster.Outsider	VISIBLE:QUALIFY	EQUIPBUY:0	PREMULT:1,[PRERACE:1,Psychopomp, Shoki],[!PRERACE:1,%]	SOURCEPAGE:p.222
ALIGN:TN
RACE:Psychopomp, Shoki	!PRERACE:1,%
NAME:Psychopomp, Shoki
STAT:STR=10|DEX=10|CON=10|INT=10|WIS=10|CHA=10
SKILL:Bluff	RANK:10
SKILL:Diplomacy	RANK:10
SKILL:Intimidate	RANK:10
SKILL:Knowledge (Arcana)	RANK:10
SKILL:Knowledge (Planes)	RANK:10
SKILL:Knowledge (Religion)	RANK:7
SKILL:Perception	RANK:10
SKILL:Sense Motive	RANK:10
SKILL:Spellcraft	RANK:10
SKILL:Stealth	RANK:10
ABILITY:CATEGORY=FEAT|Alertness
ABILITY:CATEGORY=FEAT|Combat Casting
ABILITY:CATEGORY=FEAT|Dodge
ABILITY:CATEGORY=FEAT|Iron Will
ABILITY:CATEGORY=FEAT|Persuasive

STARTPACK:Psychopomp, Viduus Default	TYPE:Default Monster.Outsider	VISIBLE:QUALIFY	EQUIPBUY:0	PREMULT:1,[PRERACE:1,Psychopomp, Viduus],[!PRERACE:1,%]	SOURCEPAGE:p.223
ALIGN:TN
RACE:Psychopomp, Viduus	!PRERACE:1,%
NAME:Psychopomp, Viduus
STAT:STR=10|DEX=10|CON=10|INT=10|WIS=10|CHA=10
SKILL:Bluff	RANK:5
SKILL:Climb	RANK:5
SKILL:Diplomacy	RANK:5
SKILL:Knowledge (History)	RANK:5
SKILL:Knowledge (Planes)	RANK:5
SKILL:Knowledge (Religion)	RANK:5
SKILL:Perception	RANK:5
SKILL:Sense Motive	RANK:5
SKILL:Stealth	RANK:5
ABILITY:CATEGORY=FEAT|Alertness
ABILITY:CATEGORY=FEAT|Improved Initiative
ABILITY:CATEGORY=FEAT|Iron Will

STARTPACK:Qlippoth Lord, Chavazvug Default	TYPE:Default Monster.Outsider	VISIBLE:QUALIFY	EQUIPBUY:0	PREMULT:1,[PRERACE:1,Qlippoth Lord, Chavazvug],[!PRERACE:1,%]	SOURCEPAGE:p.232
ALIGN:CE
RACE:Qlippoth Lord, Chavazvug	!PRERACE:1,%
NAME:Qlippoth Lord, Chavazvug
STAT:STR=10|DEX=10|CON=10|INT=10|WIS=10|CHA=10
SKILL:Acrobatics	RANK:25
SKILL:Fly	RANK:25
SKILL:Intimidate	RANK:25
SKILL:Knowledge (Arcana)	RANK:22
SKILL:Knowledge (Religion)	RANK:22
SKILL:Knowledge (Planes)	RANK:25
SKILL:Perception	RANK:25
SKILL:Sense Motive	RANK:25
SKILL:Spellcraft	RANK:22
SKILL:Stealth	RANK:9
SKILL:Survival	RANK:25
SKILL:Use Magic Device	RANK:25
ABILITY:CATEGORY=FEAT|Combat Reflexes
ABILITY:CATEGORY=FEAT|Critical Focus
ABILITY:CATEGORY=FEAT|Dodge
ABILITY:CATEGORY=FEAT|Greater Spell Penetration
ABILITY:CATEGORY=FEAT|Improved Critical (bite, talon)
ABILITY:CATEGORY=FEAT|Improved Initiative
ABILITY:CATEGORY=FEAT|Improved Vital Strike
ABILITY:CATEGORY=FEAT|Power Attack
ABILITY:CATEGORY=FEAT|Quicken Spell-Like Ability (contagious flame)
ABILITY:CATEGORY=FEAT|Spell Penetration
ABILITY:CATEGORY=FEAT|Staggering Critical
ABILITY:CATEGORY=FEAT|Vital Strike

STARTPACK:Qlippoth Lord, Isph-Aun-Vuln Default	TYPE:Default Monster.Outsider	VISIBLE:QUALIFY	EQUIPBUY:0	PREMULT:1,[PRERACE:1,Qlippoth Lord, Isph-Aun-Vuln],[!PRERACE:1,%]	SOURCEPAGE:p.234
ALIGN:CE
RACE:Qlippoth Lord, Isph-Aun-Vuln	!PRERACE:1,%
NAME:Qlippoth Lord, Isph-Aun-Vuln
STAT:DEX=10|CON=10|INT=10|WIS=10|CHA=10
SKILL:Acrobatics	RANK:25
SKILL:Bluff	RANK:28
SKILL:Diplomacy	RANK:25
SKILL:Fly	RANK:28
SKILL:Intimidate	RANK:25
SKILL:Knowledge (Arcana)	RANK:25
SKILL:Knowledge (History)	RANK:25
SKILL:Knowledge (Local)	RANK:25
SKILL:Knowledge (Nobility)	RANK:25
SKILL:Knowledge (Religion)	RANK:25
SKILL:Knowledge (Planes)	RANK:28
SKILL:Perception	RANK:28
SKILL:Sense Motive	RANK:28
SKILL:Spellcraft	RANK:25
SKILL:Stealth	RANK:28
SKILL:Use Magic Device	RANK:25
ABILITY:CATEGORY=FEAT|Combat Casting
ABILITY:CATEGORY=FEAT|Combat Expertise
ABILITY:CATEGORY=FEAT|Combat Reflexes
ABILITY:CATEGORY=FEAT|Dodge
ABILITY:CATEGORY=FEAT|Flyby Attack
ABILITY:CATEGORY=FEAT|Improved Initiative
ABILITY:CATEGORY=FEAT|Improved Iron Will
ABILITY:CATEGORY=FEAT|Improved Lightning Reflexes
ABILITY:CATEGORY=FEAT|Iron Will
ABILITY:CATEGORY=FEAT|Lightning Reflexes
ABILITY:CATEGORY=FEAT|Mobility
ABILITY:CATEGORY=FEAT|Quicken Spell-Like Ability (mass suggestion, mind fog)
ABILITY:CATEGORY=FEAT|Skill Focus (Bluff)

STARTPACK:Qlippoth Lord, Oaur-Ooung Default	TYPE:Default Monster.Outsider	VISIBLE:QUALIFY	EQUIPBUY:0	PREMULT:1,[PRERACE:1,Qlippoth Lord, Oaur-Ooung],[!PRERACE:1,%]	SOURCEPAGE:p.236
ALIGN:CE
RACE:Qlippoth Lord, Oaur-Ooung	!PRERACE:1,%
NAME:Qlippoth Lord, Oaur-Ooung
STAT:STR=10|DEX=10|CON=10|INT=10|WIS=10|CHA=10
SKILL:Fly	RANK:26
SKILL:Knowledge (Arcana)	RANK:26
SKILL:Knowledge (Geography)	RANK:26
SKILL:Knowledge (Nature)	RANK:26
SKILL:Knowledge (Planes)	RANK:26
SKILL:Knowledge (Religion)	RANK:26
SKILL:Perception	RANK:26
SKILL:Sense Motive	RANK:26
SKILL:Spellcraft	RANK:23
SKILL:Stealth	RANK:10
SKILL:Swim	RANK:26
ABILITY:CATEGORY=FEAT|Awesome Blow
ABILITY:CATEGORY=FEAT|Combat Reflexes
ABILITY:CATEGORY=FEAT|Critical Focus
ABILITY:CATEGORY=FEAT|Greater Vital Strike
ABILITY:CATEGORY=FEAT|Improved Bull Rush
ABILITY:CATEGORY=FEAT|Improved Critical (slam, tentacle)
ABILITY:CATEGORY=FEAT|Improved Initiative
ABILITY:CATEGORY=FEAT|Improved Vital Strike
ABILITY:CATEGORY=FEAT|Power Attack
ABILITY:CATEGORY=FEAT|Quicken Spell-Like Ability (heal)
ABILITY:CATEGORY=FEAT|Staggering Critical
ABILITY:CATEGORY=FEAT|Vital Strike

STARTPACK:Qlippoth Lord, Thuskchoon Default	TYPE:Default Monster.Outsider	VISIBLE:QUALIFY	EQUIPBUY:0	PREMULT:1,[PRERACE:1,Qlippoth Lord, Thuskchoon],[!PRERACE:1,%]	SOURCEPAGE:p.238
ALIGN:CE
RACE:Qlippoth Lord, Thuskchoon	!PRERACE:1,%
NAME:Qlippoth Lord, Thuskchoon
STAT:STR=10|DEX=10|CON=10|INT=10|WIS=10|CHA=10
SKILL:Fly	RANK:24
SKILL:Perception	RANK:24
ABILITY:CATEGORY=FEAT|Awesome Blow
ABILITY:CATEGORY=FEAT|Blinding Critical
ABILITY:CATEGORY=FEAT|Combat Reflexes
ABILITY:CATEGORY=FEAT|Critical Focus
ABILITY:CATEGORY=FEAT|Dodge
ABILITY:CATEGORY=FEAT|Improved Bull Rush
ABILITY:CATEGORY=FEAT|Improved Critical (bite)
ABILITY:CATEGORY=FEAT|Improved Initiative
ABILITY:CATEGORY=FEAT|Improved Vital Strike
ABILITY:CATEGORY=FEAT|Power Attack
ABILITY:CATEGORY=FEAT|Quicken Spell-Like Ability (slow)
ABILITY:CATEGORY=FEAT|Vital Strike

STARTPACK:Qlippoth, Behimiron Default	TYPE:Default Monster.Outsider	VISIBLE:QUALIFY	EQUIPBUY:0	PREMULT:1,[PRERACE:1,Qlippoth, Behimiron],[!PRERACE:1,%]	SOURCEPAGE:p.224
ALIGN:CE
RACE:Qlippoth, Behimiron	!PRERACE:1,%
NAME:Qlippoth, Behimiron
STAT:STR=10|DEX=10|CON=10|INT=10|WIS=10|CHA=10
SKILL:Climb	RANK:14
SKILL:Knowledge (Planes)	RANK:14
SKILL:Perception	RANK:14
SKILL:Stealth	RANK:6
ABILITY:CATEGORY=FEAT|Blind-Fight
ABILITY:CATEGORY=FEAT|Combat Casting
ABILITY:CATEGORY=FEAT|Combat Reflexes
ABILITY:CATEGORY=FEAT|Improved Initiative
ABILITY:CATEGORY=FEAT|Lightning Reflexes
ABILITY:CATEGORY=FEAT|Power Attack
ABILITY:CATEGORY=FEAT|Vital Strike

STARTPACK:Qlippoth, Cataboligne Default	TYPE:Default Monster.Outsider	VISIBLE:QUALIFY	EQUIPBUY:0	PREMULT:1,[PRERACE:1,Qlippoth, Cataboligne],[!PRERACE:1,%]	SOURCEPAGE:p.225
ALIGN:CE
RACE:Qlippoth, Cataboligne	!PRERACE:1,%
NAME:Qlippoth, Cataboligne
STAT:STR=10|DEX=10|CON=10|INT=10|WIS=10|CHA=10
SKILL:Perception	RANK:21
SKILL:Swim	RANK:21
ABILITY:CATEGORY=FEAT|Awesome Blow
ABILITY:CATEGORY=FEAT|Bleeding Critical
ABILITY:CATEGORY=FEAT|Combat Reflexes
ABILITY:CATEGORY=FEAT|Critical Focus
ABILITY:CATEGORY=FEAT|Greater Sunder
ABILITY:CATEGORY=FEAT|Improved Bull Rush
ABILITY:CATEGORY=FEAT|Improved Critical (slam)
ABILITY:CATEGORY=FEAT|Improved Initiative
ABILITY:CATEGORY=FEAT|Improved Sunder
ABILITY:CATEGORY=FEAT|Iron Will
ABILITY:CATEGORY=FEAT|Power Attack

STARTPACK:Qlippoth, Gongorinan Default	TYPE:Default Monster.Outsider	VISIBLE:QUALIFY	EQUIPBUY:0	PREMULT:1,[PRERACE:1,Qlippoth, Gongorinan],[!PRERACE:1,%]	SOURCEPAGE:p.226
ALIGN:CE
RACE:Qlippoth, Gongorinan	!PRERACE:1,%
NAME:Qlippoth, Gongorinan
STAT:STR=10|DEX=10|CON=10|INT=10|WIS=10|CHA=10
SKILL:Acrobatics	RANK:11
SKILL:Climb	RANK:11
SKILL:Disguise	RANK:8
SKILL:Knowledge (Arcana)	RANK:11
SKILL:Perception	RANK:11
SKILL:Stealth	RANK:11
SKILL:Swim	RANK:8
ABILITY:CATEGORY=FEAT|Combat Reflexes
ABILITY:CATEGORY=FEAT|Dodge
ABILITY:CATEGORY=FEAT|Improved Critical (scimitar)
ABILITY:CATEGORY=FEAT|Improved Initiative
ABILITY:CATEGORY=FEAT|Multiattack
ABILITY:CATEGORY=FEAT|Power Attack
ABILITY:CATEGORY=FEAT|Weapon Focus (scimitar)

STARTPACK:Qlippoth, Gorgoros Default	TYPE:Default Monster.Outsider	VISIBLE:QUALIFY	EQUIPBUY:0	PREMULT:1,[PRERACE:1,Qlippoth, Gorgoros],[!PRERACE:1,%]	SOURCEPAGE:p.228
ALIGN:CE
RACE:Qlippoth, Gorgoros	!PRERACE:1,%
NAME:Qlippoth, Gorgoros
STAT:STR=10|DEX=10|CON=10|INT=10|WIS=10|CHA=10
SKILL:Acrobatics	RANK:12
SKILL:Bluff	RANK:12
SKILL:Climb	RANK:6
SKILL:Knowledge (Dungeoneering)	RANK:12
SKILL:Knowledge (Planes)	RANK:12
SKILL:Perception	RANK:12
SKILL:Sense Motive	RANK:12
SKILL:Stealth	RANK:8
SKILL:Swim	RANK:6
ABILITY:CATEGORY=FEAT|Ability Focus (horrific appearance)
ABILITY:CATEGORY=FEAT|Combat Reflexes
ABILITY:CATEGORY=FEAT|Improved Initiative
ABILITY:CATEGORY=FEAT|Iron Will
ABILITY:CATEGORY=FEAT|Power Attack
ABILITY:CATEGORY=FEAT|Vital Strike

STARTPACK:Qlippoth, Hydraggon Default	TYPE:Default Monster.Outsider	VISIBLE:QUALIFY	EQUIPBUY:0	PREMULT:1,[PRERACE:1,Qlippoth, Hydraggon],[!PRERACE:1,%]	SOURCEPAGE:p.229
ALIGN:CE
RACE:Qlippoth, Hydraggon	!PRERACE:1,%
NAME:Qlippoth, Hydraggon
STAT:STR=10|DEX=10|CON=10|INT=10|WIS=10|CHA=10
SKILL:Escape Artist	RANK:4
SKILL:Knowledge (Planes)	RANK:4
SKILL:Perception	RANK:4
SKILL:Stealth	RANK:4
SKILL:Survival	RANK:4
SKILL:Swim	RANK:4
ABILITY:CATEGORY=FEAT|Improved Initiative
ABILITY:CATEGORY=FEAT|Iron Will
ABILITY:CATEGORY=FEAT|Two-Weapon Fighting

STARTPACK:Qlippoth, Utukku Default	TYPE:Default Monster.Outsider	VISIBLE:QUALIFY	EQUIPBUY:0	PREMULT:1,[PRERACE:1,Qlippoth, Utukku],[!PRERACE:1,%]	SOURCEPAGE:p.230
ALIGN:CE
RACE:Qlippoth, Utukku	!PRERACE:1,%
NAME:Qlippoth, Utukku
STAT:STR=10|DEX=10|CON=10|INT=10|WIS=10|CHA=10
SKILL:Bluff	RANK:9
SKILL:Diplomacy	RANK:6
SKILL:Disguise	RANK:9
SKILL:Knowledge (Planes)	RANK:9
SKILL:Knowledge (Religion)	RANK:9
SKILL:Perception	RANK:9
SKILL:Sense Motive	RANK:9
SKILL:Spellcraft	RANK:9
SKILL:Stealth	RANK:9
SKILL:Use Magic Device	RANK:9
ABILITY:CATEGORY=FEAT|Combat Reflexes
ABILITY:CATEGORY=FEAT|Deceitful
ABILITY:CATEGORY=FEAT|Improved Initiative
ABILITY:CATEGORY=FEAT|Lunge
ABILITY:CATEGORY=FEAT|Skill Focus (Stealth)

STARTPACK:Rawhead Default	TYPE:Default Monster.Monstrous Humanoid	VISIBLE:QUALIFY	EQUIPBUY:0	PREMULT:1,[PRERACE:1,Rawhead],[!PRERACE:1,%]	SOURCEPAGE:p.241
ALIGN:NE
RACE:Rawhead	!PRERACE:1,%
NAME:Rawhead
STAT:STR=10|DEX=10|CON=10|INT=10|WIS=10|CHA=10
SKILL:Acrobatics	RANK:13
SKILL:Bluff	RANK:13
SKILL:Intimidate	RANK:16
SKILL:Knowledge (Local)	RANK:5
SKILL:Knowledge (Religion)	RANK:5
SKILL:Perception	RANK:16
SKILL:Sense Motive	RANK:13
SKILL:Stealth	RANK:16
SKILL:Survival	RANK:16
ABILITY:CATEGORY=FEAT|Combat Expertise
ABILITY:CATEGORY=FEAT|Combat Reflexes
ABILITY:CATEGORY=FEAT|Dodge
ABILITY:CATEGORY=FEAT|Greater Feint
ABILITY:CATEGORY=FEAT|Improved Feint
ABILITY:CATEGORY=FEAT|Improved Initiative
ABILITY:CATEGORY=FEAT|Mobility
ABILITY:CATEGORY=FEAT|Skill Focus (Stealth)

STARTPACK:Razormouth Default	TYPE:Default Monster.Vermin	VISIBLE:QUALIFY	EQUIPBUY:0	PREMULT:1,[PRERACE:1,Razormouth],[!PRERACE:1,%]	SOURCEPAGE:p.256
ALIGN:TN
RACE:Razormouth	!PRERACE:1,%
NAME:Razormouth
STAT:STR=10|DEX=10|CON=10|WIS=10|CHA=10
SKILL:Acrobatics	RANK:5
SKILL:Climb	RANK:9
SKILL:Perception	RANK:9

STARTPACK:Rougarou Default	TYPE:Default Monster.Humanoid	VISIBLE:QUALIFY	EQUIPBUY:0	PREMULT:1,[PRERACE:1,Rougarou],[!PRERACE:1,%]	SOURCEPAGE:p.242
ALIGN:LN
RACE:Rougarou	!PRERACE:1,%
NAME:Rougarou
STAT:STR=10|DEX=10|CON=10|INT=10|WIS=10|CHA=10
SKILL:Climb	RANK:1
SKILL:Heal	RANK:1
SKILL:Knowledge (Nature)	RANK:1
SKILL:Perception	RANK:1
SKILL:Stealth	RANK:1
SKILL:Survival	RANK:1
ABILITY:CATEGORY=FEAT|Point-Blank Shot

STARTPACK:Sahkil, Ichkoh Default	TYPE:Default Monster.Outsider	VISIBLE:QUALIFY	EQUIPBUY:0	PREMULT:1,[PRERACE:1,Sahkil, Ichkoh],[!PRERACE:1,%]	SOURCEPAGE:p.243
ALIGN:NE
RACE:Sahkil, Ichkoh	!PRERACE:1,%
NAME:Sahkil, Ichkoh
STAT:STR=10|DEX=10|CON=10|INT=10|WIS=10|CHA=10
SKILL:Acrobatics	RANK:9
SKILL:Bluff	RANK:9
SKILL:Knowledge (Arcana)	RANK:9
SKILL:Perception	RANK:9
SKILL:Sense Motive	RANK:9
SKILL:Spellcraft	RANK:9
SKILL:Stealth	RANK:9
ABILITY:CATEGORY=FEAT|Combat Reflexes
ABILITY:CATEGORY=FEAT|Great Fortitude
ABILITY:CATEGORY=FEAT|Improved Initiative
ABILITY:CATEGORY=FEAT|Iron Will
ABILITY:CATEGORY=FEAT|Skill Focus (Stealth)

STARTPACK:Sahkil, Ximtal Default	TYPE:Default Monster.Outsider	VISIBLE:QUALIFY	EQUIPBUY:0	PREMULT:1,[PRERACE:1,Sahkil, Ximtal],[!PRERACE:1,%]	SOURCEPAGE:p.244
ALIGN:NE
RACE:Sahkil, Ximtal	!PRERACE:1,%
NAME:Sahkil, Ximtal
STAT:STR=10|DEX=10|CON=10|INT=10|WIS=10|CHA=10
SKILL:Bluff	RANK:18
SKILL:Climb	RANK:5
SKILL:Fly	RANK:7
SKILL:Intimidate	RANK:18
SKILL:Knowledge (Arcana)	RANK:18
SKILL:Knowledge (Planes)	RANK:18
SKILL:Perception	RANK:18
SKILL:Sense Motive	RANK:18
SKILL:Spellcraft	RANK:18
SKILL:Stealth	RANK:14
ABILITY:CATEGORY=FEAT|Blind-Fight
ABILITY:CATEGORY=FEAT|Combat Reflexes
ABILITY:CATEGORY=FEAT|Critical Focus
ABILITY:CATEGORY=FEAT|Dodge
ABILITY:CATEGORY=FEAT|Improved Critical (claw)
ABILITY:CATEGORY=FEAT|Improved Initiative
ABILITY:CATEGORY=FEAT|Power Attack
ABILITY:CATEGORY=FEAT|Quicken Spell-Like Ability (displacement)
ABILITY:CATEGORY=FEAT|Staggering Critical

STARTPACK:Sahkil, Zohanil Default	TYPE:Default Monster.Outsider	VISIBLE:QUALIFY	EQUIPBUY:0	PREMULT:1,[PRERACE:1,Sahkil, Zohanil],[!PRERACE:1,%]	SOURCEPAGE:p.246
ALIGN:NE
RACE:Sahkil, Zohanil	!PRERACE:1,%
NAME:Sahkil, Zohanil
STAT:STR=10|DEX=10|CON=10|INT=10|WIS=10|CHA=10
SKILL:Acrobatics	RANK:12
SKILL:Climb	RANK:12
SKILL:Craft (alchemy)	RANK:12
SKILL:Intimidate	RANK:12
SKILL:Knowledge (Arcana)	RANK:6
SKILL:Knowledge (Planes)	RANK:6
SKILL:Perception	RANK:12
SKILL:Sense Motive	RANK:12
SKILL:Stealth	RANK:12
ABILITY:CATEGORY=FEAT|Combat Expertise
ABILITY:CATEGORY=FEAT|Combat Reflexes
ABILITY:CATEGORY=FEAT|Dodge
ABILITY:CATEGORY=FEAT|Improved Critical (talon)
ABILITY:CATEGORY=FEAT|Improved Initiative
ABILITY:CATEGORY=FEAT|Iron Will

STARTPACK:Saurian Default	TYPE:Default Monster.Monstrous Humanoid	VISIBLE:QUALIFY	EQUIPBUY:0	PREMULT:1,[PRERACE:1,Saurian],[!PRERACE:1,%]	SOURCEPAGE:p.247
ALIGN:TN
RACE:Saurian	!PRERACE:1,%
NAME:Saurian
STAT:STR=10|DEX=10|CON=10|INT=10|WIS=10|CHA=10
SKILL:Craft (weapons)	RANK:21
SKILL:Intimidate	RANK:21
SKILL:Knowledge (Geography)	RANK:18
SKILL:Knowledge (Nature)	RANK:18
SKILL:Perception	RANK:21
SKILL:Sense Motive	RANK:18
SKILL:Survival	RANK:21
ABILITY:CATEGORY=FEAT|Blind-Fight
ABILITY:CATEGORY=FEAT|Diehard
ABILITY:CATEGORY=FEAT|Dodge
ABILITY:CATEGORY=FEAT|Endurance
ABILITY:CATEGORY=FEAT|Great Fortitude
ABILITY:CATEGORY=FEAT|Improved Critical (bite)
ABILITY:CATEGORY=FEAT|Improved Critical (shortspear)
ABILITY:CATEGORY=FEAT|Improved Initiative
ABILITY:CATEGORY=FEAT|Improved Shield Bash
ABILITY:CATEGORY=FEAT|Intimidating Prowess
ABILITY:CATEGORY=FEAT|Two-Weapon Fighting

STARTPACK:Siren's Bed Anemone Default	TYPE:Default Monster.Vermin	VISIBLE:QUALIFY	EQUIPBUY:0	PREMULT:1,[PRERACE:1,Siren's Bed Anemone],[!PRERACE:1,%]	SOURCEPAGE:p.248
ALIGN:TN
RACE:Siren's Bed Anemone	!PRERACE:1,%
NAME:Siren's Bed Anemone
STAT:STR=10|DEX=10|CON=10|WIS=10|CHA=10

STARTPACK:Skincrawler Default	TYPE:Default Monster.Ooze	VISIBLE:QUALIFY	EQUIPBUY:0	PREMULT:1,[PRERACE:1,Skincrawler],[!PRERACE:1,%]	SOURCEPAGE:p.252
ALIGN:TN
RACE:Skincrawler	!PRERACE:1,%
NAME:Skincrawler
STAT:STR=10|DEX=10|CON=10|WIS=10|CHA=10
SKILL:Climb	RANK:1

STARTPACK:Skrimsl Default	TYPE:Default Monster.Magical Beast	VISIBLE:QUALIFY	EQUIPBUY:0	PREMULT:1,[PRERACE:1,Skrimsl],[!PRERACE:1,%]	SOURCEPAGE:p.253
ALIGN:TN
RACE:Skrimsl	!PRERACE:1,%
NAME:Skrimsl
STAT:STR=10|DEX=10|CON=10|INT=10|WIS=10|CHA=10
SKILL:Perception	RANK:17
SKILL:Swim	RANK:5
ABILITY:CATEGORY=FEAT|Combat Casting
ABILITY:CATEGORY=FEAT|Critical Focus
ABILITY:CATEGORY=FEAT|Greater Sunder
ABILITY:CATEGORY=FEAT|Improved Critical (bite)
ABILITY:CATEGORY=FEAT|Improved Initiative
ABILITY:CATEGORY=FEAT|Improved Sunder
ABILITY:CATEGORY=FEAT|Iron Will
ABILITY:CATEGORY=FEAT|Power Attack
ABILITY:CATEGORY=FEAT|Staggering Critical

STARTPACK:Slithering Pit Default	TYPE:Default Monster.Ooze	VISIBLE:QUALIFY	EQUIPBUY:0	PREMULT:1,[PRERACE:1,Slithering Pit],[!PRERACE:1,%]	SOURCEPAGE:p.254
ALIGN:TN
RACE:Slithering Pit	!PRERACE:1,%
NAME:Slithering Pit
STAT:STR=10|DEX=10|CON=10|INT=10|WIS=10|CHA=10
SKILL:Perception	RANK:2
SKILL:Stealth	RANK:3
ABILITY:CATEGORY=FEAT|Skill Focus (Stealth, Perception)

STARTPACK:Taniwha Default	TYPE:Default Monster.Magical Beast	VISIBLE:QUALIFY	EQUIPBUY:0	PREMULT:1,[PRERACE:1,Taniwha],[!PRERACE:1,%]	SOURCEPAGE:p.259
ALIGN:CG
RACE:Taniwha	!PRERACE:1,%
NAME:Taniwha
STAT:STR=10|DEX=10|CON=10|INT=10|WIS=10|CHA=10
SKILL:Knowledge (Nature)	RANK:1
SKILL:Perception	RANK:8
SKILL:Sense Motive	RANK:7
SKILL:Swim	RANK:8
ABILITY:CATEGORY=FEAT|Alertness
ABILITY:CATEGORY=FEAT|Improved Iron Will
ABILITY:CATEGORY=FEAT|Iron Will
ABILITY:CATEGORY=FEAT|Power Attack

STARTPACK:Tarantula Tree Default	TYPE:Default Monster.Plant	VISIBLE:QUALIFY	EQUIPBUY:0	PREMULT:1,[PRERACE:1,Tarantula Tree],[!PRERACE:1,%]	SOURCEPAGE:p.260
ALIGN:CN
RACE:Tarantula Tree	!PRERACE:1,%
NAME:Tarantula Tree
STAT:STR=10|DEX=10|CON=10|INT=10|WIS=10|CHA=10
SKILL:Knowledge (Nature)	RANK:23
SKILL:Perception	RANK:26
SKILL:Stealth	RANK:10
ABILITY:CATEGORY=FEAT|Awesome Blow
ABILITY:CATEGORY=FEAT|Combat Expertise
ABILITY:CATEGORY=FEAT|Critical Focus
ABILITY:CATEGORY=FEAT|Improved Bull Rush
ABILITY:CATEGORY=FEAT|Improved Critical (vine)
ABILITY:CATEGORY=FEAT|Improved Initiative
ABILITY:CATEGORY=FEAT|Improved Vital Strike
ABILITY:CATEGORY=FEAT|Iron Will
ABILITY:CATEGORY=FEAT|Power Attack
ABILITY:CATEGORY=FEAT|Quicken Spell-Like Ability (entangle)
ABILITY:CATEGORY=FEAT|Staggering Critical
ABILITY:CATEGORY=FEAT|Vital Strike
ABILITY:CATEGORY=FEAT|Weapon Focus (vine)

STARTPACK:Tenome Default	TYPE:Default Monster.Monstrous Humanoid	VISIBLE:QUALIFY	EQUIPBUY:0	PREMULT:1,[PRERACE:1,Tenome],[!PRERACE:1,%]	SOURCEPAGE:p.262
ALIGN:NE
RACE:Tenome	!PRERACE:1,%
NAME:Tenome
STAT:STR=10|DEX=10|CON=10|INT=10|WIS=10|CHA=10
SKILL:Intimidate	RANK:6
SKILL:Perception	RANK:6
SKILL:Stealth	RANK:6
SKILL:Survival	RANK:6
ABILITY:CATEGORY=FEAT|Dodge
ABILITY:CATEGORY=FEAT|Improved Initiative
ABILITY:CATEGORY=FEAT|Iron Will

STARTPACK:Thessalhydra Default	TYPE:Default Monster.Aberration	VISIBLE:QUALIFY	EQUIPBUY:0	PREMULT:1,[PRERACE:1,Thessalhydra],[!PRERACE:1,%]	SOURCEPAGE:p.263
ALIGN:TN
RACE:Thessalhydra	!PRERACE:1,%
NAME:Thessalhydra
STAT:STR=10|DEX=10|CON=10|INT=10|WIS=10|CHA=10
SKILL:Perception	RANK:20
SKILL:Swim	RANK:13
ABILITY:CATEGORY=FEAT|Bleeding Critical
ABILITY:CATEGORY=FEAT|Combat Reflexes
ABILITY:CATEGORY=FEAT|Critical Focus
ABILITY:CATEGORY=FEAT|Improved Critical (bite, snake bites)
ABILITY:CATEGORY=FEAT|Multiattack
ABILITY:CATEGORY=FEAT|Skill Focus (Perception)
ABILITY:CATEGORY=FEAT|Weapon Finesse
ABILITY:CATEGORY=FEAT|Weapon Focus (bite)
ABILITY:CATEGORY=FEAT|Weapon Focus (snake bites)

STARTPACK:Titanic Whip Spider Default	TYPE:Default Monster.Vermin	VISIBLE:QUALIFY	EQUIPBUY:0	PREMULT:1,[PRERACE:1,Titanic Whip Spider],[!PRERACE:1,%]	SOURCEPAGE:p.275
ALIGN:TN
RACE:Titanic Whip Spider	!PRERACE:1,%
NAME:Titanic Whip Spider
STAT:STR=10|DEX=10|CON=10|WIS=10|CHA=10
SKILL:Climb	RANK:5
SKILL:Perception	RANK:13

STARTPACK:Trailgaunt Default	TYPE:Default Monster.Undead	VISIBLE:QUALIFY	EQUIPBUY:0	PREMULT:1,[PRERACE:1,Trailgaunt],[!PRERACE:1,%]	SOURCEPAGE:p.264
ALIGN:NE
RACE:Trailgaunt	!PRERACE:1,%
NAME:Trailgaunt
STAT:STR=10|DEX=10|INT=10|WIS=10|CHA=10
SKILL:Climb	RANK:3
SKILL:Perception	RANK:2
SKILL:Stealth	RANK:3
SKILL:Survival	RANK:1
ABILITY:CATEGORY=FEAT|Improved Initiative
ABILITY:CATEGORY=FEAT|Step Up

STARTPACK:Troop, Cultist Troop Default	TYPE:Default Monster.Humanoid	VISIBLE:QUALIFY	EQUIPBUY:0	PREMULT:1,[PRERACE:1,Troop, Cultist Troop],[!PRERACE:1,%]	SOURCEPAGE:p.266
ALIGN:CE
RACE:Troop, Cultist Troop	!PRERACE:1,%
NAME:Troop, Cultist Troop
STAT:STR=10|DEX=10|CON=10|INT=10|WIS=10|CHA=10
SKILL:Perception	RANK:7
ABILITY:CATEGORY=FEAT|Combat Reflexes
ABILITY:CATEGORY=FEAT|Improved Initiative
ABILITY:CATEGORY=FEAT|Iron Will
ABILITY:CATEGORY=FEAT|Mobility
ABILITY:CATEGORY=FEAT|Toughness

STARTPACK:Troop, Goblin Troop Default	TYPE:Default Monster.Humanoid	VISIBLE:QUALIFY	EQUIPBUY:0	PREMULT:1,[PRERACE:1,Troop, Goblin Troop],[!PRERACE:1,%]	SOURCEPAGE:p.267
ALIGN:NE
RACE:Troop, Goblin Troop	!PRERACE:1,%
NAME:Troop, Goblin Troop
STAT:STR=10|DEX=10|CON=10|INT=10|WIS=10|CHA=10
SKILL:Perception	RANK:8
ABILITY:CATEGORY=FEAT|Combat Reflexes
ABILITY:CATEGORY=FEAT|Improved Initiative
ABILITY:CATEGORY=FEAT|Iron Will
ABILITY:CATEGORY=FEAT|Mobility
ABILITY:CATEGORY=FEAT|Toughness

STARTPACK:Troop, Outlaw Troop Default	TYPE:Default Monster.Humanoid	VISIBLE:QUALIFY	EQUIPBUY:0	PREMULT:1,[PRERACE:1,Troop, Outlaw Troop],[!PRERACE:1,%]	SOURCEPAGE:p.267
ALIGN:CN
RACE:Troop, Outlaw Troop	!PRERACE:1,%
NAME:Troop, Outlaw Troop
STAT:STR=10|DEX=10|CON=10|INT=10|WIS=10|CHA=10
SKILL:Perception	RANK:9
ABILITY:CATEGORY=FEAT|Combat Reflexes
ABILITY:CATEGORY=FEAT|Improved Initiative
ABILITY:CATEGORY=FEAT|Iron Will
ABILITY:CATEGORY=FEAT|Mobility
ABILITY:CATEGORY=FEAT|Toughness

STARTPACK:Unrisen Default	TYPE:Default Monster.Undead	VISIBLE:QUALIFY	EQUIPBUY:0	PREMULT:1,[PRERACE:1,Unrisen],[!PRERACE:1,%]	SOURCEPAGE:p.268
ALIGN:NE
RACE:Unrisen	!PRERACE:1,%
NAME:Unrisen
STAT:STR=10|DEX=10|INT=10|WIS=10|CHA=10
SKILL:Climb	RANK:7
SKILL:Perception	RANK:7
ABILITY:CATEGORY=FEAT|Improved Initiative
ABILITY:CATEGORY=FEAT|Lightning Reflexes
ABILITY:CATEGORY=FEAT|Power Attack
ABILITY:CATEGORY=FEAT|Step Up

STARTPACK:Urhag Default	TYPE:Default Monster.Aberration	VISIBLE:QUALIFY	EQUIPBUY:0	PREMULT:1,[PRERACE:1,Urhag],[!PRERACE:1,%]	SOURCEPAGE:p.269
ALIGN:NE
RACE:Urhag	!PRERACE:1,%
NAME:Urhag
STAT:STR=10|DEX=10|CON=10|INT=10|WIS=10|CHA=10
SKILL:Fly	RANK:4
SKILL:Perception	RANK:4
SKILL:Stealth	RANK:4
ABILITY:CATEGORY=FEAT|Improved Initiative
ABILITY:CATEGORY=FEAT|Iron Will

STARTPACK:Warmonger Default	TYPE:Default Monster.Construct	VISIBLE:QUALIFY	EQUIPBUY:0	PREMULT:1,[PRERACE:1,Warmonger],[!PRERACE:1,%]	SOURCEPAGE:p.274
ALIGN:TN
RACE:Warmonger	!PRERACE:1,%
NAME:Warmonger
STAT:STR=10|DEX=10|WIS=10|CHA=10

STARTPACK:Whaler Jellyfish Default	TYPE:Default Monster.Vermin	VISIBLE:QUALIFY	EQUIPBUY:0	PREMULT:1,[PRERACE:1,Whaler Jellyfish],[!PRERACE:1,%]	SOURCEPAGE:p.169
ALIGN:TN
RACE:Whaler Jellyfish	!PRERACE:1,%
NAME:Whaler Jellyfish
STAT:STR=10|DEX=10|CON=10|WIS=10|CHA=10
SKILL:Swim	RANK:5

STARTPACK:Whisperer Default	TYPE:Default Monster.Fey	VISIBLE:QUALIFY	EQUIPBUY:0	PREMULT:1,[PRERACE:1,Whisperer],[!PRERACE:1,%]	SOURCEPAGE:p.276
ALIGN:NE
RACE:Whisperer	!PRERACE:1,%
NAME:Whisperer
STAT:DEX=10|CON=10|INT=10|WIS=10|CHA=10
SKILL:Bluff	RANK:22
SKILL:Disable Device	RANK:19
SKILL:Fly	RANK:22
SKILL:Knowledge (Arcana)	RANK:19
SKILL:Knowledge (Planes)	RANK:19
SKILL:Knowledge (Religion)	RANK:19
SKILL:Knowledge (Geography)	RANK:22
SKILL:Knowledge (Nature)	RANK:22
SKILL:Perception	RANK:22
SKILL:Sense Motive	RANK:22
SKILL:Spellcraft	RANK:19
SKILL:Stealth	RANK:18
SKILL:Survival	RANK:19
ABILITY:CATEGORY=FEAT|Combat Casting
ABILITY:CATEGORY=FEAT|Combat Reflexes
ABILITY:CATEGORY=FEAT|Dodge
ABILITY:CATEGORY=FEAT|Flyby Attack
ABILITY:CATEGORY=FEAT|Improved Critical (touch)
ABILITY:CATEGORY=FEAT|Improved Initiative
ABILITY:CATEGORY=FEAT|Iron Will
ABILITY:CATEGORY=FEAT|Mobility
ABILITY:CATEGORY=FEAT|Quicken Spell-Like Ability (confusion, greater dispel magic)
ABILITY:CATEGORY=FEAT|Skill Focus (Perception)

STARTPACK:Wild Hunt, Wild Hunt Archer Default	TYPE:Default Monster.Fey	VISIBLE:QUALIFY	EQUIPBUY:0	PREMULT:1,[PRERACE:1,Wild Hunt, Wild Hunt Archer],[!PRERACE:1,%]	SOURCEPAGE:p.279
ALIGN:CN
RACE:Wild Hunt, Wild Hunt Archer	!PRERACE:1,%
NAME:Wild Hunt, Wild Hunt Archer
STAT:STR=10|DEX=10|CON=10|INT=10|WIS=10|CHA=10
SKILL:Acrobatics	RANK:22
SKILL:Handle Animal	RANK:19
SKILL:Intimidate	RANK:19
SKILL:Knowledge (Nature)	RANK:22
SKILL:Perception	RANK:22
SKILL:Ride	RANK:19
SKILL:Sense Motive	RANK:22
SKILL:Stealth	RANK:22
SKILL:Survival	RANK:19
ABILITY:CATEGORY=FEAT|Deadly Aim
ABILITY:CATEGORY=FEAT|Far Shot
ABILITY:CATEGORY=FEAT|Improved Critical (composite longbow)
ABILITY:CATEGORY=FEAT|Improved Initiative
ABILITY:CATEGORY=FEAT|Improved Precise Shot
ABILITY:CATEGORY=FEAT|Mounted Archery
ABILITY:CATEGORY=FEAT|Mounted Combat
ABILITY:CATEGORY=FEAT|Point-Blank Shot
ABILITY:CATEGORY=FEAT|Precise Shot
ABILITY:CATEGORY=FEAT|Rapid Shot
ABILITY:CATEGORY=FEAT|Weapon Focus (composite longbow)

STARTPACK:Wild Hunt, Wild Hunt Horse Default	TYPE:Default Monster.Fey	VISIBLE:QUALIFY	EQUIPBUY:0	PREMULT:1,[PRERACE:1,Wild Hunt, Wild Hunt Horse],[!PRERACE:1,%]	SOURCEPAGE:p.280
ALIGN:CN
RACE:Wild Hunt, Wild Hunt Horse	!PRERACE:1,%
NAME:Wild Hunt, Wild Hunt Horse
STAT:STR=10|DEX=10|CON=10|INT=10|WIS=10|CHA=10
SKILL:Acrobatics	RANK:19
SKILL:Perception	RANK:19
SKILL:Sense Motive	RANK:19
SKILL:Stealth	RANK:15
SKILL:Survival	RANK:16
ABILITY:CATEGORY=FEAT|Dodge
ABILITY:CATEGORY=FEAT|Endurance
ABILITY:CATEGORY=FEAT|Great Fortitude
ABILITY:CATEGORY=FEAT|Greater Overrun
ABILITY:CATEGORY=FEAT|Improved Overrun
ABILITY:CATEGORY=FEAT|Multiattack
ABILITY:CATEGORY=FEAT|Power Attack
ABILITY:CATEGORY=FEAT|Run
ABILITY:CATEGORY=FEAT|Weapon Focus (bite, hoof)

STARTPACK:Wild Hunt, Wild Hunt Hound Default	TYPE:Default Monster.Fey	VISIBLE:QUALIFY	EQUIPBUY:0	PREMULT:1,[PRERACE:1,Wild Hunt, Wild Hunt Hound],[!PRERACE:1,%]	SOURCEPAGE:p.281
ALIGN:CN
RACE:Wild Hunt, Wild Hunt Hound	!PRERACE:1,%
NAME:Wild Hunt, Wild Hunt Hound
STAT:STR=10|DEX=10|CON=10|INT=10|WIS=10|CHA=10
SKILL:Acrobatics	RANK:14
SKILL:Intimidate	RANK:11
SKILL:Perception	RANK:14
SKILL:Sense Motive	RANK:14
SKILL:Stealth	RANK:14
SKILL:Survival	RANK:11
SKILL:Swim	RANK:14
ABILITY:CATEGORY=FEAT|Combat Expertise
ABILITY:CATEGORY=FEAT|Combat Reflexes
ABILITY:CATEGORY=FEAT|Great Fortitude
ABILITY:CATEGORY=FEAT|Greater Trip
ABILITY:CATEGORY=FEAT|Improved Trip
ABILITY:CATEGORY=FEAT|Weapon Focus (bite, claw)

STARTPACK:Wild Hunt, Wild Hunt Monarch Default	TYPE:Default Monster.Fey	VISIBLE:QUALIFY	EQUIPBUY:0	PREMULT:1,[PRERACE:1,Wild Hunt, Wild Hunt Monarch],[!PRERACE:1,%]	SOURCEPAGE:p.282
ALIGN:CN
RACE:Wild Hunt, Wild Hunt Monarch	!PRERACE:1,%
NAME:Wild Hunt, Wild Hunt Monarch
STAT:STR=10|DEX=10|CON=10|INT=10|WIS=10|CHA=10
SKILL:Acrobatics	RANK:26
SKILL:Diplomacy	RANK:26
SKILL:Intimidate	RANK:23
SKILL:Knowledge (Geography)	RANK:26
SKILL:Knowledge (Nature)	RANK:26
SKILL:Perception	RANK:26
SKILL:Perform (wind)	RANK:26
SKILL:Ride	RANK:23
SKILL:Sense Motive	RANK:26
SKILL:Stealth	RANK:26
SKILL:Survival	RANK:23
SKILL:Use Magic Device	RANK:26
ABILITY:CATEGORY=FEAT|Blind-Fight
ABILITY:CATEGORY=FEAT|Combat Reflexes
ABILITY:CATEGORY=FEAT|Critical Focus
ABILITY:CATEGORY=FEAT|Dodge
ABILITY:CATEGORY=FEAT|Furious Focus
ABILITY:CATEGORY=FEAT|Great Fortitude
ABILITY:CATEGORY=FEAT|Improved Critical (glaive)
ABILITY:CATEGORY=FEAT|Improved Initiative
ABILITY:CATEGORY=FEAT|Power Attack
ABILITY:CATEGORY=FEAT|Quicken Spell-Like Ability (charm monster)
ABILITY:CATEGORY=FEAT|Step Up
ABILITY:CATEGORY=FEAT|Tiring Critical
ABILITY:CATEGORY=FEAT|Weapon Focus (glaive)

STARTPACK:Wild Hunt, Wild Hunt Scout Default	TYPE:Default Monster.Fey	VISIBLE:QUALIFY	EQUIPBUY:0	PREMULT:1,[PRERACE:1,Wild Hunt, Wild Hunt Scout],[!PRERACE:1,%]	SOURCEPAGE:p.284
ALIGN:CN
RACE:Wild Hunt, Wild Hunt Scout	!PRERACE:1,%
NAME:Wild Hunt, Wild Hunt Scout
STAT:STR=10|DEX=10|CON=10|INT=10|WIS=10|CHA=10
SKILL:Acrobatics	RANK:24
SKILL:Bluff	RANK:24
SKILL:Intimidate	RANK:21
SKILL:Knowledge (Nature)	RANK:24
SKILL:Perception	RANK:24
SKILL:Ride	RANK:21
SKILL:Sense Motive	RANK:24
SKILL:Stealth	RANK:24
SKILL:Survival	RANK:21
ABILITY:CATEGORY=FEAT|Combat Expertise
ABILITY:CATEGORY=FEAT|Combat Reflexes
ABILITY:CATEGORY=FEAT|Dodge
ABILITY:CATEGORY=FEAT|Great Fortitude
ABILITY:CATEGORY=FEAT|Greater Feint
ABILITY:CATEGORY=FEAT|Improved Critical (scimitar)
ABILITY:CATEGORY=FEAT|Improved Feint
ABILITY:CATEGORY=FEAT|Improved Initiative
ABILITY:CATEGORY=FEAT|Mobility
ABILITY:CATEGORY=FEAT|Skill Focus (Bluff)
ABILITY:CATEGORY=FEAT|Spring Attack
ABILITY:CATEGORY=FEAT|Weapon Focus (scimitar)

STARTPACK:Yaddithian Default	TYPE:Default Monster.Aberration	VISIBLE:QUALIFY	EQUIPBUY:0	PREMULT:1,[PRERACE:1,Yaddithian],[!PRERACE:1,%]	SOURCEPAGE:p.285
ALIGN:TN
RACE:Yaddithian	!PRERACE:1,%
NAME:Yaddithian
STAT:STR=10|DEX=10|CON=10|INT=10|WIS=10|CHA=10
SKILL:Knowledge (Arcana)	RANK:9
SKILL:Knowledge (Dungeoneering)	RANK:9
SKILL:Knowledge (History)	RANK:9
SKILL:Knowledge (Planes)	RANK:9
SKILL:Perception	RANK:9
SKILL:Spellcraft	RANK:9
ABILITY:CATEGORY=FEAT|Combat Casting
ABILITY:CATEGORY=FEAT|Craft Wondrous Item
ABILITY:CATEGORY=FEAT|Eschew Materials
ABILITY:CATEGORY=FEAT|Scribe Scroll
ABILITY:CATEGORY=FEAT|Silent Spell
ABILITY:CATEGORY=FEAT|Skill Focus (Perception)
ABILITY:CATEGORY=FEAT|Spell Penetration

STARTPACK:Yurei Default	TYPE:Default Monster.Undead	VISIBLE:QUALIFY	EQUIPBUY:0	PREMULT:1,[PRERACE:1,Yurei],[!PRERACE:1,%]	SOURCEPAGE:p.286
ALIGN:NE
RACE:Yurei	!PRERACE:1,%
NAME:Yurei
STAT:STR=10|DEX=10|INT=10|WIS=10|CHA=10
SKILL:Acrobatics	RANK:12
SKILL:Climb	RANK:15
SKILL:Intimidate	RANK:15
SKILL:Perception	RANK:15
SKILL:Sense Motive	RANK:15
SKILL:Stealth	RANK:15
ABILITY:CATEGORY=FEAT|Combat Reflexes
ABILITY:CATEGORY=FEAT|Dodge
ABILITY:CATEGORY=FEAT|Improved Initiative
ABILITY:CATEGORY=FEAT|Iron Will
ABILITY:CATEGORY=FEAT|Lightning Reflexes
ABILITY:CATEGORY=FEAT|Mobility
ABILITY:CATEGORY=FEAT|Spring Attack
ABILITY:CATEGORY=FEAT|Step Up

