SOURCELONG:Tome of Horrors 4	SOURCESHORT:ToH4	SOURCEWEB:https://froggodgames.com	SOURCEDATE:2013-01

STARTPACK:Addath Default	TYPE:Default Monster.Aberration	VISIBLE:QUALIFY	EQUIPBUY:0	PREMULT:1,[PRERACE:1,Addath],[!PRERACE:1,%]
ALIGN:CE
RACE:Addath	!PRERACE:1,%
NAME:Addath
STAT:STR=10|DEX=10|CON=10|INT=10|WIS=10|CHA=10
SKILL:Acrobatics	RANK:10
SKILL:Climb	RANK:21
SKILL:Escape Artist	RANK:21
SKILL:Perception	RANK:21
SKILL:Stealth	RANK:13
SKILL:Survival	RANK:11
ABILITY:CATEGORY=FEAT|Bleeding Critical
ABILITY:CATEGORY=FEAT|Cleave
ABILITY:CATEGORY=FEAT|Critical Focus
ABILITY:CATEGORY=FEAT|Great Fortitude
ABILITY:CATEGORY=FEAT|Improved Critical (tentacle)
ABILITY:CATEGORY=FEAT|Improved Initiative
ABILITY:CATEGORY=FEAT|Lightning Reflexes
ABILITY:CATEGORY=FEAT|Power Attack
ABILITY:CATEGORY=FEAT|Vital Strike
ABILITY:CATEGORY=FEAT|Weapon Focus (bite)
ABILITY:CATEGORY=FEAT|Weapon Focus (tentacle)

STARTPACK:Adult Gray Dragon Default	TYPE:Default Monster.Dragon	VISIBLE:QUALIFY	EQUIPBUY:0	PREMULT:1,[PRERACE:1,Adult Gray Dragon],[!PRERACE:1,%]
ALIGN:NE
RACE:Adult Gray Dragon	!PRERACE:1,%
NAME:Adult Gray Dragon
STAT:STR=10|DEX=10|CON=10|INT=10|WIS=10|CHA=10
SKILL:Bluff	RANK:13
SKILL:Fly	RANK:11
SKILL:Intimidate	RANK:13
SKILL:Knowledge (Local)	RANK:13
SKILL:Perception	RANK:13
SKILL:Sense Motive	RANK:13
SKILL:Stealth	RANK:9
SKILL:Swim	RANK:13
ABILITY:CATEGORY=FEAT|Alertness
ABILITY:CATEGORY=FEAT|Improved Critical (bite)
ABILITY:CATEGORY=FEAT|Improved Initiative
ABILITY:CATEGORY=FEAT|Lightning Reflexes
ABILITY:CATEGORY=FEAT|Multiattack
ABILITY:CATEGORY=FEAT|Power Attack
ABILITY:CATEGORY=FEAT|Weapon Focus (bite)

STARTPACK:Albino Cave Spider Default	TYPE:Default Monster.Vermin	VISIBLE:QUALIFY	EQUIPBUY:0	PREMULT:1,[PRERACE:1,Albino Cave Spider],[!PRERACE:1,%]
ALIGN:TN
RACE:Albino Cave Spider	!PRERACE:1,%
NAME:Albino Cave Spider
STAT:STR=10|DEX=10|CON=10|WIS=10|CHA=10
SKILL:Acrobatics	RANK:1
SKILL:Climb	RANK:1
SKILL:Stealth	RANK:1
ABILITY:CATEGORY=FEAT|Weapon Finesse

STARTPACK:Algant Default	TYPE:Default Monster.Plant	VISIBLE:QUALIFY	EQUIPBUY:0	PREMULT:1,[PRERACE:1,Algant],[!PRERACE:1,%]
ALIGN:NG
RACE:Algant	!PRERACE:1,%
NAME:Algant
STAT:STR=10|DEX=10|CON=10|INT=10|WIS=10|CHA=10
SKILL:Diplomacy	RANK:3
SKILL:Intimidate	RANK:3
SKILL:Knowledge (Nature)	RANK:3
SKILL:Perception	RANK:6
SKILL:Sense Motive	RANK:3
SKILL:Stealth	RANK:1
SKILL:Swim	RANK:5
ABILITY:CATEGORY=FEAT|Alertness
ABILITY:CATEGORY=FEAT|Endurance
ABILITY:CATEGORY=FEAT|Improved Critical (slam)
ABILITY:CATEGORY=FEAT|Iron Will
ABILITY:CATEGORY=FEAT|Power Attack
ABILITY:CATEGORY=FEAT|Swim-By Attack

STARTPACK:Algidarch Default	TYPE:Default Monster.Humanoid	VISIBLE:QUALIFY	EQUIPBUY:0	PREMULT:1,[PRERACE:1,Algidarch],[!PRERACE:1,%]
ALIGN:CE
RACE:Algidarch	!PRERACE:1,%
NAME:Algidarch
STAT:STR=10|DEX=10|CON=10|INT=10|WIS=10|CHA=10
SKILL:Climb	RANK:1
SKILL:Intimidate	RANK:3
SKILL:Perception	RANK:4
SKILL:Stealth	RANK:1
SKILL:Survival	RANK:2
ABILITY:CATEGORY=FEAT|Intimidating Prowess
ABILITY:CATEGORY=FEAT|Iron Will
ABILITY:CATEGORY=FEAT|Power Attack
ABILITY:CATEGORY=FEAT|Toughness

STARTPACK:Amalgamation Default	TYPE:Default Monster.Construct	VISIBLE:QUALIFY	EQUIPBUY:0	PREMULT:1,[PRERACE:1,Amalgamation],[!PRERACE:1,%]
ALIGN:TN
RACE:Amalgamation	!PRERACE:1,%
NAME:Amalgamation
STAT:STR=10|DEX=10|WIS=10|CHA=10

STARTPACK:Amber Skeleton Default	TYPE:Default Monster.Construct	VISIBLE:QUALIFY	EQUIPBUY:0	PREMULT:1,[PRERACE:1,Amber Skeleton],[!PRERACE:1,%]
ALIGN:TN
RACE:Amber Skeleton	!PRERACE:1,%
NAME:Amber Skeleton
STAT:STR=10|DEX=10|WIS=10|CHA=10

STARTPACK:Ancient Gray Dragon Default	TYPE:Default Monster.Dragon	VISIBLE:QUALIFY	EQUIPBUY:0	PREMULT:1,[PRERACE:1,Ancient Gray Dragon],[!PRERACE:1,%]
ALIGN:NE
RACE:Ancient Gray Dragon	!PRERACE:1,%
NAME:Ancient Gray Dragon
STAT:STR=10|DEX=10|CON=10|INT=10|WIS=10|CHA=10
SKILL:Bluff	RANK:21
SKILL:Fly	RANK:17
SKILL:Intimidate	RANK:21
SKILL:Knowledge (Arcana)	RANK:21
SKILL:Knowledge (Local)	RANK:21
SKILL:Perception	RANK:21
SKILL:Sense Motive	RANK:21
SKILL:Spellcraft	RANK:21
SKILL:Stealth	RANK:13
SKILL:Swim	RANK:21
ABILITY:CATEGORY=FEAT|Alertness
ABILITY:CATEGORY=FEAT|Cleave
ABILITY:CATEGORY=FEAT|Flyby Attack
ABILITY:CATEGORY=FEAT|Great Cleave
ABILITY:CATEGORY=FEAT|Improved Critical (bite)
ABILITY:CATEGORY=FEAT|Improved Initiative
ABILITY:CATEGORY=FEAT|Iron Will
ABILITY:CATEGORY=FEAT|Lightning Reflexes
ABILITY:CATEGORY=FEAT|Multiattack
ABILITY:CATEGORY=FEAT|Power Attack
ABILITY:CATEGORY=FEAT|Weapon Focus (bite)

STARTPACK:Argos Default	TYPE:Default Monster.Monstrous Humanoid	VISIBLE:QUALIFY	EQUIPBUY:0	PREMULT:1,[PRERACE:1,Argos],[!PRERACE:1,%]
ALIGN:NE
RACE:Argos	!PRERACE:1,%
NAME:Argos
STAT:STR=10|DEX=10|CON=10|INT=10|WIS=10|CHA=10
SKILL:Diplomacy	RANK:1
SKILL:Intimidate	RANK:4
SKILL:Knowledge (Planes)	RANK:1
SKILL:Perception	RANK:4
SKILL:Stealth	RANK:4
SKILL:Survival	RANK:4
SKILL:Swim	RANK:4
ABILITY:CATEGORY=FEAT|Great Fortitude
ABILITY:CATEGORY=FEAT|Power Attack

STARTPACK:Asp Mummy Default	TYPE:Default Monster.Undead	VISIBLE:QUALIFY	EQUIPBUY:0	PREMULT:1,[PRERACE:1,Asp Mummy],[!PRERACE:1,%]
ALIGN:LE
RACE:Asp Mummy	!PRERACE:1,%
NAME:Asp Mummy
STAT:STR=10|DEX=10|INT=10|WIS=10|CHA=10
SKILL:Intimidate	RANK:10
SKILL:Perception	RANK:10
SKILL:Stealth	RANK:10
ABILITY:CATEGORY=FEAT|Iron Will
ABILITY:CATEGORY=FEAT|Power Attack
ABILITY:CATEGORY=FEAT|Skill Focus (Perception)
ABILITY:CATEGORY=FEAT|Toughness
ABILITY:CATEGORY=FEAT|Weapon Focus (slam)

STARTPACK:Astral Spider Default	TYPE:Default Monster.Outsider	VISIBLE:QUALIFY	EQUIPBUY:0	PREMULT:1,[PRERACE:1,Astral Spider],[!PRERACE:1,%]
ALIGN:TN
RACE:Astral Spider	!PRERACE:1,%
NAME:Astral Spider
STAT:STR=10|DEX=10|CON=10|INT=10|WIS=10|CHA=10
SKILL:Climb	RANK:11
SKILL:Perception	RANK:11
SKILL:Stealth	RANK:11
ABILITY:CATEGORY=FEAT|Improved Initiative
ABILITY:CATEGORY=FEAT|Iron Will
ABILITY:CATEGORY=FEAT|Lightning Reflexes
ABILITY:CATEGORY=FEAT|Lunge
ABILITY:CATEGORY=FEAT|Power Attack
ABILITY:CATEGORY=FEAT|Skill Focus (Perception)

STARTPACK:Aswang Default	TYPE:Default Monster.Undead	VISIBLE:QUALIFY	EQUIPBUY:0	PREMULT:1,[PRERACE:1,Aswang],[!PRERACE:1,%]
ALIGN:CE
RACE:Aswang	!PRERACE:1,%
NAME:Aswang
STAT:STR=10|DEX=10|INT=10|WIS=10|CHA=10
SKILL:Acrobatics	RANK:1
SKILL:Climb	RANK:4
SKILL:Craft	RANK:4
SKILL:Disguise	RANK:8
SKILL:Knowledge (Any)	RANK:1
SKILL:Perception	RANK:8
SKILL:Stealth	RANK:8
ABILITY:CATEGORY=FEAT|Alertness
ABILITY:CATEGORY=FEAT|Improved Initiative
ABILITY:CATEGORY=FEAT|Power Attack
ABILITY:CATEGORY=FEAT|Toughness

STARTPACK:Baba Yaga Default	TYPE:Default Monster.Monstrous Humanoid	VISIBLE:QUALIFY	EQUIPBUY:0	PREMULT:1,[PRERACE:1,Baba Yaga],[!PRERACE:1,%]
ALIGN:NE
RACE:Baba Yaga	!PRERACE:1,%
NAME:Baba Yaga
STAT:STR=10|DEX=10|CON=10|INT=10|WIS=10|CHA=10
SKILL:Bluff	RANK:9
SKILL:Intimidate	RANK:12
SKILL:Knowledge (Arcana)	RANK:9
SKILL:Knowledge (Nature)	RANK:12
SKILL:Knowledge (Planes)	RANK:9
SKILL:Perception	RANK:12
SKILL:Sense Motive	RANK:12
SKILL:Spellcraft	RANK:9
SKILL:Stealth	RANK:12
SKILL:Use Magic Device	RANK:9
ABILITY:CATEGORY=FEAT|Alertness
ABILITY:CATEGORY=FEAT|Combat Casting
ABILITY:CATEGORY=FEAT|Empower Spell
ABILITY:CATEGORY=FEAT|Improved Initiative
ABILITY:CATEGORY=FEAT|Iron Will
ABILITY:CATEGORY=FEAT|Quicken Spell

STARTPACK:Baboonwere Default	TYPE:Default Monster.Magical Beast	VISIBLE:QUALIFY	EQUIPBUY:0	PREMULT:1,[PRERACE:1,Baboonwere],[!PRERACE:1,%]
ALIGN:CE
RACE:Baboonwere	!PRERACE:1,%
NAME:Baboonwere
STAT:STR=10|DEX=10|CON=10|INT=10|WIS=10|CHA=10
SKILL:Acrobatics	RANK:1
SKILL:Bluff	RANK:1
SKILL:Climb	RANK:1
SKILL:Perception	RANK:1
SKILL:Stealth	RANK:1
SKILL:Survival	RANK:1
ABILITY:CATEGORY=FEAT|Weapon Finesse

STARTPACK:Banyant Default	TYPE:Default Monster.Plant	VISIBLE:QUALIFY	EQUIPBUY:0	PREMULT:1,[PRERACE:1,Banyant],[!PRERACE:1,%]
ALIGN:CG
RACE:Banyant	!PRERACE:1,%
NAME:Banyant
STAT:STR=10|DEX=10|CON=10|INT=10|WIS=10|CHA=10
SKILL:Diplomacy	RANK:3
SKILL:Intimidate	RANK:3
SKILL:Knowledge (Nature)	RANK:3
SKILL:Perception	RANK:8
SKILL:Sense Motive	RANK:3
SKILL:Stealth	RANK:1
SKILL:Survival	RANK:1
ABILITY:CATEGORY=FEAT|Alertness
ABILITY:CATEGORY=FEAT|Cleave
ABILITY:CATEGORY=FEAT|Great Fortitude
ABILITY:CATEGORY=FEAT|Improved Critical (slam)
ABILITY:CATEGORY=FEAT|Iron Will
ABILITY:CATEGORY=FEAT|Power Attack

STARTPACK:Battlehulk Default	TYPE:Default Monster.Construct	VISIBLE:QUALIFY	EQUIPBUY:0	PREMULT:1,[PRERACE:1,Battlehulk],[!PRERACE:1,%]
ALIGN:TN
RACE:Battlehulk	!PRERACE:1,%
NAME:Battlehulk
STAT:STR=10|DEX=10|WIS=10|CHA=10
ABILITY:CATEGORY=FEAT|Greater Bull Rush
ABILITY:CATEGORY=FEAT|Improved Bull Rush

STARTPACK:Black Rot Default	TYPE:Default Monster.Vermin	VISIBLE:QUALIFY	EQUIPBUY:0	PREMULT:1,[PRERACE:1,Black Rot],[!PRERACE:1,%]
ALIGN:TN
RACE:Black Rot	!PRERACE:1,%
NAME:Black Rot
STAT:DEX=10|CON=10|WIS=10|CHA=10
SKILL:Fly	RANK:5
SKILL:Stealth	RANK:1
ABILITY:CATEGORY=FEAT|Ability Focus (disease)

STARTPACK:Black Troll Default	TYPE:Default Monster.Humanoid	VISIBLE:QUALIFY	EQUIPBUY:0	PREMULT:1,[PRERACE:1,Black Troll],[!PRERACE:1,%]
ALIGN:CE
RACE:Black Troll	!PRERACE:1,%
NAME:Black Troll
STAT:STR=10|DEX=10|CON=10|INT=10|WIS=10|CHA=10
SKILL:Climb	RANK:2
SKILL:Intimidate	RANK:8
SKILL:Perception	RANK:6
ABILITY:CATEGORY=FEAT|Intimidating Prowess
ABILITY:CATEGORY=FEAT|Iron Will
ABILITY:CATEGORY=FEAT|Skill Focus (Perception)
ABILITY:CATEGORY=FEAT|Weapon Focus (claw)

STARTPACK:Bladecoin Swarm Default	TYPE:Default Monster.Construct	VISIBLE:QUALIFY	EQUIPBUY:0	PREMULT:1,[PRERACE:1,Bladecoin Swarm],[!PRERACE:1,%]
ALIGN:TN
RACE:Bladecoin Swarm	!PRERACE:1,%
NAME:Bladecoin Swarm
STAT:STR=10|DEX=10|WIS=10|CHA=10
SKILL:Fly	RANK:9

STARTPACK:Blaze Boa Default	TYPE:Default Monster.Magical Beast	VISIBLE:QUALIFY	EQUIPBUY:0	PREMULT:1,[PRERACE:1,Blaze Boa],[!PRERACE:1,%]
ALIGN:TN
RACE:Blaze Boa	!PRERACE:1,%
NAME:Blaze Boa
STAT:STR=10|DEX=10|CON=10|INT=10|WIS=10|CHA=10
SKILL:Acrobatics	RANK:9
SKILL:Climb	RANK:5
SKILL:Perception	RANK:9
SKILL:Stealth	RANK:3
SKILL:Swim	RANK:5
ABILITY:CATEGORY=FEAT|Dodge
ABILITY:CATEGORY=FEAT|Improved Critical (bite)
ABILITY:CATEGORY=FEAT|Skill Focus (Perception)
ABILITY:CATEGORY=FEAT|Toughness
ABILITY:CATEGORY=FEAT|Weapon Focus (bite)

STARTPACK:Blood Orchid Default	TYPE:Default Monster.Aberration	VISIBLE:QUALIFY	EQUIPBUY:0	PREMULT:1,[PRERACE:1,Blood Orchid],[!PRERACE:1,%]
ALIGN:LE
RACE:Blood Orchid	!PRERACE:1,%
NAME:Blood Orchid
STAT:STR=10|DEX=10|CON=10|INT=10|WIS=10|CHA=10
SKILL:Fly	RANK:3
SKILL:Intimidate	RANK:6
SKILL:Knowledge (Dungeoneering)	RANK:7
SKILL:Perception	RANK:7
SKILL:Stealth	RANK:3
ABILITY:CATEGORY=FEAT|Improved Initiative
ABILITY:CATEGORY=FEAT|Iron Will
ABILITY:CATEGORY=FEAT|Lightning Reflexes
ABILITY:CATEGORY=FEAT|Weapon Focus (tentacle)

STARTPACK:Bloodsoaker Vine Default	TYPE:Default Monster.Plant	VISIBLE:QUALIFY	EQUIPBUY:0	PREMULT:1,[PRERACE:1,Bloodsoaker Vine],[!PRERACE:1,%]
ALIGN:TN
RACE:Bloodsoaker Vine	!PRERACE:1,%
NAME:Bloodsoaker Vine
STAT:STR=10|DEX=10|CON=10|INT=10|WIS=10|CHA=10
SKILL:Climb	RANK:5
SKILL:Perception	RANK:5
SKILL:Stealth	RANK:2
ABILITY:CATEGORY=FEAT|Great Fortitude
ABILITY:CATEGORY=FEAT|Iron Will
ABILITY:CATEGORY=FEAT|Power Attack
ABILITY:CATEGORY=FEAT|Toughness
ABILITY:CATEGORY=FEAT|Vital Strike
ABILITY:CATEGORY=FEAT|Weapon Focus (tendril)

STARTPACK:Bloodworm Default	TYPE:Default Monster.Vermin	VISIBLE:QUALIFY	EQUIPBUY:0	PREMULT:1,[PRERACE:1,Bloodworm],[!PRERACE:1,%]
ALIGN:TN
RACE:Bloodworm	!PRERACE:1,%
NAME:Bloodworm
STAT:STR=10|DEX=10|CON=10|WIS=10|CHA=10
SKILL:Swim	RANK:5

STARTPACK:Boarfolk Default	TYPE:Default Monster.Magical Beast	VISIBLE:QUALIFY	EQUIPBUY:0	PREMULT:1,[PRERACE:1,Boarfolk],[!PRERACE:1,%]
ALIGN:TN
RACE:Boarfolk	!PRERACE:1,%
NAME:Boarfolk
STAT:STR=10|DEX=10|CON=10|INT=10|WIS=10|CHA=10
SKILL:Perception	RANK:4
SKILL:Stealth	RANK:1
SKILL:Swim	RANK:5
ABILITY:CATEGORY=FEAT|Cleave
ABILITY:CATEGORY=FEAT|Great Cleave
ABILITY:CATEGORY=FEAT|Improved Sunder
ABILITY:CATEGORY=FEAT|Iron Will
ABILITY:CATEGORY=FEAT|Martial Weapon Proficiency (greatclub)
ABILITY:CATEGORY=FEAT|Power Attack
ABILITY:CATEGORY=FEAT|Toughness

STARTPACK:Bone Crawler Default	TYPE:Default Monster.Aberration	VISIBLE:QUALIFY	EQUIPBUY:0	PREMULT:1,[PRERACE:1,Bone Crawler],[!PRERACE:1,%]
ALIGN:TN
RACE:Bone Crawler	!PRERACE:1,%
NAME:Bone Crawler
STAT:STR=10|DEX=10|CON=10|INT=10|WIS=10|CHA=10
SKILL:Acrobatics	RANK:5
SKILL:Climb	RANK:12
SKILL:Disguise	RANK:3
SKILL:Perception	RANK:10
SKILL:Stealth	RANK:2
ABILITY:CATEGORY=FEAT|Cleave
ABILITY:CATEGORY=FEAT|Improved Critical (bone blade)
ABILITY:CATEGORY=FEAT|Lightning Reflexes
ABILITY:CATEGORY=FEAT|Lunge
ABILITY:CATEGORY=FEAT|Power Attack
ABILITY:CATEGORY=FEAT|Weapon Focus (bone blade)

STARTPACK:Bone Delver Default	TYPE:Default Monster.Undead	VISIBLE:QUALIFY	EQUIPBUY:0	PREMULT:1,[PRERACE:1,Bone Delver],[!PRERACE:1,%]
ALIGN:CE
RACE:Bone Delver	!PRERACE:1,%
NAME:Bone Delver
STAT:STR=10|DEX=10|INT=10|WIS=10|CHA=10
SKILL:Disable Device	RANK:2
SKILL:Knowledge (Local)	RANK:1
SKILL:Perception	RANK:2
SKILL:Stealth	RANK:2
ABILITY:CATEGORY=FEAT|Weapon Finesse

STARTPACK:Bone Swarm Default	TYPE:Default Monster.Undead	VISIBLE:QUALIFY	EQUIPBUY:0	PREMULT:1,[PRERACE:1,Bone Swarm],[!PRERACE:1,%]
ALIGN:NE
RACE:Bone Swarm	!PRERACE:1,%
NAME:Bone Swarm
STAT:STR=10|DEX=10|WIS=10|CHA=10
ABILITY:CATEGORY=FEAT|Improved Initiative

STARTPACK:Boobrie Default	TYPE:Default Monster.Magical Beast	VISIBLE:QUALIFY	EQUIPBUY:0	PREMULT:1,[PRERACE:1,Boobrie],[!PRERACE:1,%]
ALIGN:TN
RACE:Boobrie	!PRERACE:1,%
NAME:Boobrie
STAT:STR=10|DEX=10|CON=10|INT=10|WIS=10|CHA=10
SKILL:Perception	RANK:3
SKILL:Stealth	RANK:2
SKILL:Swim	RANK:9
ABILITY:CATEGORY=FEAT|Ability Focus (wail)
ABILITY:CATEGORY=FEAT|Alertness
ABILITY:CATEGORY=FEAT|Improved Critical (claw)
ABILITY:CATEGORY=FEAT|Power Attack
ABILITY:CATEGORY=FEAT|Swim-By Attack

STARTPACK:Borsin Default	TYPE:Default Monster.Monstrous Humanoid	VISIBLE:QUALIFY	EQUIPBUY:0	PREMULT:1,[PRERACE:1,Borsin],[!PRERACE:1,%]
ALIGN:TN
RACE:Borsin	!PRERACE:1,%
NAME:Borsin
STAT:STR=10|DEX=10|CON=10|INT=10|WIS=10|CHA=10
SKILL:Intimidate	RANK:2
SKILL:Perception	RANK:2
SKILL:Survival	RANK:4
ABILITY:CATEGORY=FEAT|Fleet
ABILITY:CATEGORY=FEAT|Improved Initiative
ABILITY:CATEGORY=FEAT|Run

STARTPACK:Brine Drake Default	TYPE:Default Monster.Dragon	VISIBLE:QUALIFY	EQUIPBUY:0	PREMULT:1,[PRERACE:1,Brine Drake],[!PRERACE:1,%]
ALIGN:NE
RACE:Brine Drake	!PRERACE:1,%
NAME:Brine Drake
STAT:STR=10|DEX=10|CON=10|INT=10|WIS=10|CHA=10
SKILL:Intimidate	RANK:10
SKILL:Perception	RANK:10
SKILL:Stealth	RANK:10
SKILL:Survival	RANK:10
SKILL:Swim	RANK:10
ABILITY:CATEGORY=FEAT|Improved Initiative
ABILITY:CATEGORY=FEAT|Lightning Reflexes
ABILITY:CATEGORY=FEAT|Power Attack
ABILITY:CATEGORY=FEAT|Skill Focus (Stealth)
ABILITY:CATEGORY=FEAT|Swim-By Attack

STARTPACK:Bronze Minotaur Default	TYPE:Default Monster.Construct	VISIBLE:QUALIFY	EQUIPBUY:0	PREMULT:1,[PRERACE:1,Bronze Minotaur],[!PRERACE:1,%]
ALIGN:TN
RACE:Bronze Minotaur	!PRERACE:1,%
NAME:Bronze Minotaur
STAT:STR=10|DEX=10|WIS=10|CHA=10

STARTPACK:Bucentaur Default	TYPE:Default Monster.Monstrous Humanoid	VISIBLE:QUALIFY	EQUIPBUY:0	PREMULT:1,[PRERACE:1,Bucentaur],[!PRERACE:1,%]
ALIGN:CE
RACE:Bucentaur	!PRERACE:1,%
NAME:Bucentaur
STAT:STR=10|DEX=10|CON=10|INT=10|WIS=10|CHA=10
SKILL:Intimidate	RANK:6
SKILL:Perception	RANK:8
SKILL:Stealth	RANK:2
SKILL:Survival	RANK:8
ABILITY:CATEGORY=FEAT|Great Fortitude
ABILITY:CATEGORY=FEAT|Improved Bull Rush
ABILITY:CATEGORY=FEAT|Power Attack
ABILITY:CATEGORY=FEAT|Run

STARTPACK:Burning Ghat Default	TYPE:Default Monster.Undead	VISIBLE:QUALIFY	EQUIPBUY:0	PREMULT:1,[PRERACE:1,Burning Ghat],[!PRERACE:1,%]
ALIGN:CE
RACE:Burning Ghat	!PRERACE:1,%
NAME:Burning Ghat
STAT:STR=10|DEX=10|INT=10|WIS=10|CHA=10
SKILL:Climb	RANK:4
SKILL:Escape Artist	RANK:1
SKILL:Intimidate	RANK:4
SKILL:Perception	RANK:4
SKILL:Stealth	RANK:4
ABILITY:CATEGORY=FEAT|Blind-Fight
ABILITY:CATEGORY=FEAT|Weapon Finesse

STARTPACK:Burrowing Lamprey Default	TYPE:Default Monster.Magical Beast	VISIBLE:QUALIFY	EQUIPBUY:0	PREMULT:1,[PRERACE:1,Burrowing Lamprey],[!PRERACE:1,%]
ALIGN:TN
RACE:Burrowing Lamprey	!PRERACE:1,%
NAME:Burrowing Lamprey
STAT:STR=10|DEX=10|CON=10|INT=10|WIS=10|CHA=10
SKILL:Escape Artist	RANK:1
SKILL:Perception	RANK:1
SKILL:Swim	RANK:1
ABILITY:CATEGORY=FEAT|Improved Initiative
ABILITY:CATEGORY=FEAT|Weapon Finesse

STARTPACK:Cactant Default	TYPE:Default Monster.Plant	VISIBLE:QUALIFY	EQUIPBUY:0	PREMULT:1,[PRERACE:1,Cactant],[!PRERACE:1,%]
ALIGN:CG
RACE:Cactant	!PRERACE:1,%
NAME:Cactant
STAT:STR=10|DEX=10|CON=10|INT=10|WIS=10|CHA=10
SKILL:Diplomacy	RANK:1
SKILL:Intimidate	RANK:1
SKILL:Knowledge (Nature)	RANK:1
SKILL:Perception	RANK:9
SKILL:Sense Motive	RANK:2
SKILL:Stealth	RANK:1
SKILL:Survival	RANK:1
ABILITY:CATEGORY=FEAT|Alertness
ABILITY:CATEGORY=FEAT|Cleave
ABILITY:CATEGORY=FEAT|Iron Will
ABILITY:CATEGORY=FEAT|Power Attack
ABILITY:CATEGORY=FEAT|Skill Focus (Perception)

STARTPACK:Carrion Claw Default	TYPE:Default Monster.Magical Beast	VISIBLE:QUALIFY	EQUIPBUY:0	PREMULT:1,[PRERACE:1,Carrion Claw],[!PRERACE:1,%]
ALIGN:NE
RACE:Carrion Claw	!PRERACE:1,%
NAME:Carrion Claw
STAT:STR=10|DEX=10|CON=10|INT=10|WIS=10|CHA=10
SKILL:Climb	RANK:6
SKILL:Perception	RANK:2
SKILL:Stealth	RANK:6
ABILITY:CATEGORY=FEAT|Improved Initiative
ABILITY:CATEGORY=FEAT|Toughness
ABILITY:CATEGORY=FEAT|Weapon Focus (claw)

STARTPACK:Cavern Crawler Default	TYPE:Default Monster.Magical Beast	VISIBLE:QUALIFY	EQUIPBUY:0	PREMULT:1,[PRERACE:1,Cavern Crawler],[!PRERACE:1,%]
ALIGN:TN
RACE:Cavern Crawler	!PRERACE:1,%
NAME:Cavern Crawler
STAT:STR=10|DEX=10|CON=10|INT=10|WIS=10|CHA=10
SKILL:Climb	RANK:6
SKILL:Perception	RANK:6
ABILITY:CATEGORY=FEAT|Power Attack
ABILITY:CATEGORY=FEAT|Skill Focus (Perception)
ABILITY:CATEGORY=FEAT|Weapon Focus (bite)

STARTPACK:Char Shambler Default	TYPE:Default Monster.Magical Beast	VISIBLE:QUALIFY	EQUIPBUY:0	PREMULT:1,[PRERACE:1,Char Shambler],[!PRERACE:1,%]
ALIGN:CE
RACE:Char Shambler	!PRERACE:1,%
NAME:Char Shambler
STAT:STR=10|DEX=10|CON=10|INT=10|WIS=10|CHA=10
SKILL:Intimidate	RANK:2
SKILL:Perception	RANK:4
SKILL:Stealth	RANK:8
ABILITY:CATEGORY=FEAT|Ability Focus (smoke cloud)
ABILITY:CATEGORY=FEAT|Cleave
ABILITY:CATEGORY=FEAT|Improved Initiative
ABILITY:CATEGORY=FEAT|Iron Will
ABILITY:CATEGORY=FEAT|Power Attack
ABILITY:CATEGORY=FEAT|Skill Focus (Stealth)
ABILITY:CATEGORY=FEAT|Weapon Focus (bite)

STARTPACK:Chike Default	TYPE:Default Monster.Humanoid	VISIBLE:QUALIFY	EQUIPBUY:0	PREMULT:1,[PRERACE:1,Chike],[!PRERACE:1,%]
ALIGN:NE
RACE:Chike	!PRERACE:1,%
NAME:Chike
STAT:STR=10|DEX=10|CON=10|INT=10|WIS=10|CHA=10
SKILL:Perception	RANK:4
SKILL:Stealth	RANK:1
SKILL:Swim	RANK:4
ABILITY:CATEGORY=FEAT|Power Attack
ABILITY:CATEGORY=FEAT|Skill Focus (Perception)

STARTPACK:Chuul-Ttaen Default	TYPE:Default Monster.Aberration	VISIBLE:QUALIFY	EQUIPBUY:0	PREMULT:1,[PRERACE:1,Chuul-Ttaen],[!PRERACE:1,%]
ALIGN:CE
RACE:Chuul-Ttaen	!PRERACE:1,%
NAME:Chuul-Ttaen
STAT:STR=10|DEX=10|CON=10|INT=10|WIS=10|CHA=10
SKILL:Knowledge (Nature)	RANK:7
SKILL:Perception	RANK:14
SKILL:Sense Motive	RANK:6
SKILL:Stealth	RANK:7
SKILL:Swim	RANK:14
ABILITY:CATEGORY=FEAT|Ability Focus (paralysis)
ABILITY:CATEGORY=FEAT|Alertness
ABILITY:CATEGORY=FEAT|Blind-Fight
ABILITY:CATEGORY=FEAT|Combat Reflexes
ABILITY:CATEGORY=FEAT|Improved Initiative
ABILITY:CATEGORY=FEAT|Improved Natural Attack (claw)
ABILITY:CATEGORY=FEAT|Weapon Focus (claw)

STARTPACK:Cimota Default	TYPE:Default Monster.Undead	VISIBLE:QUALIFY	EQUIPBUY:0	PREMULT:1,[PRERACE:1,Cimota],[!PRERACE:1,%]
ALIGN:LE
RACE:Cimota	!PRERACE:1,%
NAME:Cimota
STAT:STR=10|DEX=10|INT=10|WIS=10|CHA=10
SKILL:Diplomacy	RANK:2
SKILL:Fly	RANK:1
SKILL:Intimidate	RANK:5
SKILL:Knowledge (Planes)	RANK:2
SKILL:Perception	RANK:5
SKILL:Sense Motive	RANK:5
SKILL:Stealth	RANK:5
ABILITY:CATEGORY=FEAT|Combat Reflexes
ABILITY:CATEGORY=FEAT|Improved Initiative
ABILITY:CATEGORY=FEAT|Weapon Finesse

STARTPACK:Cinder Knight Default	TYPE:Default Monster.Outsider	VISIBLE:QUALIFY	EQUIPBUY:0	PREMULT:1,[PRERACE:1,Cinder Knight],[!PRERACE:1,%]
ALIGN:TN
RACE:Cinder Knight	!PRERACE:1,%
NAME:Cinder Knight
STAT:STR=10|DEX=10|CON=10|INT=10|WIS=10|CHA=10
SKILL:Diplomacy	RANK:15
SKILL:Intimidate	RANK:15
SKILL:Knowledge (Planes)	RANK:15
SKILL:Perception	RANK:15
SKILL:Sense Motive	RANK:15
SKILL:Survival	RANK:15
ABILITY:CATEGORY=FEAT|Cleave
ABILITY:CATEGORY=FEAT|Critical Focus
ABILITY:CATEGORY=FEAT|Great Cleave
ABILITY:CATEGORY=FEAT|Great Fortitude
ABILITY:CATEGORY=FEAT|Iron Will
ABILITY:CATEGORY=FEAT|Power Attack
ABILITY:CATEGORY=FEAT|Vital Strike
ABILITY:CATEGORY=FEAT|Weapon Focus (greatsword)

STARTPACK:Ciratto Default	TYPE:Default Monster.Outsider	VISIBLE:QUALIFY	EQUIPBUY:0	PREMULT:1,[PRERACE:1,Ciratto],[!PRERACE:1,%]
ALIGN:CE
RACE:Ciratto	!PRERACE:1,%
NAME:Ciratto
STAT:STR=10|DEX=10|CON=10|INT=10|WIS=10|CHA=10
SKILL:Bluff	RANK:15
SKILL:Diplomacy	RANK:15
SKILL:Escape Artist	RANK:12
SKILL:Intimidate	RANK:15
SKILL:Knowledge (Arcana)	RANK:12
SKILL:Knowledge (Planes)	RANK:15
SKILL:Perception	RANK:15
SKILL:Sense Motive	RANK:15
SKILL:Stealth	RANK:15
SKILL:Survival	RANK:15
SKILL:Use Magic Device	RANK:15
ABILITY:CATEGORY=FEAT|Cleave
ABILITY:CATEGORY=FEAT|Critical Focus
ABILITY:CATEGORY=FEAT|Great Cleave
ABILITY:CATEGORY=FEAT|Improved Critical (heavy mace)
ABILITY:CATEGORY=FEAT|Iron Will
ABILITY:CATEGORY=FEAT|Power Attack
ABILITY:CATEGORY=FEAT|Vital Strike
ABILITY:CATEGORY=FEAT|Weapon Focus (snakes)

STARTPACK:Cobalt Viper Default	TYPE:Default Monster.Magical Beast	VISIBLE:QUALIFY	EQUIPBUY:0	PREMULT:1,[PRERACE:1,Cobalt Viper],[!PRERACE:1,%]
ALIGN:TN
RACE:Cobalt Viper	!PRERACE:1,%
NAME:Cobalt Viper
STAT:STR=10|DEX=10|CON=10|INT=10|WIS=10|CHA=10
SKILL:Acrobatics	RANK:5
SKILL:Climb	RANK:5
SKILL:Perception	RANK:5
SKILL:Stealth	RANK:5
SKILL:Swim	RANK:5
ABILITY:CATEGORY=FEAT|Improved Initiative
ABILITY:CATEGORY=FEAT|Weapon Finesse
ABILITY:CATEGORY=FEAT|Weapon Focus (bite)

STARTPACK:Conshee Default	TYPE:Default Monster.Fey	VISIBLE:QUALIFY	EQUIPBUY:0	PREMULT:1,[PRERACE:1,Conshee],[!PRERACE:1,%]
ALIGN:CN
RACE:Conshee	!PRERACE:1,%
NAME:Conshee
STAT:STR=10|DEX=10|CON=10|INT=10|WIS=10|CHA=10
SKILL:Bluff	RANK:1
SKILL:Diplomacy	RANK:1
SKILL:Escape Artist	RANK:1
SKILL:Fly	RANK:1
SKILL:Perception	RANK:1
SKILL:Sleight of Hand	RANK:1
SKILL:Stealth	RANK:1
ABILITY:CATEGORY=FEAT|Alertness

STARTPACK:Coral Giant Default	TYPE:Default Monster.Humanoid	VISIBLE:QUALIFY	EQUIPBUY:0	PREMULT:1,[PRERACE:1,Coral Giant],[!PRERACE:1,%]
ALIGN:CN
RACE:Coral Giant	!PRERACE:1,%
NAME:Coral Giant
STAT:STR=10|DEX=10|CON=10|INT=10|WIS=10|CHA=10
SKILL:Craft (jewelry)	RANK:6
SKILL:Intimidate	RANK:11
SKILL:Perception	RANK:9
SKILL:Sense Motive	RANK:1
SKILL:Survival	RANK:6
SKILL:Swim	RANK:11
ABILITY:CATEGORY=FEAT|Alertness
ABILITY:CATEGORY=FEAT|Cleave
ABILITY:CATEGORY=FEAT|Dodge
ABILITY:CATEGORY=FEAT|Intimidating Prowess
ABILITY:CATEGORY=FEAT|Power Attack
ABILITY:CATEGORY=FEAT|Skill Focus (Perception)
ABILITY:CATEGORY=FEAT|Weapon Focus (trident)

STARTPACK:Crag Giant Default	TYPE:Default Monster.Humanoid	VISIBLE:QUALIFY	EQUIPBUY:0	PREMULT:1,[PRERACE:1,Crag Giant],[!PRERACE:1,%]
ALIGN:CE
RACE:Crag Giant	!PRERACE:1,%
NAME:Crag Giant
STAT:STR=10|DEX=10|CON=10|INT=10|WIS=10|CHA=10
SKILL:Climb	RANK:12
SKILL:Intimidate	RANK:14
SKILL:Perception	RANK:10
SKILL:Stealth	RANK:1
SKILL:Survival	RANK:1
ABILITY:CATEGORY=FEAT|Awesome Blow
ABILITY:CATEGORY=FEAT|Cleave
ABILITY:CATEGORY=FEAT|Improved Bull Rush
ABILITY:CATEGORY=FEAT|Improved Sunder
ABILITY:CATEGORY=FEAT|Intimidating Prowess
ABILITY:CATEGORY=FEAT|Iron Will
ABILITY:CATEGORY=FEAT|Martial Weapon Proficiency (greatclub)
ABILITY:CATEGORY=FEAT|Power Attack

STARTPACK:Crawling Offspring Default	TYPE:Default Monster.Aberration	VISIBLE:QUALIFY	EQUIPBUY:0	PREMULT:1,[PRERACE:1,Crawling Offspring],[!PRERACE:1,%]
ALIGN:TN
RACE:Crawling Offspring	!PRERACE:1,%
NAME:Crawling Offspring
STAT:STR=10|DEX=10|CON=10|INT=10|WIS=10|CHA=10
SKILL:Climb	RANK:4
SKILL:Perception	RANK:6
ABILITY:CATEGORY=FEAT|Alertness
ABILITY:CATEGORY=FEAT|Great Fortitude
ABILITY:CATEGORY=FEAT|Iron Will
ABILITY:CATEGORY=FEAT|Toughness

STARTPACK:Crimson Death Default	TYPE:Default Monster.Aberration	VISIBLE:QUALIFY	EQUIPBUY:0	PREMULT:1,[PRERACE:1,Crimson Death],[!PRERACE:1,%]
ALIGN:NE
RACE:Crimson Death	!PRERACE:1,%
NAME:Crimson Death
STAT:STR=10|DEX=10|CON=10|INT=10|WIS=10|CHA=10
SKILL:Climb	RANK:17
SKILL:Escape Artist	RANK:17
SKILL:Knowledge (Dungeoneering)	RANK:17
SKILL:Perception	RANK:17
SKILL:Stealth	RANK:17
SKILL:Survival	RANK:17
SKILL:Swim	RANK:17
ABILITY:CATEGORY=FEAT|Agile Maneuvers
ABILITY:CATEGORY=FEAT|Great Fortitude
ABILITY:CATEGORY=FEAT|Improved Initiative
ABILITY:CATEGORY=FEAT|Iron Will
ABILITY:CATEGORY=FEAT|Lightning Reflexes
ABILITY:CATEGORY=FEAT|Skill Focus (Perception)
ABILITY:CATEGORY=FEAT|Skill Focus (Stealth)
ABILITY:CATEGORY=FEAT|Weapon Finesse
ABILITY:CATEGORY=FEAT|Weapon Focus (tentacles)

STARTPACK:Crysolax Default	TYPE:Default Monster.Outsider	VISIBLE:QUALIFY	EQUIPBUY:0	PREMULT:1,[PRERACE:1,Crysolax],[!PRERACE:1,%]
ALIGN:LE
RACE:Crysolax	!PRERACE:1,%
NAME:Crysolax
STAT:STR=10|DEX=10|CON=10|INT=10|WIS=10|CHA=10
SKILL:Acrobatics	RANK:15
SKILL:Climb	RANK:15
SKILL:Escape Artist	RANK:15
SKILL:Knowledge (Planes)	RANK:15
SKILL:Perception	RANK:15
SKILL:Sense Motive	RANK:1
SKILL:Stealth	RANK:7
SKILL:Survival	RANK:15
ABILITY:CATEGORY=FEAT|Ability Focus (petrifying bite)
ABILITY:CATEGORY=FEAT|Alertness
ABILITY:CATEGORY=FEAT|Improved Critical (claw)
ABILITY:CATEGORY=FEAT|Improved Initiative
ABILITY:CATEGORY=FEAT|Power Attack
ABILITY:CATEGORY=FEAT|Weapon Focus (claw)
ABILITY:CATEGORY=FEAT|Great Fortitude
ABILITY:CATEGORY=FEAT|Vital Strike

STARTPACK:Crystalline Golem Default	TYPE:Default Monster.Construct	VISIBLE:QUALIFY	EQUIPBUY:0	PREMULT:1,[PRERACE:1,Crystalline Golem],[!PRERACE:1,%]
ALIGN:TN
RACE:Crystalline Golem	!PRERACE:1,%
NAME:Crystalline Golem
STAT:STR=10|DEX=10|WIS=10|CHA=10

STARTPACK:Dantalion Default	TYPE:Default Monster.Outsider	VISIBLE:QUALIFY	EQUIPBUY:0	PREMULT:1,[PRERACE:1,Dantalion],[!PRERACE:1,%]
ALIGN:LE
RACE:Dantalion	!PRERACE:1,%
NAME:Dantalion
STAT:STR=10|DEX=10|CON=10|INT=10|WIS=10|CHA=10
SKILL:Bluff	RANK:23
SKILL:Climb	RANK:23
SKILL:Diplomacy	RANK:23
SKILL:Disguise	RANK:22
SKILL:Intimidate	RANK:23
SKILL:Knowledge (Arcana)	RANK:20
SKILL:Knowledge (Planes)	RANK:23
SKILL:Knowledge (Religion)	RANK:23
SKILL:Perception	RANK:23
SKILL:Sense Motive	RANK:23
SKILL:Spellcraft	RANK:20
SKILL:Stealth	RANK:23
SKILL:Survival	RANK:23
SKILL:Use Magic Device	RANK:20
ABILITY:CATEGORY=FEAT|Blind-Fight
ABILITY:CATEGORY=FEAT|Cleave
ABILITY:CATEGORY=FEAT|Combat Casting
ABILITY:CATEGORY=FEAT|Deceitful
ABILITY:CATEGORY=FEAT|Empower Spell
ABILITY:CATEGORY=FEAT|Great Fortitude
ABILITY:CATEGORY=FEAT|Improved Initiative
ABILITY:CATEGORY=FEAT|Iron Will
ABILITY:CATEGORY=FEAT|Power Attack
ABILITY:CATEGORY=FEAT|Quicken Spell-Like Ability (fireball)
ABILITY:CATEGORY=FEAT|Vital Strike
ABILITY:CATEGORY=FEAT|Weapon Focus (mace)

STARTPACK:Daochyn Default	TYPE:Default Monster.Outsider	VISIBLE:QUALIFY	EQUIPBUY:0	PREMULT:1,[PRERACE:1,Daochyn],[!PRERACE:1,%]
ALIGN:TN
RACE:Daochyn	!PRERACE:1,%
NAME:Daochyn
STAT:STR=10|DEX=10|CON=10|INT=10|WIS=10|CHA=10
SKILL:Knowledge (Planes)	RANK:8
SKILL:Perception	RANK:8
SKILL:Stealth	RANK:8
SKILL:Swim	RANK:8
ABILITY:CATEGORY=FEAT|Dodge
ABILITY:CATEGORY=FEAT|Lunge
ABILITY:CATEGORY=FEAT|Mobility
ABILITY:CATEGORY=FEAT|Power Attack

STARTPACK:Dark Custodian Default	TYPE:Default Monster.Undead	VISIBLE:QUALIFY	EQUIPBUY:0	PREMULT:1,[PRERACE:1,Dark Custodian],[!PRERACE:1,%]
ALIGN:NE
RACE:Dark Custodian	!PRERACE:1,%
NAME:Dark Custodian
STAT:STR=10|DEX=10|INT=10|WIS=10|CHA=10
SKILL:Fly	RANK:14
SKILL:Intimidate	RANK:14
SKILL:Knowledge (Religion)	RANK:14
SKILL:Perception	RANK:14
SKILL:Spellcraft	RANK:14
SKILL:Stealth	RANK:14
ABILITY:CATEGORY=FEAT|Blind-Fight
ABILITY:CATEGORY=FEAT|Dodge
ABILITY:CATEGORY=FEAT|Improved Initiative
ABILITY:CATEGORY=FEAT|Mobility
ABILITY:CATEGORY=FEAT|Skill Focus (Perception)
ABILITY:CATEGORY=FEAT|Spring Attack
ABILITY:CATEGORY=FEAT|Weapon Finesse

STARTPACK:Deadly Mandrake Default	TYPE:Default Monster.Plant	VISIBLE:QUALIFY	EQUIPBUY:0	PREMULT:1,[PRERACE:1,Deadly Mandrake],[!PRERACE:1,%]
ALIGN:TN
RACE:Deadly Mandrake	!PRERACE:1,%
NAME:Deadly Mandrake
STAT:STR=10|DEX=10|CON=10|INT=10|WIS=10|CHA=10
SKILL:Acrobatics	RANK:1
SKILL:Escape Artist	RANK:1
SKILL:Knowledge (Nature)	RANK:1
SKILL:Perception	RANK:3
SKILL:Perform (sing)	RANK:1
SKILL:Sense Motive	RANK:1
SKILL:Stealth	RANK:3
ABILITY:CATEGORY=FEAT|Alertness
ABILITY:CATEGORY=FEAT|Weapon Finesse

STARTPACK:Death Naga Default	TYPE:Default Monster.Undead	VISIBLE:QUALIFY	EQUIPBUY:0	PREMULT:1,[PRERACE:1,Death Naga],[!PRERACE:1,%]
ALIGN:LE
RACE:Death Naga	!PRERACE:1,%
NAME:Death Naga
STAT:STR=10|DEX=10|INT=10|WIS=10|CHA=10
SKILL:Bluff	RANK:6
SKILL:Diplomacy	RANK:6
SKILL:Escape Artist	RANK:11
SKILL:Intimidate	RANK:6
SKILL:Knowledge (Arcana)	RANK:9
SKILL:Perception	RANK:11
SKILL:Sense Motive	RANK:11
SKILL:Spellcraft	RANK:9
SKILL:Stealth	RANK:11
ABILITY:CATEGORY=FEAT|Ability Focus (atrophic breath)
ABILITY:CATEGORY=FEAT|Alertness
ABILITY:CATEGORY=FEAT|Combat Casting
ABILITY:CATEGORY=FEAT|Dodge
ABILITY:CATEGORY=FEAT|Eschew Materials
ABILITY:CATEGORY=FEAT|Lightning Reflexes
ABILITY:CATEGORY=FEAT|Stealthy

STARTPACK:Death's Head Inphidian Default	TYPE:Default Monster.Monstrous Humanoid	VISIBLE:QUALIFY	EQUIPBUY:0	PREMULT:1,[PRERACE:1,Death's Head Inphidian],[!PRERACE:1,%]
ALIGN:NE
RACE:Death's Head Inphidian	!PRERACE:1,%
NAME:Death's Head Inphidian
STAT:STR=10|DEX=10|CON=10|INT=10|WIS=10|CHA=10
SKILL:Acrobatics	RANK:1
SKILL:Bluff	RANK:1
SKILL:Climb	RANK:4
SKILL:Diplomacy	RANK:5
SKILL:Intimidate	RANK:8
SKILL:Knowledge (History)	RANK:1
SKILL:Knowledge (Religion)	RANK:4
SKILL:Perception	RANK:8
SKILL:Sense Motive	RANK:1
SKILL:Stealth	RANK:8
SKILL:Survival	RANK:8
ABILITY:CATEGORY=FEAT|Blind-Fight
ABILITY:CATEGORY=FEAT|Great Fortitude
ABILITY:CATEGORY=FEAT|Improved Initiative
ABILITY:CATEGORY=FEAT|Weapon Focus (snake-hands)

STARTPACK:Deathstroke Serpent Default	TYPE:Default Monster.Magical Beast	VISIBLE:QUALIFY	EQUIPBUY:0	PREMULT:1,[PRERACE:1,Deathstroke Serpent],[!PRERACE:1,%]
ALIGN:CE
RACE:Deathstroke Serpent	!PRERACE:1,%
NAME:Deathstroke Serpent
STAT:STR=10|DEX=10|CON=10|INT=10|WIS=10|CHA=10
SKILL:Acrobatics	RANK:14
SKILL:Climb	RANK:11
SKILL:Knowledge (Any)	RANK:4
SKILL:Knowledge (Arcana)	RANK:1
SKILL:Knowledge (Planes)	RANK:4
SKILL:Knowledge (Religion)	RANK:1
SKILL:Perception	RANK:14
SKILL:Stealth	RANK:3
SKILL:Swim	RANK:5
ABILITY:CATEGORY=FEAT|Dodge
ABILITY:CATEGORY=FEAT|Improved Critical (bite)
ABILITY:CATEGORY=FEAT|Improved Initiative
ABILITY:CATEGORY=FEAT|Power Attack
ABILITY:CATEGORY=FEAT|Skill Focus (Perception)
ABILITY:CATEGORY=FEAT|Toughness
ABILITY:CATEGORY=FEAT|Weapon Focus (bite)

STARTPACK:Defender Globe Default	TYPE:Default Monster.Outsider	VISIBLE:QUALIFY	EQUIPBUY:0	PREMULT:1,[PRERACE:1,Defender Globe],[!PRERACE:1,%]
ALIGN:TN
RACE:Defender Globe	!PRERACE:1,%
NAME:Defender Globe
STAT:STR=10|DEX=10|CON=10|INT=10|WIS=10|CHA=10
SKILL:Fly	RANK:4
SKILL:Knowledge (Planes)	RANK:4
SKILL:Perception	RANK:4
ABILITY:CATEGORY=FEAT|Dodge
ABILITY:CATEGORY=FEAT|Mobility

STARTPACK:Demonic Mist Default	TYPE:Default Monster.Outsider	VISIBLE:QUALIFY	EQUIPBUY:0	PREMULT:1,[PRERACE:1,Demonic Mist],[!PRERACE:1,%]
ALIGN:CE
RACE:Demonic Mist	!PRERACE:1,%
NAME:Demonic Mist
STAT:DEX=10|CON=10|INT=10|WIS=10|CHA=10
SKILL:Acrobatics	RANK:5
SKILL:Escape Artist	RANK:5
SKILL:Fly	RANK:5
SKILL:Knowledge (Planes)	RANK:5
SKILL:Perception	RANK:5
SKILL:Stealth	RANK:5
ABILITY:CATEGORY=FEAT|Dodge
ABILITY:CATEGORY=FEAT|Improved Initiative
ABILITY:CATEGORY=FEAT|Weapon Finesse

STARTPACK:Devouring Mist Default	TYPE:Default Monster.Undead	VISIBLE:QUALIFY	EQUIPBUY:0	PREMULT:1,[PRERACE:1,Devouring Mist],[!PRERACE:1,%]
ALIGN:NE
RACE:Devouring Mist	!PRERACE:1,%
NAME:Devouring Mist
STAT:STR=10|DEX=10|INT=10|WIS=10|CHA=10
SKILL:Fly	RANK:14
SKILL:Perception	RANK:14
SKILL:Stealth	RANK:14
ABILITY:CATEGORY=FEAT|Dodge
ABILITY:CATEGORY=FEAT|Great Fortitude
ABILITY:CATEGORY=FEAT|Improved Channel Resistance
ABILITY:CATEGORY=FEAT|Lightning Reflexes
ABILITY:CATEGORY=FEAT|Mobility
ABILITY:CATEGORY=FEAT|Skill Focus (Perception)
ABILITY:CATEGORY=FEAT|Skill Focus (Stealth)

STARTPACK:Dimensional Slug Default	TYPE:Default Monster.Magical Beast	VISIBLE:QUALIFY	EQUIPBUY:0	PREMULT:1,[PRERACE:1,Dimensional Slug],[!PRERACE:1,%]
ALIGN:TN
RACE:Dimensional Slug	!PRERACE:1,%
NAME:Dimensional Slug
STAT:STR=10|DEX=10|CON=10|INT=10|WIS=10|CHA=10
SKILL:Climb	RANK:1
SKILL:Perception	RANK:6
SKILL:Stealth	RANK:1
ABILITY:CATEGORY=FEAT|Dodge
ABILITY:CATEGORY=FEAT|Endurance
ABILITY:CATEGORY=FEAT|Great Fortitude
ABILITY:CATEGORY=FEAT|Improved Initiative
ABILITY:CATEGORY=FEAT|Iron Will
ABILITY:CATEGORY=FEAT|Power Attack
ABILITY:CATEGORY=FEAT|Skill Focus (Stealth)

STARTPACK:Dire Fox Default	TYPE:Default Monster.Animal	VISIBLE:QUALIFY	EQUIPBUY:0	PREMULT:1,[PRERACE:1,Dire Fox],[!PRERACE:1,%]
ALIGN:TN
RACE:Dire Fox	!PRERACE:1,%
NAME:Dire Fox
STAT:STR=10|DEX=10|CON=10|INT=10|WIS=10|CHA=10
SKILL:Acrobatics	RANK:1
SKILL:Perception	RANK:4
SKILL:Stealth	RANK:4
SKILL:Survival	RANK:2
ABILITY:CATEGORY=FEAT|Great Fortitude
ABILITY:CATEGORY=FEAT|Weapon Finesse

STARTPACK:Dire Mastiff Default	TYPE:Default Monster.Animal	VISIBLE:QUALIFY	EQUIPBUY:0	PREMULT:1,[PRERACE:1,Dire Mastiff],[!PRERACE:1,%]
ALIGN:TN
RACE:Dire Mastiff	!PRERACE:1,%
NAME:Dire Mastiff
STAT:STR=10|DEX=10|CON=10|INT=10|WIS=10|CHA=10
SKILL:Acrobatics	RANK:2
SKILL:Perception	RANK:5
SKILL:Survival	RANK:1
ABILITY:CATEGORY=FEAT|Power Attack
ABILITY:CATEGORY=FEAT|Skill Focus (Perception)
ABILITY:CATEGORY=FEAT|Weapon Focus (bite)

STARTPACK:Dire Rat Megaswarm Default	TYPE:Default Monster.Animal	VISIBLE:QUALIFY	EQUIPBUY:0	PREMULT:1,[PRERACE:1,Dire Rat Megaswarm],[!PRERACE:1,%]
ALIGN:TN
RACE:Dire Rat Megaswarm	!PRERACE:1,%
NAME:Dire Rat Megaswarm
STAT:STR=10|DEX=10|CON=10|INT=10|WIS=10|CHA=10
SKILL:Climb	RANK:8
SKILL:Perception	RANK:7
SKILL:Stealth	RANK:8
SKILL:Swim	RANK:8
ABILITY:CATEGORY=FEAT|Great Fortitude
ABILITY:CATEGORY=FEAT|Improved Initiative
ABILITY:CATEGORY=FEAT|Skill Focus (Perception)
ABILITY:CATEGORY=FEAT|Toughness

STARTPACK:Dire Stag Default	TYPE:Default Monster.Animal	VISIBLE:QUALIFY	EQUIPBUY:0	PREMULT:1,[PRERACE:1,Dire Stag],[!PRERACE:1,%]
ALIGN:TN
RACE:Dire Stag	!PRERACE:1,%
NAME:Dire Stag
STAT:STR=10|DEX=10|CON=10|INT=10|WIS=10|CHA=10
SKILL:Perception	RANK:5
SKILL:Stealth	RANK:2
ABILITY:CATEGORY=FEAT|Dodge
ABILITY:CATEGORY=FEAT|Lightning Reflexes
ABILITY:CATEGORY=FEAT|Multiattack
ABILITY:CATEGORY=FEAT|Run

STARTPACK:Dire Worg Default	TYPE:Default Monster.Magical Beast	VISIBLE:QUALIFY	EQUIPBUY:0	PREMULT:1,[PRERACE:1,Dire Worg],[!PRERACE:1,%]
ALIGN:NE
RACE:Dire Worg	!PRERACE:1,%
NAME:Dire Worg
STAT:STR=10|DEX=10|CON=10|INT=10|WIS=10|CHA=10
SKILL:Acrobatics	RANK:2
SKILL:Perception	RANK:7
SKILL:Stealth	RANK:1
SKILL:Survival	RANK:1
ABILITY:CATEGORY=FEAT|Improved Natural Attack (bite)
ABILITY:CATEGORY=FEAT|Run
ABILITY:CATEGORY=FEAT|Skill Focus (Perception)
ABILITY:CATEGORY=FEAT|Weapon Focus (bite)

STARTPACK:Dobie Default	TYPE:Default Monster.Fey	VISIBLE:QUALIFY	EQUIPBUY:0	PREMULT:1,[PRERACE:1,Dobie],[!PRERACE:1,%]
ALIGN:CN
RACE:Dobie	!PRERACE:1,%
NAME:Dobie
STAT:STR=10|DEX=10|CON=10|INT=10|WIS=10|CHA=10
SKILL:Bluff	RANK:6
SKILL:Craft (any one)	RANK:3
SKILL:Diplomacy	RANK:3
SKILL:Escape Artist	RANK:6
SKILL:Handle Animal	RANK:1
SKILL:Knowledge (Nature)	RANK:6
SKILL:Perception	RANK:6
SKILL:Perform (dancing)	RANK:3
SKILL:Stealth	RANK:6
ABILITY:CATEGORY=FEAT|Dodge
ABILITY:CATEGORY=FEAT|Improved Initiative
ABILITY:CATEGORY=FEAT|Iron Will

STARTPACK:Dracohydra Default	TYPE:Default Monster.Magical Beast	VISIBLE:QUALIFY	EQUIPBUY:0	PREMULT:1,[PRERACE:1,Dracohydra],[!PRERACE:1,%]
ALIGN:TN
RACE:Dracohydra	!PRERACE:1,%
NAME:Dracohydra
STAT:STR=10|DEX=10|CON=10|INT=10|WIS=10|CHA=10
SKILL:Intimidate	RANK:2
SKILL:Perception	RANK:9
SKILL:Swim	RANK:5
ABILITY:CATEGORY=FEAT|Combat Reflexes
ABILITY:CATEGORY=FEAT|Iron Will
ABILITY:CATEGORY=FEAT|Lightning Reflexes
ABILITY:CATEGORY=FEAT|Lunge
ABILITY:CATEGORY=FEAT|Toughness
ABILITY:CATEGORY=FEAT|Weapon Focus (bite)

STARTPACK:Dreadweed Default	TYPE:Default Monster.Plant	VISIBLE:QUALIFY	EQUIPBUY:0	PREMULT:1,[PRERACE:1,Dreadweed],[!PRERACE:1,%]
ALIGN:CE
RACE:Dreadweed	!PRERACE:1,%
NAME:Dreadweed
STAT:STR=10|DEX=10|CON=10|INT=10|WIS=10|CHA=10
SKILL:Perception	RANK:4
SKILL:Stealth	RANK:4
ABILITY:CATEGORY=FEAT|Combat Reflexes
ABILITY:CATEGORY=FEAT|Dodge
ABILITY:CATEGORY=FEAT|Improved Initiative
ABILITY:CATEGORY=FEAT|Weapon Focus (vine)

STARTPACK:Dretch Megaswarm Default	TYPE:Default Monster.Outsider	VISIBLE:QUALIFY	EQUIPBUY:0	PREMULT:1,[PRERACE:1,Dretch Megaswarm],[!PRERACE:1,%]
ALIGN:CE
RACE:Dretch Megaswarm	!PRERACE:1,%
NAME:Dretch Megaswarm
STAT:STR=10|DEX=10|CON=10|INT=10|WIS=10|CHA=10
SKILL:Escape Artist	RANK:16
SKILL:Perception	RANK:16
SKILL:Stealth	RANK:16
ABILITY:CATEGORY=FEAT|Dodge
ABILITY:CATEGORY=FEAT|Endurance
ABILITY:CATEGORY=FEAT|Great Fortitude
ABILITY:CATEGORY=FEAT|Improved Initiative
ABILITY:CATEGORY=FEAT|Iron Will
ABILITY:CATEGORY=FEAT|Lightning Reflexes
ABILITY:CATEGORY=FEAT|Skill Focus (Perception)
ABILITY:CATEGORY=FEAT|Stealthy
ABILITY:CATEGORY=FEAT|Toughness

STARTPACK:Dromosphinx Default	TYPE:Default Monster.Magical Beast	VISIBLE:QUALIFY	EQUIPBUY:0	PREMULT:1,[PRERACE:1,Dromosphinx],[!PRERACE:1,%]
ALIGN:NE
RACE:Dromosphinx	!PRERACE:1,%
NAME:Dromosphinx
STAT:STR=10|DEX=10|CON=10|INT=10|WIS=10|CHA=10
SKILL:Bluff	RANK:8
SKILL:Fly	RANK:1
SKILL:Intimidate	RANK:11
SKILL:Knowledge (Any One)	RANK:3
SKILL:Perception	RANK:11
SKILL:Sense Motive	RANK:1
ABILITY:CATEGORY=FEAT|Alertness
ABILITY:CATEGORY=FEAT|Flyby Attack
ABILITY:CATEGORY=FEAT|Hover
ABILITY:CATEGORY=FEAT|Improved Critical (bite)
ABILITY:CATEGORY=FEAT|Power Attack
ABILITY:CATEGORY=FEAT|Skill Focus (Intimidate)

STARTPACK:Dune Horror Default	TYPE:Default Monster.Magical Beast	VISIBLE:QUALIFY	EQUIPBUY:0	PREMULT:1,[PRERACE:1,Dune Horror],[!PRERACE:1,%]
ALIGN:TN
RACE:Dune Horror	!PRERACE:1,%
NAME:Dune Horror
STAT:STR=10|DEX=10|CON=10|INT=10|WIS=10|CHA=10
SKILL:Climb	RANK:1
SKILL:Perception	RANK:16
SKILL:Stealth	RANK:8
ABILITY:CATEGORY=FEAT|Awesome Blow
ABILITY:CATEGORY=FEAT|Great Fortitude
ABILITY:CATEGORY=FEAT|Improved Bull Rush
ABILITY:CATEGORY=FEAT|Improved Critical (bite)
ABILITY:CATEGORY=FEAT|Improved Initiative
ABILITY:CATEGORY=FEAT|Power Attack
ABILITY:CATEGORY=FEAT|Weapon Focus (bite)
ABILITY:CATEGORY=FEAT|Weapon Focus (sting)
ABILITY:CATEGORY=FEAT|Weapon Focus (claw)

STARTPACK:Ebon Ooze Default	TYPE:Default Monster.Ooze	VISIBLE:QUALIFY	EQUIPBUY:0	PREMULT:1,[PRERACE:1,Ebon Ooze],[!PRERACE:1,%]
ALIGN:NE
RACE:Ebon Ooze	!PRERACE:1,%
NAME:Ebon Ooze
STAT:STR=10|DEX=10|CON=10|INT=10|WIS=10|CHA=10
SKILL:Stealth	RANK:1
ABILITY:CATEGORY=FEAT|Improved Initiative
ABILITY:CATEGORY=FEAT|Lightning Reflexes
ABILITY:CATEGORY=FEAT|Skill Focus (Stealth)
ABILITY:CATEGORY=FEAT|Toughness
ABILITY:CATEGORY=FEAT|Weapon Focus (slam)

STARTPACK:Ebony Horse Default	TYPE:Default Monster.Outsider	VISIBLE:QUALIFY	EQUIPBUY:0	PREMULT:1,[PRERACE:1,Ebony Horse],[!PRERACE:1,%]
ALIGN:TN
RACE:Ebony Horse	!PRERACE:1,%
NAME:Ebony Horse
STAT:STR=10|DEX=10|CON=10|INT=10|WIS=10|CHA=10
SKILL:Fly	RANK:8
SKILL:Intimidate	RANK:8
SKILL:Knowledge (Planes)	RANK:8
SKILL:Perception	RANK:8
SKILL:Sense Motive	RANK:8
SKILL:Stealth	RANK:4
SKILL:Survival	RANK:8
ABILITY:CATEGORY=FEAT|Alertness
ABILITY:CATEGORY=FEAT|Endurance
ABILITY:CATEGORY=FEAT|Flyby Attack
ABILITY:CATEGORY=FEAT|Run

STARTPACK:Edon Default	TYPE:Default Monster.Magical Beast	VISIBLE:QUALIFY	EQUIPBUY:0	PREMULT:1,[PRERACE:1,Edon],[!PRERACE:1,%]
ALIGN:TN
RACE:Edon	!PRERACE:1,%
NAME:Edon
STAT:STR=10|DEX=10|CON=10|INT=10|WIS=10|CHA=10
SKILL:Acrobatics	RANK:2
SKILL:Climb	RANK:2
SKILL:Perception	RANK:1
ABILITY:CATEGORY=FEAT|Weapon Finesse

STARTPACK:Ekimmu Default	TYPE:Default Monster.Undead	VISIBLE:QUALIFY	EQUIPBUY:0	PREMULT:1,[PRERACE:1,Ekimmu],[!PRERACE:1,%]
ALIGN:CE
RACE:Ekimmu	!PRERACE:1,%
NAME:Ekimmu
STAT:DEX=10|INT=10|WIS=10|CHA=10
SKILL:Fly	RANK:8
SKILL:Intimidate	RANK:8
SKILL:Knowledge (Local)	RANK:5
SKILL:Perception	RANK:8
SKILL:Sense Motive	RANK:8
SKILL:Stealth	RANK:8
ABILITY:CATEGORY=FEAT|Ability Focus (malevolence)
ABILITY:CATEGORY=FEAT|Dodge
ABILITY:CATEGORY=FEAT|Improved Initiative
ABILITY:CATEGORY=FEAT|Iron Will
ABILITY:CATEGORY=FEAT|Toughness

STARTPACK:Elder Salt Elemental Default	TYPE:Default Monster.Outsider	VISIBLE:QUALIFY	EQUIPBUY:0	PREMULT:1,[PRERACE:1,Elder Salt Elemental],[!PRERACE:1,%]
ALIGN:TN
RACE:Elder Salt Elemental	!PRERACE:1,%
NAME:Elder Salt Elemental
STAT:STR=10|DEX=10|CON=10|INT=10|WIS=10|CHA=10
SKILL:Climb	RANK:12
SKILL:Intimidate	RANK:9
SKILL:Knowledge (Dungeoneering)	RANK:12
SKILL:Knowledge (Planes)	RANK:12
SKILL:Perception	RANK:12
SKILL:Stealth	RANK:4
ABILITY:CATEGORY=FEAT|Cleave
ABILITY:CATEGORY=FEAT|Great Cleave
ABILITY:CATEGORY=FEAT|Improved Bull Rush
ABILITY:CATEGORY=FEAT|Power Attack
ABILITY:CATEGORY=FEAT|Step Up
ABILITY:CATEGORY=FEAT|Weapon Focus (claws)

STARTPACK:Elder Smoke Elemental Default	TYPE:Default Monster.Outsider	VISIBLE:QUALIFY	EQUIPBUY:0	PREMULT:1,[PRERACE:1,Elder Smoke Elemental],[!PRERACE:1,%]
ALIGN:TN
RACE:Elder Smoke Elemental	!PRERACE:1,%
NAME:Elder Smoke Elemental
STAT:STR=10|DEX=10|CON=10|INT=10|WIS=10|CHA=10
SKILL:Escape Artist	RANK:16
SKILL:Fly	RANK:16
SKILL:Intimidate	RANK:16
SKILL:Knowledge (Planes)	RANK:16
SKILL:Perception	RANK:16
SKILL:Stealth	RANK:8
ABILITY:CATEGORY=FEAT|Blind-Fight
ABILITY:CATEGORY=FEAT|Combat Reflexes
ABILITY:CATEGORY=FEAT|Dodge
ABILITY:CATEGORY=FEAT|Flyby Attack
ABILITY:CATEGORY=FEAT|Improved Initiative
ABILITY:CATEGORY=FEAT|Mobility
ABILITY:CATEGORY=FEAT|Spring Attack
ABILITY:CATEGORY=FEAT|Weapon Finesse

STARTPACK:Elder Witchlights Default	TYPE:Default Monster.Fey	VISIBLE:QUALIFY	EQUIPBUY:0	PREMULT:1,[PRERACE:1,Elder Witchlights],[!PRERACE:1,%]
ALIGN:TN
RACE:Elder Witchlights	!PRERACE:1,%
NAME:Elder Witchlights
STAT:STR=10|DEX=10|CON=10|INT=10|WIS=10|CHA=10
SKILL:Acrobatics	RANK:1
SKILL:Fly	RANK:1
SKILL:Perception	RANK:1
SKILL:Stealth	RANK:1
ABILITY:CATEGORY=FEAT|Skill Focus (Perception)

STARTPACK:Elven Wasp Default	TYPE:Default Monster.Vermin	VISIBLE:QUALIFY	EQUIPBUY:0	PREMULT:1,[PRERACE:1,Elven Wasp],[!PRERACE:1,%]
ALIGN:TN
RACE:Elven Wasp	!PRERACE:1,%
NAME:Elven Wasp
STAT:STR=10|DEX=10|CON=10|WIS=10|CHA=10
SKILL:Fly	RANK:1
SKILL:Perception	RANK:5
SKILL:Stealth	RANK:1

STARTPACK:Emberleaf Default	TYPE:Default Monster.Plant	VISIBLE:QUALIFY	EQUIPBUY:0	PREMULT:1,[PRERACE:1,Emberleaf],[!PRERACE:1,%]
ALIGN:TN
RACE:Emberleaf	!PRERACE:1,%
NAME:Emberleaf
STAT:STR=10|DEX=10|CON=10|INT=10|WIS=10|CHA=10
SKILL:Climb	RANK:5
SKILL:Perception	RANK:1
SKILL:Stealth	RANK:6
ABILITY:CATEGORY=FEAT|Combat Reflexes
ABILITY:CATEGORY=FEAT|Improved Initiative
ABILITY:CATEGORY=FEAT|Skill Focus (Perception)

STARTPACK:Euparkeria Default	TYPE:Default Monster.Animal	VISIBLE:QUALIFY	EQUIPBUY:0	PREMULT:1,[PRERACE:1,Euparkeria],[!PRERACE:1,%]
ALIGN:TN
RACE:Euparkeria	!PRERACE:1,%
NAME:Euparkeria
STAT:STR=10|DEX=10|CON=10|INT=10|WIS=10|CHA=10
SKILL:Perception	RANK:2
ABILITY:CATEGORY=FEAT|Great Fortitude

STARTPACK:Fachan Default	TYPE:Default Monster.Humanoid	VISIBLE:QUALIFY	EQUIPBUY:0	PREMULT:1,[PRERACE:1,Fachan],[!PRERACE:1,%]
ALIGN:NE
RACE:Fachan	!PRERACE:1,%
NAME:Fachan
STAT:STR=10|DEX=10|CON=10|INT=10|WIS=10|CHA=10
SKILL:Intimidate	RANK:7
ABILITY:CATEGORY=FEAT|Cleave
ABILITY:CATEGORY=FEAT|Great Cleave
ABILITY:CATEGORY=FEAT|Improved Bull Rush
ABILITY:CATEGORY=FEAT|Iron Will
ABILITY:CATEGORY=FEAT|Power Attack
ABILITY:CATEGORY=FEAT|Toughness
ABILITY:CATEGORY=FEAT|Weapon Focus (greatclub)

STARTPACK:Feral Vampire Spawn Default	TYPE:Default Monster.Undead	VISIBLE:QUALIFY	EQUIPBUY:0	PREMULT:1,[PRERACE:1,Feral Vampire Spawn],[!PRERACE:1,%]
ALIGN:CE
RACE:Feral Vampire Spawn	!PRERACE:1,%
NAME:Feral Vampire Spawn
STAT:STR=10|DEX=10|INT=10|WIS=10|CHA=10
SKILL:Climb	RANK:5
SKILL:Perception	RANK:7
SKILL:Stealth	RANK:8
ABILITY:CATEGORY=FEAT|Great Fortitude
ABILITY:CATEGORY=FEAT|Improved Initiative
ABILITY:CATEGORY=FEAT|Lightning Reflexes
ABILITY:CATEGORY=FEAT|Toughness

STARTPACK:Festering Lung Default	TYPE:Default Monster.Vermin	VISIBLE:QUALIFY	EQUIPBUY:0	PREMULT:1,[PRERACE:1,Festering Lung],[!PRERACE:1,%]
ALIGN:TN
RACE:Festering Lung	!PRERACE:1,%
NAME:Festering Lung
STAT:DEX=10|CON=10|WIS=10|CHA=10
SKILL:Fly	RANK:5
SKILL:Stealth	RANK:1
ABILITY:CATEGORY=FEAT|Ability Focus (disease)

STARTPACK:Fire Crab, Medium Default	TYPE:Default Monster.Vermin	VISIBLE:QUALIFY	EQUIPBUY:0	PREMULT:1,[PRERACE:1,Fire Crab, Medium],[!PRERACE:1,%]
ALIGN:TN
RACE:Fire Crab, Medium	!PRERACE:1,%
NAME:Fire Crab, Medium
STAT:STR=10|DEX=10|CON=10|WIS=10|CHA=10
SKILL:Perception	RANK:1
SKILL:Swim	RANK:3

STARTPACK:Fire Crab, Small Default	TYPE:Default Monster.Vermin	VISIBLE:QUALIFY	EQUIPBUY:0	PREMULT:1,[PRERACE:1,Fire Crab, Small],[!PRERACE:1,%]
ALIGN:TN
RACE:Fire Crab, Small	!PRERACE:1,%
NAME:Fire Crab, Small
STAT:STR=10|DEX=10|CON=10|WIS=10|CHA=10
SKILL:Perception	RANK:1
SKILL:Swim	RANK:1

STARTPACK:Fire Eel Default	TYPE:Default Monster.Magical Beast	VISIBLE:QUALIFY	EQUIPBUY:0	PREMULT:1,[PRERACE:1,Fire Eel],[!PRERACE:1,%]
ALIGN:TN
RACE:Fire Eel	!PRERACE:1,%
NAME:Fire Eel
STAT:STR=10|DEX=10|CON=10|INT=10|WIS=10|CHA=10
SKILL:Escape Artist	RANK:5
SKILL:Perception	RANK:2
SKILL:Stealth	RANK:1
SKILL:Swim	RANK:6
ABILITY:CATEGORY=FEAT|Improved Initiative
ABILITY:CATEGORY=FEAT|Lightning Reflexes
ABILITY:CATEGORY=FEAT|Weapon Focus (bite)

STARTPACK:Fire Fish Default	TYPE:Default Monster.Animal	VISIBLE:QUALIFY	EQUIPBUY:0	PREMULT:1,[PRERACE:1,Fire Fish],[!PRERACE:1,%]
ALIGN:TN
RACE:Fire Fish	!PRERACE:1,%
NAME:Fire Fish
STAT:STR=10|DEX=10|CON=10|INT=10|WIS=10|CHA=10
SKILL:Perception	RANK:3
SKILL:Sense Motive	RANK:1
SKILL:Swim	RANK:3
ABILITY:CATEGORY=FEAT|Alertness
ABILITY:CATEGORY=FEAT|Improved Initiative

STARTPACK:Firebird Default	TYPE:Default Monster.Magical Beast	VISIBLE:QUALIFY	EQUIPBUY:0	PREMULT:1,[PRERACE:1,Firebird],[!PRERACE:1,%]
ALIGN:NG
RACE:Firebird	!PRERACE:1,%
NAME:Firebird
STAT:STR=10|DEX=10|CON=10|INT=10|WIS=10|CHA=10
SKILL:Diplomacy	RANK:6
SKILL:Fly	RANK:3
SKILL:Heal	RANK:6
SKILL:Knowledge (Any One)	RANK:6
SKILL:Perception	RANK:9
SKILL:Sense Motive	RANK:3
ABILITY:CATEGORY=FEAT|Alertness
ABILITY:CATEGORY=FEAT|Flyby Attack
ABILITY:CATEGORY=FEAT|Improved Initiative
ABILITY:CATEGORY=FEAT|Iron Will
ABILITY:CATEGORY=FEAT|Multiattack

STARTPACK:Fisherman Default	TYPE:Default Monster.Outsider	VISIBLE:QUALIFY	EQUIPBUY:0	PREMULT:1,[PRERACE:1,Fisherman],[!PRERACE:1,%]
ALIGN:LE
RACE:Fisherman	!PRERACE:1,%
NAME:Fisherman
STAT:STR=10|DEX=10|CON=10|INT=10|WIS=10|CHA=10
SKILL:Bluff	RANK:15
SKILL:Craft (any)	RANK:15
SKILL:Diplomacy	RANK:15
SKILL:Intimidate	RANK:15
SKILL:Knowledge (Local)	RANK:15
SKILL:Perception	RANK:15
SKILL:Sense Motive	RANK:15
SKILL:Swim	RANK:15
ABILITY:CATEGORY=FEAT|Cleave
ABILITY:CATEGORY=FEAT|Diehard
ABILITY:CATEGORY=FEAT|Endurance
ABILITY:CATEGORY=FEAT|Great Cleave
ABILITY:CATEGORY=FEAT|Iron Will
ABILITY:CATEGORY=FEAT|Power Attack
ABILITY:CATEGORY=FEAT|Two-Weapon Fighting
ABILITY:CATEGORY=FEAT|Vital Strike

STARTPACK:Flame Drakeling Default	TYPE:Default Monster.Dragon	VISIBLE:QUALIFY	EQUIPBUY:0	PREMULT:1,[PRERACE:1,Flame Drakeling],[!PRERACE:1,%]
ALIGN:TN
RACE:Flame Drakeling	!PRERACE:1,%
NAME:Flame Drakeling
STAT:STR=10|DEX=10|CON=10|INT=10|WIS=10|CHA=10
SKILL:Fly	RANK:3
SKILL:Intimidate	RANK:3
SKILL:Perception	RANK:3
SKILL:Stealth	RANK:3
ABILITY:CATEGORY=FEAT|Flyby Attack
ABILITY:CATEGORY=FEAT|Weapon Finesse

STARTPACK:Flayed Angel Default	TYPE:Default Monster.Undead	VISIBLE:QUALIFY	EQUIPBUY:0	PREMULT:1,[PRERACE:1,Flayed Angel],[!PRERACE:1,%]
ALIGN:NE
RACE:Flayed Angel	!PRERACE:1,%
NAME:Flayed Angel
STAT:STR=10|DEX=10|INT=10|WIS=10|CHA=10
SKILL:Acrobatics	RANK:24
SKILL:Climb	RANK:12
SKILL:Perception	RANK:12
ABILITY:CATEGORY=FEAT|Cleave
ABILITY:CATEGORY=FEAT|Dodge
ABILITY:CATEGORY=FEAT|Great Fortitude
ABILITY:CATEGORY=FEAT|Improved Critical (slam)
ABILITY:CATEGORY=FEAT|Improved Initiative
ABILITY:CATEGORY=FEAT|Improved Natural Attack (slam)
ABILITY:CATEGORY=FEAT|Mobility
ABILITY:CATEGORY=FEAT|Power Attack
ABILITY:CATEGORY=FEAT|Skill Focus (Acrobatics)
ABILITY:CATEGORY=FEAT|Spring Attack
ABILITY:CATEGORY=FEAT|Toughness
ABILITY:CATEGORY=FEAT|Weapon Focus (slam)

STARTPACK:Fountain Fungus Default	TYPE:Default Monster.Plant	VISIBLE:QUALIFY	EQUIPBUY:0	PREMULT:1,[PRERACE:1,Fountain Fungus],[!PRERACE:1,%]
ALIGN:TN
RACE:Fountain Fungus	!PRERACE:1,%
NAME:Fountain Fungus
STAT:STR=10|DEX=10|CON=10|INT=10|WIS=10|CHA=10
SKILL:Perception	RANK:5
SKILL:Stealth	RANK:6
ABILITY:CATEGORY=FEAT|Cleave
ABILITY:CATEGORY=FEAT|Great Fortitude
ABILITY:CATEGORY=FEAT|Improved Initiative
ABILITY:CATEGORY=FEAT|Power Attack
ABILITY:CATEGORY=FEAT|Skill Focus (Stealth)
ABILITY:CATEGORY=FEAT|Weapon Focus (tendril)

STARTPACK:Frog Stone Idol Default	TYPE:Default Monster.Construct	VISIBLE:QUALIFY	EQUIPBUY:0	PREMULT:1,[PRERACE:1,Frog Stone Idol],[!PRERACE:1,%]
ALIGN:TN
RACE:Frog Stone Idol	!PRERACE:1,%
NAME:Frog Stone Idol
STAT:STR=10|DEX=10|WIS=10|CHA=10
SKILL:Acrobatics	RANK:1

STARTPACK:Frost Drakeling Default	TYPE:Default Monster.Dragon	VISIBLE:QUALIFY	EQUIPBUY:0	PREMULT:1,[PRERACE:1,Frost Drakeling],[!PRERACE:1,%]
ALIGN:TN
RACE:Frost Drakeling	!PRERACE:1,%
NAME:Frost Drakeling
STAT:STR=10|DEX=10|CON=10|INT=10|WIS=10|CHA=10
SKILL:Climb	RANK:2
SKILL:Fly	RANK:2
SKILL:Intimidate	RANK:2
SKILL:Perception	RANK:3
SKILL:Stealth	RANK:3
ABILITY:CATEGORY=FEAT|Flyby Attack
ABILITY:CATEGORY=FEAT|Weapon Finesse

STARTPACK:Frost Dwarf Default	TYPE:Default Monster.Humanoid	VISIBLE:QUALIFY	EQUIPBUY:0	PREMULT:1,[PRERACE:1,Frost Dwarf],[!PRERACE:1,%]
ALIGN:CN
RACE:Frost Dwarf	!PRERACE:1,%
NAME:Frost Dwarf
STAT:STR=10|DEX=10|CON=10|INT=10|WIS=10|CHA=10
SKILL:Craft (any)	RANK:2
SKILL:Perception	RANK:1
SKILL:Stealth	RANK:1
SKILL:Survival	RANK:2
ABILITY:CATEGORY=FEAT|Weapon Focus (battleaxe)

STARTPACK:Fungus Man Default	TYPE:Default Monster.Plant	VISIBLE:QUALIFY	EQUIPBUY:0	PREMULT:1,[PRERACE:1,Fungus Man],[!PRERACE:1,%]
ALIGN:TN
RACE:Fungus Man	!PRERACE:1,%
NAME:Fungus Man
STAT:STR=10|DEX=10|CON=10|INT=10|WIS=10|CHA=10
SKILL:Perception	RANK:3
SKILL:Stealth	RANK:3
ABILITY:CATEGORY=FEAT|Agile Maneuvers
ABILITY:CATEGORY=FEAT|Skill Focus (Perception)
ABILITY:CATEGORY=FEAT|Weapon Finesse

STARTPACK:Fungus Man King Default	TYPE:Default Monster.Plant	VISIBLE:QUALIFY	EQUIPBUY:0	PREMULT:1,[PRERACE:1,Fungus Man King],[!PRERACE:1,%]
ALIGN:TN
RACE:Fungus Man King	!PRERACE:1,%
NAME:Fungus Man King
STAT:STR=10|DEX=10|CON=10|INT=10|WIS=10|CHA=10
SKILL:Perception	RANK:6
SKILL:Stealth	RANK:1
ABILITY:CATEGORY=FEAT|Agile Maneuvers
ABILITY:CATEGORY=FEAT|Iron Will
ABILITY:CATEGORY=FEAT|Skill Focus (Perception)
ABILITY:CATEGORY=FEAT|Weapon Finesse

STARTPACK:Galley Beggar Default	TYPE:Default Monster.Undead	VISIBLE:QUALIFY	EQUIPBUY:0	PREMULT:1,[PRERACE:1,Galley Beggar],[!PRERACE:1,%]
ALIGN:CE
RACE:Galley Beggar	!PRERACE:1,%
NAME:Galley Beggar
STAT:DEX=10|INT=10|WIS=10|CHA=10
SKILL:Bluff	RANK:2
SKILL:Diplomacy	RANK:2
SKILL:Fly	RANK:10
SKILL:Intimidate	RANK:10
SKILL:Knowledge (Any)	RANK:2
SKILL:Perception	RANK:10
SKILL:Sense Motive	RANK:7
SKILL:Stealth	RANK:10
ABILITY:CATEGORY=FEAT|Alertness
ABILITY:CATEGORY=FEAT|Dodge
ABILITY:CATEGORY=FEAT|Improved Initiative
ABILITY:CATEGORY=FEAT|Lightning Reflexes
ABILITY:CATEGORY=FEAT|Toughness

STARTPACK:Gargoyle Stone Idol Default	TYPE:Default Monster.Construct	VISIBLE:QUALIFY	EQUIPBUY:0	PREMULT:1,[PRERACE:1,Gargoyle Stone Idol],[!PRERACE:1,%]
ALIGN:TN
RACE:Gargoyle Stone Idol	!PRERACE:1,%
NAME:Gargoyle Stone Idol
STAT:STR=10|DEX=10|WIS=10|CHA=10
SKILL:Acrobatics	RANK:1

STARTPACK:Gelatinous Emperor Default	TYPE:Default Monster.Ooze	VISIBLE:QUALIFY	EQUIPBUY:0	PREMULT:1,[PRERACE:1,Gelatinous Emperor],[!PRERACE:1,%]
ALIGN:CE
RACE:Gelatinous Emperor	!PRERACE:1,%
NAME:Gelatinous Emperor
STAT:STR=10|DEX=10|CON=10|INT=10|WIS=10|CHA=10
SKILL:Climb	RANK:14
SKILL:Perception	RANK:18
SKILL:Sense Motive	RANK:1
SKILL:Stealth	RANK:1
SKILL:Swim	RANK:6
ABILITY:CATEGORY=FEAT|Alertness
ABILITY:CATEGORY=FEAT|Critical Focus
ABILITY:CATEGORY=FEAT|Great Fortitude
ABILITY:CATEGORY=FEAT|Improved Initiative
ABILITY:CATEGORY=FEAT|Iron Will
ABILITY:CATEGORY=FEAT|Lightning Reflexes
ABILITY:CATEGORY=FEAT|Power Attack
ABILITY:CATEGORY=FEAT|Skill Focus (Perception)
ABILITY:CATEGORY=FEAT|Staggering Critical
ABILITY:CATEGORY=FEAT|Weapon Focus (tentacle)

STARTPACK:Ghaggurath Default	TYPE:Default Monster.Aberration	VISIBLE:QUALIFY	EQUIPBUY:0	PREMULT:1,[PRERACE:1,Ghaggurath],[!PRERACE:1,%]
ALIGN:TN
RACE:Ghaggurath	!PRERACE:1,%
NAME:Ghaggurath
STAT:STR=10|DEX=10|CON=10|INT=10|WIS=10|CHA=10
SKILL:Bluff	RANK:18
SKILL:Climb	RANK:21
SKILL:Escape Artist	RANK:21
SKILL:Intimidate	RANK:21
SKILL:Knowledge (Any)	RANK:21
SKILL:Knowledge (History)	RANK:18
SKILL:Knowledge (Planes)	RANK:18
SKILL:Perception	RANK:21
SKILL:Sense Motive	RANK:18
SKILL:Stealth	RANK:13
SKILL:Survival	RANK:21
SKILL:Swim	RANK:6
ABILITY:CATEGORY=FEAT|Bleeding Critical
ABILITY:CATEGORY=FEAT|Cleave
ABILITY:CATEGORY=FEAT|Combat Reflexes
ABILITY:CATEGORY=FEAT|Critical Focus
ABILITY:CATEGORY=FEAT|Endurance
ABILITY:CATEGORY=FEAT|Great Fortitude
ABILITY:CATEGORY=FEAT|Improved Critical (bite)
ABILITY:CATEGORY=FEAT|Iron Will
ABILITY:CATEGORY=FEAT|Power Attack
ABILITY:CATEGORY=FEAT|Skill Focus (Perception)
ABILITY:CATEGORY=FEAT|Weapon Focus (bite)

STARTPACK:Ghirru Default	TYPE:Default Monster.Undead	VISIBLE:QUALIFY	EQUIPBUY:0	PREMULT:1,[PRERACE:1,Ghirru],[!PRERACE:1,%]
ALIGN:LE
RACE:Ghirru	!PRERACE:1,%
NAME:Ghirru
STAT:STR=10|DEX=10|INT=10|WIS=10|CHA=10
SKILL:Bluff	RANK:7
SKILL:Intimidate	RANK:10
SKILL:Perception	RANK:10
SKILL:Sense Motive	RANK:10
SKILL:Stealth	RANK:6
ABILITY:CATEGORY=FEAT|Cleave
ABILITY:CATEGORY=FEAT|Dodge
ABILITY:CATEGORY=FEAT|Great Fortitude
ABILITY:CATEGORY=FEAT|Power Attack
ABILITY:CATEGORY=FEAT|Weapon Focus (claws)

STARTPACK:Ghoul Monkey Default	TYPE:Default Monster.Undead	VISIBLE:QUALIFY	EQUIPBUY:0	PREMULT:1,[PRERACE:1,Ghoul Monkey],[!PRERACE:1,%]
ALIGN:CE
RACE:Ghoul Monkey	!PRERACE:1,%
NAME:Ghoul Monkey
STAT:STR=10|DEX=10|INT=10|WIS=10|CHA=10
SKILL:Acrobatics	RANK:1
SKILL:Climb	RANK:2
SKILL:Perception	RANK:2
SKILL:Stealth	RANK:2
ABILITY:CATEGORY=FEAT|Weapon Finesse

STARTPACK:Giant Cobalt Viper Default	TYPE:Default Monster.Magical Beast	VISIBLE:QUALIFY	EQUIPBUY:0	PREMULT:1,[PRERACE:1,Giant Cobalt Viper],[!PRERACE:1,%]
ALIGN:TN
RACE:Giant Cobalt Viper	!PRERACE:1,%
NAME:Giant Cobalt Viper
STAT:STR=10|DEX=10|CON=10|INT=10|WIS=10|CHA=10
SKILL:Acrobatics	RANK:10
SKILL:Climb	RANK:10
SKILL:Perception	RANK:8
SKILL:Stealth	RANK:6
SKILL:Swim	RANK:5
ABILITY:CATEGORY=FEAT|Improved Initiative
ABILITY:CATEGORY=FEAT|Power Attack
ABILITY:CATEGORY=FEAT|Skill Focus (Stealth)
ABILITY:CATEGORY=FEAT|Vital Strike
ABILITY:CATEGORY=FEAT|Weapon Finesse
ABILITY:CATEGORY=FEAT|Weapon Focus (bite)

STARTPACK:Giant Flying Piranha Default	TYPE:Default Monster.Animal	VISIBLE:QUALIFY	EQUIPBUY:0	PREMULT:1,[PRERACE:1,Giant Flying Piranha],[!PRERACE:1,%]
ALIGN:TN
RACE:Giant Flying Piranha	!PRERACE:1,%
NAME:Giant Flying Piranha
STAT:STR=10|DEX=10|CON=10|INT=10|WIS=10|CHA=10
SKILL:Fly	RANK:1
SKILL:Perception	RANK:1
SKILL:Swim	RANK:3
ABILITY:CATEGORY=FEAT|Alertness
ABILITY:CATEGORY=FEAT|Weapon Finesse

STARTPACK:Giant Forest Lizard Default	TYPE:Default Monster.Animal	VISIBLE:QUALIFY	EQUIPBUY:0	PREMULT:1,[PRERACE:1,Giant Forest Lizard],[!PRERACE:1,%]
ALIGN:TN
RACE:Giant Forest Lizard	!PRERACE:1,%
NAME:Giant Forest Lizard
STAT:STR=10|DEX=10|CON=10|INT=10|WIS=10|CHA=10
SKILL:Acrobatics	RANK:1
SKILL:Climb	RANK:8
SKILL:Perception	RANK:7
SKILL:Stealth	RANK:1
ABILITY:CATEGORY=FEAT|Great Fortitude
ABILITY:CATEGORY=FEAT|Improved Initiative
ABILITY:CATEGORY=FEAT|Skill Focus (Perception)
ABILITY:CATEGORY=FEAT|Weapon Focus (bite)

STARTPACK:Giant Funnel-Web Spider Default	TYPE:Default Monster.Vermin	VISIBLE:QUALIFY	EQUIPBUY:0	PREMULT:1,[PRERACE:1,Giant Funnel-Web Spider],[!PRERACE:1,%]
ALIGN:TN
RACE:Giant Funnel-Web Spider	!PRERACE:1,%
NAME:Giant Funnel-Web Spider
STAT:STR=10|DEX=10|CON=10|WIS=10|CHA=10
SKILL:Climb	RANK:8
SKILL:Perception	RANK:1
SKILL:Stealth	RANK:1
ABILITY:CATEGORY=FEAT|Lunge
ABILITY:CATEGORY=FEAT|Virulent Poison

STARTPACK:Giant Proto-Creature Default	TYPE:Default Monster.Monstrous Humanoid	VISIBLE:QUALIFY	EQUIPBUY:0	PREMULT:1,[PRERACE:1,Giant Proto-Creature],[!PRERACE:1,%]
ALIGN:NE
RACE:Giant Proto-Creature	!PRERACE:1,%
NAME:Giant Proto-Creature
STAT:STR=10|DEX=10|CON=10|INT=10|WIS=10|CHA=10
SKILL:Perception	RANK:14
SKILL:Survival	RANK:14
ABILITY:CATEGORY=FEAT|Cleave
ABILITY:CATEGORY=FEAT|Great Cleave
ABILITY:CATEGORY=FEAT|Great Fortitude
ABILITY:CATEGORY=FEAT|Improved Natural Attack (slam)
ABILITY:CATEGORY=FEAT|Power Attack
ABILITY:CATEGORY=FEAT|Toughness
ABILITY:CATEGORY=FEAT|Weapon Focus (slam)

STARTPACK:Giant Silverfish Default	TYPE:Default Monster.Vermin	VISIBLE:QUALIFY	EQUIPBUY:0	PREMULT:1,[PRERACE:1,Giant Silverfish],[!PRERACE:1,%]
ALIGN:TN
RACE:Giant Silverfish	!PRERACE:1,%
NAME:Giant Silverfish
STAT:STR=10|DEX=10|CON=10|WIS=10|CHA=10

STARTPACK:Gibbering Abomination Default	TYPE:Default Monster.Aberration	VISIBLE:QUALIFY	EQUIPBUY:0	PREMULT:1,[PRERACE:1,Gibbering Abomination],[!PRERACE:1,%]
ALIGN:CE
RACE:Gibbering Abomination	!PRERACE:1,%
NAME:Gibbering Abomination
STAT:STR=10|DEX=10|CON=10|INT=10|WIS=10|CHA=10
SKILL:Climb	RANK:4
SKILL:Fly	RANK:2
SKILL:Knowledge (Dungeoneering)	RANK:5
SKILL:Perception	RANK:13
SKILL:Spellcraft	RANK:9
SKILL:Stealth	RANK:8
SKILL:Survival	RANK:8
ABILITY:CATEGORY=FEAT|Combat Reflexes
ABILITY:CATEGORY=FEAT|Endurance
ABILITY:CATEGORY=FEAT|Great Fortitude
ABILITY:CATEGORY=FEAT|Improved Critical (bite)
ABILITY:CATEGORY=FEAT|Improved Initiative
ABILITY:CATEGORY=FEAT|Iron Will
ABILITY:CATEGORY=FEAT|Lightning Reflexes
ABILITY:CATEGORY=FEAT|Toughness
ABILITY:CATEGORY=FEAT|Weapon Focus (bite)

STARTPACK:Gibbering Orb Default	TYPE:Default Monster.Aberration	VISIBLE:QUALIFY	EQUIPBUY:0	PREMULT:1,[PRERACE:1,Gibbering Orb],[!PRERACE:1,%]
ALIGN:CE
RACE:Gibbering Orb	!PRERACE:1,%
NAME:Gibbering Orb
STAT:STR=10|DEX=10|CON=10|INT=10|WIS=10|CHA=10
SKILL:Acrobatics	RANK:27
SKILL:Bluff	RANK:24
SKILL:Diplomacy	RANK:24
SKILL:Escape Artist	RANK:27
SKILL:Fly	RANK:27
SKILL:Heal	RANK:24
SKILL:Intimidate	RANK:27
SKILL:Knowledge (Arcana)	RANK:27
SKILL:Knowledge (Dungeoneering)	RANK:24
SKILL:Knowledge (History)	RANK:24
SKILL:Knowledge (Local)	RANK:24
SKILL:Knowledge (Planes)	RANK:27
SKILL:Knowledge (Religion)	RANK:9
SKILL:Linguistics	RANK:24
SKILL:Perception	RANK:27
SKILL:Sense Motive	RANK:24
SKILL:Spellcraft	RANK:27
SKILL:Stealth	RANK:19
SKILL:Survival	RANK:27
SKILL:Use Magic Device	RANK:24
ABILITY:CATEGORY=FEAT|Bleeding Critical
ABILITY:CATEGORY=FEAT|Critical Focus
ABILITY:CATEGORY=FEAT|Diehard
ABILITY:CATEGORY=FEAT|Endurance
ABILITY:CATEGORY=FEAT|Flyby Attack
ABILITY:CATEGORY=FEAT|Greater Vital Strike
ABILITY:CATEGORY=FEAT|Improved Initiative
ABILITY:CATEGORY=FEAT|Improved Critical (bite)
ABILITY:CATEGORY=FEAT|Improved Iron Will
ABILITY:CATEGORY=FEAT|Improved Vital Strike
ABILITY:CATEGORY=FEAT|Iron Will
ABILITY:CATEGORY=FEAT|Vital Strike
ABILITY:CATEGORY=FEAT|Weapon Focus (eye ray)
ABILITY:CATEGORY=FEAT|Weapon Focus (bite)

STARTPACK:Glacial Haunt Default	TYPE:Default Monster.Undead	VISIBLE:QUALIFY	EQUIPBUY:0	PREMULT:1,[PRERACE:1,Glacial Haunt],[!PRERACE:1,%]
ALIGN:CE
RACE:Glacial Haunt	!PRERACE:1,%
NAME:Glacial Haunt
STAT:STR=10|DEX=10|INT=10|WIS=10|CHA=10
SKILL:Climb	RANK:4
SKILL:Perception	RANK:4
SKILL:Stealth	RANK:4
ABILITY:CATEGORY=FEAT|Dodge
ABILITY:CATEGORY=FEAT|Weapon Focus (slam)

STARTPACK:Gloom Haunt Default	TYPE:Default Monster.Undead	VISIBLE:QUALIFY	EQUIPBUY:0	PREMULT:1,[PRERACE:1,Gloom Haunt],[!PRERACE:1,%]
ALIGN:CE
RACE:Gloom Haunt	!PRERACE:1,%
NAME:Gloom Haunt
STAT:DEX=10|INT=10|WIS=10|CHA=10
SKILL:Fly	RANK:6
SKILL:Intimidate	RANK:6
SKILL:Knowledge (Any One)	RANK:3
SKILL:Perception	RANK:6
SKILL:Sense Motive	RANK:6
SKILL:Stealth	RANK:6
ABILITY:CATEGORY=FEAT|Alertness
ABILITY:CATEGORY=FEAT|Flyby Attack
ABILITY:CATEGORY=FEAT|Improved Initiative

STARTPACK:Gorgosaurus Default	TYPE:Default Monster.Animal	VISIBLE:QUALIFY	EQUIPBUY:0	PREMULT:1,[PRERACE:1,Gorgosaurus],[!PRERACE:1,%]
ALIGN:TN
RACE:Gorgosaurus	!PRERACE:1,%
NAME:Gorgosaurus
STAT:STR=10|DEX=10|CON=10|INT=10|WIS=10|CHA=10
SKILL:Perception	RANK:14
ABILITY:CATEGORY=FEAT|Critical Focus
ABILITY:CATEGORY=FEAT|Diehard
ABILITY:CATEGORY=FEAT|Endurance
ABILITY:CATEGORY=FEAT|Improved Critical (bite)
ABILITY:CATEGORY=FEAT|Improved Initiative
ABILITY:CATEGORY=FEAT|Iron Will
ABILITY:CATEGORY=FEAT|Skill Focus (Perception)

STARTPACK:Grave Mount Default	TYPE:Default Monster.Undead	VISIBLE:QUALIFY	EQUIPBUY:0	PREMULT:1,[PRERACE:1,Grave Mount],[!PRERACE:1,%]
ALIGN:LE
RACE:Grave Mount	!PRERACE:1,%
NAME:Grave Mount
STAT:STR=10|DEX=10|INT=10|WIS=10|CHA=10
SKILL:Bluff	RANK:3
SKILL:Intimidate	RANK:6
SKILL:Perception	RANK:6
SKILL:Sense Motive	RANK:6
SKILL:Stealth	RANK:2
ABILITY:CATEGORY=FEAT|Improved Initiative
ABILITY:CATEGORY=FEAT|Multiattack
ABILITY:CATEGORY=FEAT|Run

STARTPACK:Gray-Scale Inphidian Default	TYPE:Default Monster.Monstrous Humanoid	VISIBLE:QUALIFY	EQUIPBUY:0	PREMULT:1,[PRERACE:1,Gray-Scale Inphidian],[!PRERACE:1,%]
ALIGN:NE
RACE:Gray-Scale Inphidian	!PRERACE:1,%
NAME:Gray-Scale Inphidian
STAT:STR=10|DEX=10|CON=10|INT=10|WIS=10|CHA=10
SKILL:Climb	RANK:5
SKILL:Intimidate	RANK:4
SKILL:Perception	RANK:8
SKILL:Stealth	RANK:1
SKILL:Swim	RANK:5
ABILITY:CATEGORY=FEAT|Cleave
ABILITY:CATEGORY=FEAT|Improved Critical (bite)
ABILITY:CATEGORY=FEAT|Power Attack
ABILITY:CATEGORY=FEAT|Uncontrolled Rage

STARTPACK:Great Wyrm Gray Dragon Default	TYPE:Default Monster.Dragon	VISIBLE:QUALIFY	EQUIPBUY:0	PREMULT:1,[PRERACE:1,Great Wyrm Gray Dragon],[!PRERACE:1,%]
ALIGN:NE
RACE:Great Wyrm Gray Dragon	!PRERACE:1,%
NAME:Great Wyrm Gray Dragon
STAT:STR=10|DEX=10|CON=10|INT=10|WIS=10|CHA=10
SKILL:Bluff	RANK:25
SKILL:Fly	RANK:19
SKILL:Intimidate	RANK:25
SKILL:Knowledge (Arcana)	RANK:25
SKILL:Knowledge (Local)	RANK:25
SKILL:Knowledge (Nature)	RANK:25
SKILL:Perception	RANK:25
SKILL:Sense Motive	RANK:25
SKILL:Spellcraft	RANK:25
SKILL:Stealth	RANK:13
SKILL:Swim	RANK:25
SKILL:Use Magic Device	RANK:25
ABILITY:CATEGORY=FEAT|Alertness
ABILITY:CATEGORY=FEAT|Cleave
ABILITY:CATEGORY=FEAT|Flyby Attack
ABILITY:CATEGORY=FEAT|Great Cleave
ABILITY:CATEGORY=FEAT|Improved Critical (bite)
ABILITY:CATEGORY=FEAT|Improved Initiative
ABILITY:CATEGORY=FEAT|Improved Vital Strike
ABILITY:CATEGORY=FEAT|Iron Will
ABILITY:CATEGORY=FEAT|Lightning Reflexes
ABILITY:CATEGORY=FEAT|Multiattack
ABILITY:CATEGORY=FEAT|Power Attack
ABILITY:CATEGORY=FEAT|Vital Strike
ABILITY:CATEGORY=FEAT|Weapon Focus (bite)

STARTPACK:Greater Salt Elemental Default	TYPE:Default Monster.Outsider	VISIBLE:QUALIFY	EQUIPBUY:0	PREMULT:1,[PRERACE:1,Greater Salt Elemental],[!PRERACE:1,%]
ALIGN:TN
RACE:Greater Salt Elemental	!PRERACE:1,%
NAME:Greater Salt Elemental
STAT:STR=10|DEX=10|CON=10|INT=10|WIS=10|CHA=10
SKILL:Climb	RANK:8
SKILL:Knowledge (Dungeoneering)	RANK:7
SKILL:Knowledge (Planes)	RANK:6
SKILL:Perception	RANK:10
SKILL:Stealth	RANK:1
ABILITY:CATEGORY=FEAT|Cleave
ABILITY:CATEGORY=FEAT|Dodge
ABILITY:CATEGORY=FEAT|Great Cleave
ABILITY:CATEGORY=FEAT|Mobility
ABILITY:CATEGORY=FEAT|Power Attack

STARTPACK:Greater Smoke Elemental Default	TYPE:Default Monster.Outsider	VISIBLE:QUALIFY	EQUIPBUY:0	PREMULT:1,[PRERACE:1,Greater Smoke Elemental],[!PRERACE:1,%]
ALIGN:TN
RACE:Greater Smoke Elemental	!PRERACE:1,%
NAME:Greater Smoke Elemental
STAT:STR=10|DEX=10|CON=10|INT=10|WIS=10|CHA=10
SKILL:Escape Artist	RANK:13
SKILL:Fly	RANK:13
SKILL:Intimidate	RANK:13
SKILL:Perception	RANK:13
SKILL:Stealth	RANK:5
ABILITY:CATEGORY=FEAT|Blind-Fight
ABILITY:CATEGORY=FEAT|Combat Reflexes
ABILITY:CATEGORY=FEAT|Dodge
ABILITY:CATEGORY=FEAT|Flyby Attack
ABILITY:CATEGORY=FEAT|Improved Initiative
ABILITY:CATEGORY=FEAT|Mobility
ABILITY:CATEGORY=FEAT|Weapon Finesse

STARTPACK:Grey Spirit Default	TYPE:Default Monster.Undead	VISIBLE:QUALIFY	EQUIPBUY:0	PREMULT:1,[PRERACE:1,Grey Spirit],[!PRERACE:1,%]
ALIGN:NE
RACE:Grey Spirit	!PRERACE:1,%
NAME:Grey Spirit
STAT:DEX=10|INT=10|WIS=10|CHA=10
SKILL:Fly	RANK:5
SKILL:Intimidate	RANK:6
SKILL:Perception	RANK:6
SKILL:Sense Motive	RANK:6
SKILL:Stealth	RANK:6
ABILITY:CATEGORY=FEAT|Ability Focus (gaze)
ABILITY:CATEGORY=FEAT|Skill Focus (Perception)
ABILITY:CATEGORY=FEAT|Weapon Focus (incorporeal touch)

STARTPACK:Gribbon Default	TYPE:Default Monster.Monstrous Humanoid	VISIBLE:QUALIFY	EQUIPBUY:0	PREMULT:1,[PRERACE:1,Gribbon],[!PRERACE:1,%]
ALIGN:NE
RACE:Gribbon	!PRERACE:1,%
NAME:Gribbon
STAT:STR=10|DEX=10|CON=10|INT=10|WIS=10|CHA=10
SKILL:Climb	RANK:1
SKILL:Fly	RANK:1
SKILL:Perception	RANK:1
SKILL:Stealth	RANK:1
ABILITY:CATEGORY=FEAT|Flyby Attack

STARTPACK:Grimlock Default	TYPE:Default Monster.Monstrous Humanoid	VISIBLE:QUALIFY	EQUIPBUY:0	PREMULT:1,[PRERACE:1,Grimlock],[!PRERACE:1,%]
ALIGN:NE
RACE:Grimlock	!PRERACE:1,%
NAME:Grimlock
STAT:STR=10|DEX=10|CON=10|INT=10|WIS=10|CHA=10
SKILL:Climb	RANK:2
SKILL:Perception	RANK:2
SKILL:Sense Motive	RANK:1
SKILL:Stealth	RANK:2
SKILL:Survival	RANK:2
ABILITY:CATEGORY=FEAT|Alertness
ABILITY:CATEGORY=FEAT|Skill Focus (Perception)

STARTPACK:Grimshrike Default	TYPE:Default Monster.Undead	VISIBLE:QUALIFY	EQUIPBUY:0	PREMULT:1,[PRERACE:1,Grimshrike],[!PRERACE:1,%]
ALIGN:NE
RACE:Grimshrike	!PRERACE:1,%
NAME:Grimshrike
STAT:STR=10|DEX=10|INT=10|WIS=10|CHA=10
SKILL:Fly	RANK:5
SKILL:Intimidate	RANK:3
SKILL:Knowledge (Arcana)	RANK:3
SKILL:Perception	RANK:3
SKILL:Stealth	RANK:3
ABILITY:CATEGORY=FEAT|Command Undead
ABILITY:CATEGORY=FEAT|Flyby Attack
ABILITY:CATEGORY=FEAT|Multiattack

STARTPACK:Guardian Cimota Default	TYPE:Default Monster.Undead	VISIBLE:QUALIFY	EQUIPBUY:0	PREMULT:1,[PRERACE:1,Guardian Cimota],[!PRERACE:1,%]
ALIGN:LE
RACE:Guardian Cimota	!PRERACE:1,%
NAME:Guardian Cimota
STAT:STR=10|DEX=10|INT=10|WIS=10|CHA=10
SKILL:Diplomacy	RANK:4
SKILL:Fly	RANK:6
SKILL:Intimidate	RANK:8
SKILL:Knowledge (Planes)	RANK:5
SKILL:Perception	RANK:8
SKILL:Sense Motive	RANK:8
SKILL:Stealth	RANK:7
ABILITY:CATEGORY=FEAT|Combat Reflexes
ABILITY:CATEGORY=FEAT|Improved Initiative
ABILITY:CATEGORY=FEAT|Lightning Reflexes
ABILITY:CATEGORY=FEAT|Weapon Focus (scimitar)

STARTPACK:Ha-Naga Default	TYPE:Default Monster.Aberration	VISIBLE:QUALIFY	EQUIPBUY:0	PREMULT:1,[PRERACE:1,Ha-Naga],[!PRERACE:1,%]
ALIGN:CE
RACE:Ha-Naga	!PRERACE:1,%
NAME:Ha-Naga
STAT:STR=10|DEX=10|CON=10|INT=10|WIS=10|CHA=10
SKILL:Acrobatics	RANK:16
SKILL:Bluff	RANK:17
SKILL:Diplomacy	RANK:17
SKILL:Fly	RANK:15
SKILL:Intimidate	RANK:15
SKILL:Knowledge (Arcana)	RANK:20
SKILL:Knowledge (Nobility)	RANK:17
SKILL:Knowledge (Planes)	RANK:17
SKILL:Perception	RANK:20
SKILL:Sense Motive	RANK:20
SKILL:Spellcraft	RANK:20
SKILL:Stealth	RANK:12
ABILITY:CATEGORY=FEAT|Alertness
ABILITY:CATEGORY=FEAT|Combat Casting
ABILITY:CATEGORY=FEAT|Combat Reflexes
ABILITY:CATEGORY=FEAT|Dodge
ABILITY:CATEGORY=FEAT|Eschew Materials
ABILITY:CATEGORY=FEAT|Flyby Attack
ABILITY:CATEGORY=FEAT|Improved Initiative
ABILITY:CATEGORY=FEAT|Lightning Reflexes
ABILITY:CATEGORY=FEAT|Mobility
ABILITY:CATEGORY=FEAT|Multiattack

STARTPACK:Hag Nymph Default	TYPE:Default Monster.Fey	VISIBLE:QUALIFY	EQUIPBUY:0	PREMULT:1,[PRERACE:1,Hag Nymph],[!PRERACE:1,%]
ALIGN:CE
RACE:Hag Nymph	!PRERACE:1,%
NAME:Hag Nymph
STAT:STR=10|DEX=10|CON=10|INT=10|WIS=10|CHA=10
SKILL:Bluff	RANK:10
SKILL:Diplomacy	RANK:8
SKILL:Escape Artist	RANK:10
SKILL:Handle Animal	RANK:3
SKILL:Intimidate	RANK:7
SKILL:Knowledge (Nature)	RANK:6
SKILL:Knowledge (Planes)	RANK:7
SKILL:Perception	RANK:10
SKILL:Sense Motive	RANK:10
SKILL:Stealth	RANK:10
ABILITY:CATEGORY=FEAT|Agile Maneuvers
ABILITY:CATEGORY=FEAT|Combat Casting
ABILITY:CATEGORY=FEAT|Dodge
ABILITY:CATEGORY=FEAT|Weapon Finesse
ABILITY:CATEGORY=FEAT|Weapon Focus (claw)

STARTPACK:Hanu-Naga Default	TYPE:Default Monster.Aberration	VISIBLE:QUALIFY	EQUIPBUY:0	PREMULT:1,[PRERACE:1,Hanu-Naga],[!PRERACE:1,%]
ALIGN:CE
RACE:Hanu-Naga	!PRERACE:1,%
NAME:Hanu-Naga
STAT:STR=10|DEX=10|CON=10|INT=10|WIS=10|CHA=10
SKILL:Acrobatics	RANK:5
SKILL:Climb	RANK:5
SKILL:Escape Artist	RANK:3
SKILL:Intimidate	RANK:4
SKILL:Perception	RANK:3
SKILL:Stealth	RANK:1
SKILL:Survival	RANK:3
ABILITY:CATEGORY=FEAT|Acrobatic
ABILITY:CATEGORY=FEAT|Diehard
ABILITY:CATEGORY=FEAT|Endurance

STARTPACK:Hedon Default	TYPE:Default Monster.Fey	VISIBLE:QUALIFY	EQUIPBUY:0	PREMULT:1,[PRERACE:1,Hedon],[!PRERACE:1,%]
ALIGN:CE
RACE:Hedon	!PRERACE:1,%
NAME:Hedon
STAT:STR=10|DEX=10|CON=10|INT=10|WIS=10|CHA=10
SKILL:Bluff	RANK:3
SKILL:Escape Artist	RANK:3
SKILL:Knowledge (Nature)	RANK:3
SKILL:Perception	RANK:3
SKILL:Perform (dancing)	RANK:3
SKILL:Stealth	RANK:3
ABILITY:CATEGORY=FEAT|Great Fortitude
ABILITY:CATEGORY=FEAT|Improved Initiative

STARTPACK:Hellwidow Default	TYPE:Default Monster.Magical Beast	VISIBLE:QUALIFY	EQUIPBUY:0	PREMULT:1,[PRERACE:1,Hellwidow],[!PRERACE:1,%]
ALIGN:LE
RACE:Hellwidow	!PRERACE:1,%
NAME:Hellwidow
STAT:STR=10|DEX=10|CON=10|INT=10|WIS=10|CHA=10
SKILL:Climb	RANK:10
SKILL:Perception	RANK:3
SKILL:Stealth	RANK:2
ABILITY:CATEGORY=FEAT|Great Fortitude
ABILITY:CATEGORY=FEAT|Improved Initiative
ABILITY:CATEGORY=FEAT|Lightning Reflexes
ABILITY:CATEGORY=FEAT|Skill Focus (Stealth)
ABILITY:CATEGORY=FEAT|Weapon Focus (bite)

STARTPACK:High Cimota Default	TYPE:Default Monster.Undead	VISIBLE:QUALIFY	EQUIPBUY:0	PREMULT:1,[PRERACE:1,High Cimota],[!PRERACE:1,%]
ALIGN:LE
RACE:High Cimota	!PRERACE:1,%
NAME:High Cimota
STAT:STR=10|DEX=10|INT=10|WIS=10|CHA=10
SKILL:Diplomacy	RANK:11
SKILL:Fly	RANK:6
SKILL:Intimidate	RANK:14
SKILL:Knowledge (Planes)	RANK:11
SKILL:Perception	RANK:14
SKILL:Sense Motive	RANK:14
SKILL:Stealth	RANK:12
ABILITY:CATEGORY=FEAT|Combat Reflexes
ABILITY:CATEGORY=FEAT|Improved Critical (scimitar)
ABILITY:CATEGORY=FEAT|Improved Initiative
ABILITY:CATEGORY=FEAT|Lightning Reflexes
ABILITY:CATEGORY=FEAT|Improved Lightning Reflexes
ABILITY:CATEGORY=FEAT|Two-Weapon Fighting
ABILITY:CATEGORY=FEAT|Weapon Focus (scimitar)

STARTPACK:Hooded Horror Default	TYPE:Default Monster.Undead	VISIBLE:QUALIFY	EQUIPBUY:0	PREMULT:1,[PRERACE:1,Hooded Horror],[!PRERACE:1,%]
ALIGN:CE
RACE:Hooded Horror	!PRERACE:1,%
NAME:Hooded Horror
STAT:STR=10|DEX=10|INT=10|WIS=10|CHA=10
SKILL:Disguise	RANK:5
SKILL:Intimidate	RANK:10
SKILL:Knowledge (Arcana)	RANK:5
SKILL:Knowledge (Planes)	RANK:2
SKILL:Knowledge (Religion)	RANK:5
SKILL:Perception	RANK:10
SKILL:Sense Motive	RANK:10
SKILL:Stealth	RANK:10
ABILITY:CATEGORY=FEAT|Ability Focus (desiccating breath)
ABILITY:CATEGORY=FEAT|Dodge
ABILITY:CATEGORY=FEAT|Improved Initiative
ABILITY:CATEGORY=FEAT|Iron Will
ABILITY:CATEGORY=FEAT|Lightning Reflexes

STARTPACK:Horse, Rhianna Default	TYPE:Default Monster.Animal	VISIBLE:QUALIFY	EQUIPBUY:0	PREMULT:1,[PRERACE:1,Horse, Rhianna],[!PRERACE:1,%]
ALIGN:TN
RACE:Horse, Rhianna	!PRERACE:1,%
NAME:Horse, Rhianna
STAT:STR=10|DEX=10|CON=10|INT=10|WIS=10|CHA=10
SKILL:Acrobatics	RANK:1
SKILL:Perception	RANK:2
ABILITY:CATEGORY=FEAT|Endurance
ABILITY:CATEGORY=FEAT|Nimble Moves
ABILITY:CATEGORY=FEAT|Run

STARTPACK:Huge Salt Elemental Default	TYPE:Default Monster.Outsider	VISIBLE:QUALIFY	EQUIPBUY:0	PREMULT:1,[PRERACE:1,Huge Salt Elemental],[!PRERACE:1,%]
ALIGN:TN
RACE:Huge Salt Elemental	!PRERACE:1,%
NAME:Huge Salt Elemental
STAT:STR=10|DEX=10|CON=10|INT=10|WIS=10|CHA=10
SKILL:Climb	RANK:8
SKILL:Knowledge (Dungeoneering)	RANK:4
SKILL:Knowledge (Planes)	RANK:4
SKILL:Perception	RANK:8
SKILL:Stealth	RANK:1
ABILITY:CATEGORY=FEAT|Cleave
ABILITY:CATEGORY=FEAT|Dodge
ABILITY:CATEGORY=FEAT|Endurance
ABILITY:CATEGORY=FEAT|Great Cleave
ABILITY:CATEGORY=FEAT|Mobility
ABILITY:CATEGORY=FEAT|Power Attack

STARTPACK:Huge Smoke Elemental Default	TYPE:Default Monster.Outsider	VISIBLE:QUALIFY	EQUIPBUY:0	PREMULT:1,[PRERACE:1,Huge Smoke Elemental],[!PRERACE:1,%]
ALIGN:TN
RACE:Huge Smoke Elemental	!PRERACE:1,%
NAME:Huge Smoke Elemental
STAT:STR=10|DEX=10|CON=10|INT=10|WIS=10|CHA=10
SKILL:Escape Artist	RANK:10
SKILL:Fly	RANK:10
SKILL:Perception	RANK:10
SKILL:Stealth	RANK:2
ABILITY:CATEGORY=FEAT|Combat Reflexes
ABILITY:CATEGORY=FEAT|Dodge
ABILITY:CATEGORY=FEAT|Flyby Attack
ABILITY:CATEGORY=FEAT|Improved Initiative
ABILITY:CATEGORY=FEAT|Weapon Finesse

STARTPACK:Ice Salamander Default	TYPE:Default Monster.Outsider	VISIBLE:QUALIFY	EQUIPBUY:0	PREMULT:1,[PRERACE:1,Ice Salamander],[!PRERACE:1,%]
ALIGN:CE
RACE:Ice Salamander	!PRERACE:1,%
NAME:Ice Salamander
STAT:STR=10|DEX=10|CON=10|INT=10|WIS=10|CHA=10
SKILL:Bluff	RANK:7
SKILL:Intimidate	RANK:7
SKILL:Knowledge (Planes)	RANK:7
SKILL:Perception	RANK:7
SKILL:Sense Motive	RANK:7
SKILL:Stealth	RANK:7
SKILL:Survival	RANK:7
ABILITY:CATEGORY=FEAT|Cleave
ABILITY:CATEGORY=FEAT|Improved Initiative
ABILITY:CATEGORY=FEAT|Power Attack
ABILITY:CATEGORY=FEAT|Weapon Focus (spear)

STARTPACK:Impaled Spirit Default	TYPE:Default Monster.Undead	VISIBLE:QUALIFY	EQUIPBUY:0	PREMULT:1,[PRERACE:1,Impaled Spirit],[!PRERACE:1,%]
ALIGN:CE
RACE:Impaled Spirit	!PRERACE:1,%
NAME:Impaled Spirit
STAT:DEX=10|INT=10|WIS=10|CHA=10
SKILL:Fly	RANK:12
SKILL:Intimidate	RANK:12
SKILL:Knowledge (Religion)	RANK:12
SKILL:Perception	RANK:12
SKILL:Sense Motive	RANK:12
SKILL:Stealth	RANK:12
ABILITY:CATEGORY=FEAT|Blind-Fight
ABILITY:CATEGORY=FEAT|Combat Reflexes
ABILITY:CATEGORY=FEAT|Dodge
ABILITY:CATEGORY=FEAT|Improved Initiative
ABILITY:CATEGORY=FEAT|Iron Will
ABILITY:CATEGORY=FEAT|Toughness

STARTPACK:Inder Default	TYPE:Default Monster.Outsider	VISIBLE:QUALIFY	EQUIPBUY:0	PREMULT:1,[PRERACE:1,Inder],[!PRERACE:1,%]
ALIGN:TN
RACE:Inder	!PRERACE:1,%
NAME:Inder
STAT:STR=10|DEX=10|CON=10|INT=10|WIS=10|CHA=10
SKILL:Acrobatics	RANK:40
SKILL:Climb	RANK:37
SKILL:Diplomacy	RANK:37
SKILL:Escape Artist	RANK:37
SKILL:Intimidate	RANK:40
SKILL:Knowledge (Arcana)	RANK:40
SKILL:Knowledge (Planes)	RANK:40
SKILL:Knowledge (Religion)	RANK:40
SKILL:Perception	RANK:40
SKILL:Sense Motive	RANK:40
SKILL:Stealth	RANK:32
SKILL:Survival	RANK:37
ABILITY:CATEGORY=FEAT|Blind-Fight
ABILITY:CATEGORY=FEAT|Cleave
ABILITY:CATEGORY=FEAT|Combat Expertise
ABILITY:CATEGORY=FEAT|Combat Reflexes
ABILITY:CATEGORY=FEAT|Critical Focus
ABILITY:CATEGORY=FEAT|Dodge
ABILITY:CATEGORY=FEAT|Great Cleave
ABILITY:CATEGORY=FEAT|Great Fortitude
ABILITY:CATEGORY=FEAT|Improved Initiative
ABILITY:CATEGORY=FEAT|Improved Vital Strike
ABILITY:CATEGORY=FEAT|Iron Will
ABILITY:CATEGORY=FEAT|Lightning Stance
ABILITY:CATEGORY=FEAT|Lunge
ABILITY:CATEGORY=FEAT|Mobility
ABILITY:CATEGORY=FEAT|Power Attack
ABILITY:CATEGORY=FEAT|Spring Attack
ABILITY:CATEGORY=FEAT|Vital Strike
ABILITY:CATEGORY=FEAT|Weapon Finesse
ABILITY:CATEGORY=FEAT|Whirlwind Attack
ABILITY:CATEGORY=FEAT|Wind Stance

STARTPACK:Jolly Jelly Default	TYPE:Default Monster.Ooze	VISIBLE:QUALIFY	EQUIPBUY:0	PREMULT:1,[PRERACE:1,Jolly Jelly],[!PRERACE:1,%]
ALIGN:TN
RACE:Jolly Jelly	!PRERACE:1,%
NAME:Jolly Jelly
STAT:STR=10|DEX=10|CON=10|WIS=10|CHA=10

STARTPACK:Jotun Default	TYPE:Default Monster.Humanoid	VISIBLE:QUALIFY	EQUIPBUY:0	PREMULT:1,[PRERACE:1,Jotun],[!PRERACE:1,%]
ALIGN:CE
RACE:Jotun	!PRERACE:1,%
NAME:Jotun
STAT:STR=10|DEX=10|CON=10|INT=10|WIS=10|CHA=10
SKILL:Climb	RANK:9
SKILL:Craft (any)	RANK:6
SKILL:Diplomacy	RANK:5
SKILL:Intimidate	RANK:10
SKILL:Knowledge (Any)	RANK:5
SKILL:Knowledge (Local)	RANK:3
SKILL:Perception	RANK:10
SKILL:Stealth	RANK:3
ABILITY:CATEGORY=FEAT|Cleave
ABILITY:CATEGORY=FEAT|Critical Focus
ABILITY:CATEGORY=FEAT|Great Cleave
ABILITY:CATEGORY=FEAT|Improved Overrun
ABILITY:CATEGORY=FEAT|Improved Sunder
ABILITY:CATEGORY=FEAT|Martial Weapon Proficiency (greataxe)
ABILITY:CATEGORY=FEAT|Power Attack
ABILITY:CATEGORY=FEAT|Skill Focus (Stealth)

STARTPACK:Juvenile Gray Dragon Default	TYPE:Default Monster.Dragon	VISIBLE:QUALIFY	EQUIPBUY:0	PREMULT:1,[PRERACE:1,Juvenile Gray Dragon],[!PRERACE:1,%]
ALIGN:NE
RACE:Juvenile Gray Dragon	!PRERACE:1,%
NAME:Juvenile Gray Dragon
STAT:STR=10|DEX=10|CON=10|INT=10|WIS=10|CHA=10
SKILL:Bluff	RANK:9
SKILL:Fly	RANK:9
SKILL:Intimidate	RANK:9
SKILL:Knowledge (Local)	RANK:9
SKILL:Perception	RANK:9
SKILL:Sense Motive	RANK:1
SKILL:Stealth	RANK:9
SKILL:Swim	RANK:9
ABILITY:CATEGORY=FEAT|Alertness
ABILITY:CATEGORY=FEAT|Improved Initiative
ABILITY:CATEGORY=FEAT|Lightning Reflexes
ABILITY:CATEGORY=FEAT|Multiattack
ABILITY:CATEGORY=FEAT|Weapon Focus (bite)

STARTPACK:Jynx Default	TYPE:Default Monster.Fey	VISIBLE:QUALIFY	EQUIPBUY:0	PREMULT:1,[PRERACE:1,Jynx],[!PRERACE:1,%]
ALIGN:CN
RACE:Jynx	!PRERACE:1,%
NAME:Jynx
STAT:STR=10|DEX=10|CON=10|INT=10|WIS=10|CHA=10
SKILL:Acrobatics	RANK:2
SKILL:Bluff	RANK:2
SKILL:Escape Artist	RANK:2
SKILL:Fly	RANK:2
SKILL:Knowledge (Nature)	RANK:2
SKILL:Perception	RANK:2
SKILL:Sense Motive	RANK:2
SKILL:Stealth	RANK:2
ABILITY:CATEGORY=FEAT|Dodge
ABILITY:CATEGORY=FEAT|Weapon Finesse

STARTPACK:Kamarupa Default	TYPE:Default Monster.Undead	VISIBLE:QUALIFY	EQUIPBUY:0	PREMULT:1,[PRERACE:1,Kamarupa],[!PRERACE:1,%]
ALIGN:CE
RACE:Kamarupa	!PRERACE:1,%
NAME:Kamarupa
STAT:DEX=10|INT=10|WIS=10|CHA=10
SKILL:Fly	RANK:10
SKILL:Intimidate	RANK:10
SKILL:Knowledge (History)	RANK:7
SKILL:Knowledge (Religion)	RANK:5
SKILL:Perception	RANK:10
SKILL:Sense Motive	RANK:5
SKILL:Stealth	RANK:10
ABILITY:CATEGORY=FEAT|Dodge
ABILITY:CATEGORY=FEAT|Improved Initiative
ABILITY:CATEGORY=FEAT|Iron Will
ABILITY:CATEGORY=FEAT|Lightning Reflexes
ABILITY:CATEGORY=FEAT|Toughness

STARTPACK:Knight Gaunt Default	TYPE:Default Monster.Undead	VISIBLE:QUALIFY	EQUIPBUY:0	PREMULT:1,[PRERACE:1,Knight Gaunt],[!PRERACE:1,%]
ALIGN:CE
RACE:Knight Gaunt	!PRERACE:1,%
NAME:Knight Gaunt
STAT:STR=10|DEX=10|INT=10|WIS=10|CHA=10
SKILL:Intimidate	RANK:4
SKILL:Perception	RANK:4
SKILL:Ride	RANK:1
SKILL:Stealth	RANK:1
ABILITY:CATEGORY=FEAT|Cleave
ABILITY:CATEGORY=FEAT|Power Attack

STARTPACK:Korog Default	TYPE:Default Monster.Humanoid	VISIBLE:QUALIFY	EQUIPBUY:0	PREMULT:1,[PRERACE:1,Korog],[!PRERACE:1,%]
ALIGN:LE
RACE:Korog	!PRERACE:1,%
NAME:Korog
STAT:STR=10|DEX=10|CON=10|INT=10|WIS=10|CHA=10
SKILL:Craft (any)	RANK:4
SKILL:Disable Device	RANK:3
SKILL:Knowledge (Dungeoneering)	RANK:1
SKILL:Knowledge (Engineering)	RANK:1
SKILL:Perception	RANK:1
SKILL:Profession (scientist)	RANK:4
ABILITY:CATEGORY=FEAT|Improved Iron Will
ABILITY:CATEGORY=FEAT|Iron Will

STARTPACK:Kulgreer Default	TYPE:Default Monster.Aberration	VISIBLE:QUALIFY	EQUIPBUY:0	PREMULT:1,[PRERACE:1,Kulgreer],[!PRERACE:1,%]
ALIGN:TN
RACE:Kulgreer	!PRERACE:1,%
NAME:Kulgreer
STAT:STR=10|DEX=10|CON=10|INT=10|WIS=10|CHA=10
SKILL:Escape Artist	RANK:12
SKILL:Intimidate	RANK:24
SKILL:Knowledge (Arcana)	RANK:9
SKILL:Perception	RANK:24
SKILL:Swim	RANK:24
ABILITY:CATEGORY=FEAT|Awesome Blow
ABILITY:CATEGORY=FEAT|Cleave
ABILITY:CATEGORY=FEAT|Great Cleave
ABILITY:CATEGORY=FEAT|Great Fortitude
ABILITY:CATEGORY=FEAT|Improved Bull Rush
ABILITY:CATEGORY=FEAT|Improved Critical (slam)
ABILITY:CATEGORY=FEAT|Improved Initiative
ABILITY:CATEGORY=FEAT|Iron Will
ABILITY:CATEGORY=FEAT|Lightning Reflexes
ABILITY:CATEGORY=FEAT|Power Attack
ABILITY:CATEGORY=FEAT|Skill Focus (Swim)
ABILITY:CATEGORY=FEAT|Weapon Focus (slam)

STARTPACK:Kytha Default	TYPE:Default Monster.Outsider	VISIBLE:QUALIFY	EQUIPBUY:0	PREMULT:1,[PRERACE:1,Kytha],[!PRERACE:1,%]
ALIGN:CE
RACE:Kytha	!PRERACE:1,%
NAME:Kytha
STAT:STR=10|DEX=10|CON=10|INT=10|WIS=10|CHA=10
SKILL:Bluff	RANK:9
SKILL:Diplomacy	RANK:9
SKILL:Intimidate	RANK:9
SKILL:Knowledge (Planes)	RANK:9
SKILL:Perception	RANK:9
SKILL:Sense Motive	RANK:9
SKILL:Stealth	RANK:9
ABILITY:CATEGORY=FEAT|Blind-Fight
ABILITY:CATEGORY=FEAT|Cleave
ABILITY:CATEGORY=FEAT|Improved Initiative
ABILITY:CATEGORY=FEAT|Power Attack
ABILITY:CATEGORY=FEAT|Toughness
ABILITY:CATEGORY=FEAT|Vital Strike

STARTPACK:Lamprey Swarm Default	TYPE:Default Monster.Animal	VISIBLE:QUALIFY	EQUIPBUY:0	PREMULT:1,[PRERACE:1,Lamprey Swarm],[!PRERACE:1,%]
ALIGN:TN
RACE:Lamprey Swarm	!PRERACE:1,%
NAME:Lamprey Swarm
STAT:STR=10|DEX=10|CON=10|INT=10|WIS=10|CHA=10
SKILL:Escape Artist	RANK:5
SKILL:Perception	RANK:4
SKILL:Swim	RANK:8
ABILITY:CATEGORY=FEAT|Improved Initiative
ABILITY:CATEGORY=FEAT|Iron Will
ABILITY:CATEGORY=FEAT|Lightning Reflexes
ABILITY:CATEGORY=FEAT|Skill Focus (Swim)

STARTPACK:Large Salt Elemental Default	TYPE:Default Monster.Outsider	VISIBLE:QUALIFY	EQUIPBUY:0	PREMULT:1,[PRERACE:1,Large Salt Elemental],[!PRERACE:1,%]
ALIGN:TN
RACE:Large Salt Elemental	!PRERACE:1,%
NAME:Large Salt Elemental
STAT:STR=10|DEX=10|CON=10|INT=10|WIS=10|CHA=10
SKILL:Climb	RANK:6
SKILL:Knowledge (Dungeoneering)	RANK:3
SKILL:Knowledge (Planes)	RANK:3
SKILL:Perception	RANK:6
SKILL:Stealth	RANK:2
ABILITY:CATEGORY=FEAT|Cleave
ABILITY:CATEGORY=FEAT|Great Cleave
ABILITY:CATEGORY=FEAT|Power Attack

STARTPACK:Large Smoke Elemental Default	TYPE:Default Monster.Outsider	VISIBLE:QUALIFY	EQUIPBUY:0	PREMULT:1,[PRERACE:1,Large Smoke Elemental],[!PRERACE:1,%]
ALIGN:TN
RACE:Large Smoke Elemental	!PRERACE:1,%
NAME:Large Smoke Elemental
STAT:STR=10|DEX=10|CON=10|INT=10|WIS=10|CHA=10
SKILL:Escape Artist	RANK:8
SKILL:Fly	RANK:8
SKILL:Perception	RANK:8
SKILL:Stealth	RANK:4
ABILITY:CATEGORY=FEAT|Combat Reflexes
ABILITY:CATEGORY=FEAT|Flyby Attack
ABILITY:CATEGORY=FEAT|Improved Initiative
ABILITY:CATEGORY=FEAT|Weapon Finesse

STARTPACK:Lava Lizard Default	TYPE:Default Monster.Magical Beast	VISIBLE:QUALIFY	EQUIPBUY:0	PREMULT:1,[PRERACE:1,Lava Lizard],[!PRERACE:1,%]
ALIGN:TN
RACE:Lava Lizard	!PRERACE:1,%
NAME:Lava Lizard
STAT:STR=10|DEX=10|CON=10|INT=10|WIS=10|CHA=10
SKILL:Climb	RANK:9
SKILL:Perception	RANK:6
SKILL:Stealth	RANK:1
SKILL:Swim	RANK:9
ABILITY:CATEGORY=FEAT|Great Fortitude
ABILITY:CATEGORY=FEAT|Improved Initiative
ABILITY:CATEGORY=FEAT|Lightning Reflexes
ABILITY:CATEGORY=FEAT|Skill Focus (Perception)
ABILITY:CATEGORY=FEAT|Toughness
ABILITY:CATEGORY=FEAT|Weapon Focus (bite)

STARTPACK:Leonine Default	TYPE:Default Monster.Monstrous Humanoid	VISIBLE:QUALIFY	EQUIPBUY:0	PREMULT:1,[PRERACE:1,Leonine],[!PRERACE:1,%]
ALIGN:NE
RACE:Leonine	!PRERACE:1,%
NAME:Leonine
STAT:STR=10|DEX=10|CON=10|INT=10|WIS=10|CHA=10
SKILL:Acrobatics	RANK:6
SKILL:Diplomacy	RANK:1
SKILL:Intimidate	RANK:4
SKILL:Perception	RANK:6
SKILL:Stealth	RANK:6
ABILITY:CATEGORY=FEAT|Great Fortitude
ABILITY:CATEGORY=FEAT|Improved Initiative
ABILITY:CATEGORY=FEAT|Skill Focus (Perception)

STARTPACK:Lesser Banshee Default	TYPE:Default Monster.Undead	VISIBLE:QUALIFY	EQUIPBUY:0	PREMULT:1,[PRERACE:1,Lesser Banshee],[!PRERACE:1,%]
ALIGN:NE
RACE:Lesser Banshee	!PRERACE:1,%
NAME:Lesser Banshee
STAT:DEX=10|INT=10|WIS=10|CHA=10
SKILL:Diplomacy	RANK:12
SKILL:Fly	RANK:15
SKILL:Intimidate	RANK:15
SKILL:Knowledge (Arcana)	RANK:15
SKILL:Perception	RANK:15
SKILL:Sense Motive	RANK:15
SKILL:Stealth	RANK:15
ABILITY:CATEGORY=FEAT|Ability Focus (wail)
ABILITY:CATEGORY=FEAT|Combat Reflexes
ABILITY:CATEGORY=FEAT|Dodge
ABILITY:CATEGORY=FEAT|Flyby Attack
ABILITY:CATEGORY=FEAT|Improved Initiative
ABILITY:CATEGORY=FEAT|Mobility
ABILITY:CATEGORY=FEAT|Spring Attack
ABILITY:CATEGORY=FEAT|Weapon Finesse

STARTPACK:Lesser Gibbering Orb Default	TYPE:Default Monster.Aberration	VISIBLE:QUALIFY	EQUIPBUY:0	PREMULT:1,[PRERACE:1,Lesser Gibbering Orb],[!PRERACE:1,%]
ALIGN:CE
RACE:Lesser Gibbering Orb	!PRERACE:1,%
NAME:Lesser Gibbering Orb
STAT:STR=10|DEX=10|CON=10|INT=10|WIS=10|CHA=10
SKILL:Acrobatics	RANK:14
SKILL:Fly	RANK:14
SKILL:Intimidate	RANK:14
SKILL:Knowledge (Arcana)	RANK:14
SKILL:Knowledge (Dungeoneering)	RANK:11
SKILL:Linguistics	RANK:11
SKILL:Perception	RANK:14
SKILL:Sense Motive	RANK:11
SKILL:Stealth	RANK:13
ABILITY:CATEGORY=FEAT|Diehard
ABILITY:CATEGORY=FEAT|Endurance
ABILITY:CATEGORY=FEAT|Flyby Attack
ABILITY:CATEGORY=FEAT|Improved Initiative
ABILITY:CATEGORY=FEAT|Iron Will
ABILITY:CATEGORY=FEAT|Vital Strike
ABILITY:CATEGORY=FEAT|Weapon Focus (eye ray)

STARTPACK:Leviathan Default	TYPE:Default Monster.Magical Beast	VISIBLE:QUALIFY	EQUIPBUY:0	PREMULT:1,[PRERACE:1,Leviathan],[!PRERACE:1,%]
ALIGN:TN
RACE:Leviathan	!PRERACE:1,%
NAME:Leviathan
STAT:STR=10|DEX=10|CON=10|INT=10|WIS=10|CHA=10
SKILL:Knowledge (Any One)	RANK:17
SKILL:Knowledge (Local)	RANK:17
SKILL:Knowledge (Nature)	RANK:17
SKILL:Perception	RANK:20
SKILL:Stealth	RANK:4
SKILL:Swim	RANK:20
ABILITY:CATEGORY=FEAT|Augment Summoning
ABILITY:CATEGORY=FEAT|Critical Focus
ABILITY:CATEGORY=FEAT|Diehard
ABILITY:CATEGORY=FEAT|Endurance
ABILITY:CATEGORY=FEAT|Great Fortitude
ABILITY:CATEGORY=FEAT|Improved Bull Rush
ABILITY:CATEGORY=FEAT|Improved Critical (bite)
ABILITY:CATEGORY=FEAT|Iron Will
ABILITY:CATEGORY=FEAT|Power Attack
ABILITY:CATEGORY=FEAT|Skill Focus (Swim)
ABILITY:CATEGORY=FEAT|Staggering Critical

STARTPACK:Lightning Bladder Default	TYPE:Default Monster.Ooze	VISIBLE:QUALIFY	EQUIPBUY:0	PREMULT:1,[PRERACE:1,Lightning Bladder],[!PRERACE:1,%]
ALIGN:TN
RACE:Lightning Bladder	!PRERACE:1,%
NAME:Lightning Bladder
STAT:STR=10|DEX=10|CON=10|WIS=10|CHA=10

STARTPACK:Lightning Lamprey Default	TYPE:Default Monster.Magical Beast	VISIBLE:QUALIFY	EQUIPBUY:0	PREMULT:1,[PRERACE:1,Lightning Lamprey],[!PRERACE:1,%]
ALIGN:TN
RACE:Lightning Lamprey	!PRERACE:1,%
NAME:Lightning Lamprey
STAT:STR=10|DEX=10|CON=10|WIS=10|CHA=10
SKILL:Fly	RANK:3
SKILL:Stealth	RANK:1

STARTPACK:Living Monolith Default	TYPE:Default Monster.Ooze	VISIBLE:QUALIFY	EQUIPBUY:0	PREMULT:1,[PRERACE:1,Living Monolith],[!PRERACE:1,%]
ALIGN:TN
RACE:Living Monolith	!PRERACE:1,%
NAME:Living Monolith
STAT:STR=10|DEX=10|CON=10|WIS=10|CHA=10

STARTPACK:Lupin Default	TYPE:Default Monster.Humanoid	VISIBLE:QUALIFY	EQUIPBUY:0	PREMULT:1,[PRERACE:1,Lupin],[!PRERACE:1,%]
ALIGN:LE
RACE:Lupin	!PRERACE:1,%
NAME:Lupin
STAT:STR=10|DEX=10|CON=10|INT=10|WIS=10|CHA=10
SKILL:Perception	RANK:3
SKILL:Sense Motive	RANK:1
SKILL:Stealth	RANK:1
SKILL:Survival	RANK:2
ABILITY:CATEGORY=FEAT|Alertness
ABILITY:CATEGORY=FEAT|Power Attack

STARTPACK:Lurker Wraith Default	TYPE:Default Monster.Undead	VISIBLE:QUALIFY	EQUIPBUY:0	PREMULT:1,[PRERACE:1,Lurker Wraith],[!PRERACE:1,%]
ALIGN:NE
RACE:Lurker Wraith	!PRERACE:1,%
NAME:Lurker Wraith
STAT:STR=10|DEX=10|INT=10|WIS=10|CHA=10
SKILL:Bluff	RANK:3
SKILL:Disguise	RANK:7
SKILL:Fly	RANK:1
SKILL:Perception	RANK:8
SKILL:Stealth	RANK:15
ABILITY:CATEGORY=FEAT|Blind-Fight
ABILITY:CATEGORY=FEAT|Deceitful
ABILITY:CATEGORY=FEAT|Hover
ABILITY:CATEGORY=FEAT|Improved Initiative
ABILITY:CATEGORY=FEAT|Lightning Reflexes
ABILITY:CATEGORY=FEAT|Skill Focus (Perception)
ABILITY:CATEGORY=FEAT|Skill Focus (Stealth)
ABILITY:CATEGORY=FEAT|Toughness

STARTPACK:Lypso Default	TYPE:Default Monster.Outsider	VISIBLE:QUALIFY	EQUIPBUY:0	PREMULT:1,[PRERACE:1,Lypso],[!PRERACE:1,%]
ALIGN:TN
RACE:Lypso	!PRERACE:1,%
NAME:Lypso
STAT:STR=10|DEX=10|CON=10|INT=10|WIS=10|CHA=10
SKILL:Acrobatics	RANK:40
SKILL:Diplomacy	RANK:37
SKILL:Escape Artist	RANK:37
SKILL:Intimidate	RANK:40
SKILL:Knowledge (Arcana)	RANK:40
SKILL:Knowledge (Planes)	RANK:40
SKILL:Knowledge (Religion)	RANK:40
SKILL:Perception	RANK:40
SKILL:Sense Motive	RANK:40
SKILL:Stealth	RANK:32
SKILL:Survival	RANK:37
SKILL:Swim	RANK:40
ABILITY:CATEGORY=FEAT|Blind-Fight
ABILITY:CATEGORY=FEAT|Cleave
ABILITY:CATEGORY=FEAT|Combat Expertise
ABILITY:CATEGORY=FEAT|Critical Focus
ABILITY:CATEGORY=FEAT|Dodge
ABILITY:CATEGORY=FEAT|Great Cleave
ABILITY:CATEGORY=FEAT|Great Fortitude
ABILITY:CATEGORY=FEAT|Improved Bull Rush
ABILITY:CATEGORY=FEAT|Improved Critical (slam)
ABILITY:CATEGORY=FEAT|Improved Initiative
ABILITY:CATEGORY=FEAT|Improved Sunder
ABILITY:CATEGORY=FEAT|Improved Vital Strike
ABILITY:CATEGORY=FEAT|Iron Will
ABILITY:CATEGORY=FEAT|Lightning Reflexes
ABILITY:CATEGORY=FEAT|Mobility
ABILITY:CATEGORY=FEAT|Power Attack
ABILITY:CATEGORY=FEAT|Spring Attack
ABILITY:CATEGORY=FEAT|SwimBy Attack
ABILITY:CATEGORY=FEAT|Vital Strike
ABILITY:CATEGORY=FEAT|Weapon Focus (slam)

STARTPACK:Malkeen Default	TYPE:Default Monster.Magical Beast	VISIBLE:QUALIFY	EQUIPBUY:0	PREMULT:1,[PRERACE:1,Malkeen],[!PRERACE:1,%]
ALIGN:TN
RACE:Malkeen	!PRERACE:1,%
NAME:Malkeen
STAT:STR=10|DEX=10|CON=10|INT=10|WIS=10|CHA=10
SKILL:Acrobatics	RANK:6
SKILL:Perception	RANK:5
SKILL:Stealth	RANK:2
SKILL:Swim	RANK:2
ABILITY:CATEGORY=FEAT|Dodge
ABILITY:CATEGORY=FEAT|Improved Initiative
ABILITY:CATEGORY=FEAT|Skill Focus (Perception)
ABILITY:CATEGORY=FEAT|Weapon Focus (claw)

STARTPACK:Mature Gray Dragon Default	TYPE:Default Monster.Dragon	VISIBLE:QUALIFY	EQUIPBUY:0	PREMULT:1,[PRERACE:1,Mature Gray Dragon],[!PRERACE:1,%]
ALIGN:NE
RACE:Mature Gray Dragon	!PRERACE:1,%
NAME:Mature Gray Dragon
STAT:STR=10|DEX=10|CON=10|INT=10|WIS=10|CHA=10
SKILL:Bluff	RANK:15
SKILL:Fly	RANK:13
SKILL:Intimidate	RANK:15
SKILL:Knowledge (Local)	RANK:15
SKILL:Perception	RANK:15
SKILL:Sense Motive	RANK:15
SKILL:Stealth	RANK:11
SKILL:Swim	RANK:15
ABILITY:CATEGORY=FEAT|Alertness
ABILITY:CATEGORY=FEAT|Flyby Attack
ABILITY:CATEGORY=FEAT|Improved Critical (bite)
ABILITY:CATEGORY=FEAT|Improved Initiative
ABILITY:CATEGORY=FEAT|Lightning Reflexes
ABILITY:CATEGORY=FEAT|Multiattack
ABILITY:CATEGORY=FEAT|Power Attack
ABILITY:CATEGORY=FEAT|Weapon Focus (bite)

STARTPACK:Medium Salt Elemental Default	TYPE:Default Monster.Outsider	VISIBLE:QUALIFY	EQUIPBUY:0	PREMULT:1,[PRERACE:1,Medium Salt Elemental],[!PRERACE:1,%]
ALIGN:TN
RACE:Medium Salt Elemental	!PRERACE:1,%
NAME:Medium Salt Elemental
STAT:STR=10|DEX=10|CON=10|INT=10|WIS=10|CHA=10
SKILL:Climb	RANK:3
SKILL:Perception	RANK:3
SKILL:Stealth	RANK:3
ABILITY:CATEGORY=FEAT|Cleave
ABILITY:CATEGORY=FEAT|Power Attack

STARTPACK:Medium Smoke Elemental Default	TYPE:Default Monster.Outsider	VISIBLE:QUALIFY	EQUIPBUY:0	PREMULT:1,[PRERACE:1,Medium Smoke Elemental],[!PRERACE:1,%]
ALIGN:TN
RACE:Medium Smoke Elemental	!PRERACE:1,%
NAME:Medium Smoke Elemental
STAT:STR=10|DEX=10|CON=10|INT=10|WIS=10|CHA=10
SKILL:Fly	RANK:4
SKILL:Perception	RANK:4
SKILL:Stealth	RANK:4
ABILITY:CATEGORY=FEAT|Flyby Attack
ABILITY:CATEGORY=FEAT|Improved Initiative

STARTPACK:Mordnaissant Default	TYPE:Default Monster.Undead	VISIBLE:QUALIFY	EQUIPBUY:0	PREMULT:1,[PRERACE:1,Mordnaissant],[!PRERACE:1,%]
ALIGN:NE
RACE:Mordnaissant	!PRERACE:1,%
NAME:Mordnaissant
STAT:STR=10|DEX=10|INT=10|WIS=10|CHA=10
SKILL:Fly	RANK:9
SKILL:Perception	RANK:9
SKILL:Stealth	RANK:9
ABILITY:CATEGORY=FEAT|Ability Focus (lash of fury)
ABILITY:CATEGORY=FEAT|Improved Initiative
ABILITY:CATEGORY=FEAT|Skill Focus (Perception)
ABILITY:CATEGORY=FEAT|Weapon Finesse
ABILITY:CATEGORY=FEAT|Weapon Focus (ray)

STARTPACK:Necro-Phantom Default	TYPE:Default Monster.Undead	VISIBLE:QUALIFY	EQUIPBUY:0	PREMULT:1,[PRERACE:1,Necro-Phantom],[!PRERACE:1,%]
ALIGN:CE
RACE:Necro-Phantom	!PRERACE:1,%
NAME:Necro-Phantom
STAT:STR=10|DEX=10|INT=10|WIS=10|CHA=10
SKILL:Climb	RANK:2
SKILL:Intimidate	RANK:4
SKILL:Perception	RANK:4
SKILL:Spellcraft	RANK:2
SKILL:Stealth	RANK:4
ABILITY:CATEGORY=FEAT|Skill Focus (Perception)
ABILITY:CATEGORY=FEAT|Weapon Focus (claw)

STARTPACK:Necromantic Golem Default	TYPE:Default Monster.Construct	VISIBLE:QUALIFY	EQUIPBUY:0	PREMULT:1,[PRERACE:1,Necromantic Golem],[!PRERACE:1,%]
ALIGN:TN
RACE:Necromantic Golem	!PRERACE:1,%
NAME:Necromantic Golem
STAT:STR=10|DEX=10|WIS=10|CHA=10

STARTPACK:Neomimic Default	TYPE:Default Monster.Aberration	VISIBLE:QUALIFY	EQUIPBUY:0	PREMULT:1,[PRERACE:1,Neomimic],[!PRERACE:1,%]
ALIGN:NE
RACE:Neomimic	!PRERACE:1,%
NAME:Neomimic
STAT:STR=10|DEX=10|CON=10|INT=10|WIS=10|CHA=10
SKILL:Climb	RANK:7
SKILL:Disguise	RANK:4
SKILL:Intimidate	RANK:5
SKILL:Knowledge (Dungeoneering)	RANK:4
SKILL:Perception	RANK:7
SKILL:Stealth	RANK:7
ABILITY:CATEGORY=FEAT|Light Armor Proficiency
ABILITY:CATEGORY=FEAT|Medium Armor Proficiency
ABILITY:CATEGORY=FEAT|Improved Initiative
ABILITY:CATEGORY=FEAT|Lightning Reflexes
ABILITY:CATEGORY=FEAT|Martial Weapon Proficiency
ABILITY:CATEGORY=FEAT|Skill Focus (Stealth)
ABILITY:CATEGORY=FEAT|Weapon Focus (slam)

STARTPACK:Niserie Default	TYPE:Default Monster.Fey	VISIBLE:QUALIFY	EQUIPBUY:0	PREMULT:1,[PRERACE:1,Niserie],[!PRERACE:1,%]
ALIGN:CN
RACE:Niserie	!PRERACE:1,%
NAME:Niserie
STAT:STR=10|DEX=10|CON=10|INT=10|WIS=10|CHA=10
SKILL:Bluff	RANK:4
SKILL:Diplomacy	RANK:4
SKILL:Knowledge (Local)	RANK:4
SKILL:Knowledge (Nature)	RANK:4
SKILL:Perception	RANK:4
SKILL:Sense Motive	RANK:4
SKILL:Sleight of Hand	RANK:2
SKILL:Stealth	RANK:2
SKILL:Swim	RANK:4
ABILITY:CATEGORY=FEAT|Dodge
ABILITY:CATEGORY=FEAT|Great Fortitude
ABILITY:CATEGORY=FEAT|Improved Initiative

STARTPACK:Nithu Default	TYPE:Default Monster.Aberration	VISIBLE:QUALIFY	EQUIPBUY:0	PREMULT:1,[PRERACE:1,Nithu],[!PRERACE:1,%]
ALIGN:NE
RACE:Nithu	!PRERACE:1,%
NAME:Nithu
STAT:STR=10|DEX=10|CON=10|INT=10|WIS=10|CHA=10
SKILL:Fly	RANK:8
SKILL:Intimidate	RANK:6
SKILL:Perception	RANK:8
SKILL:Stealth	RANK:2
SKILL:Survival	RANK:6
ABILITY:CATEGORY=FEAT|Alertness
ABILITY:CATEGORY=FEAT|Combat Reflexes
ABILITY:CATEGORY=FEAT|Skill Focus (Perception)
ABILITY:CATEGORY=FEAT|Weapon Finesse

STARTPACK:Noble Steed Default	TYPE:Default Monster.Magical Beast	VISIBLE:QUALIFY	EQUIPBUY:0	PREMULT:1,[PRERACE:1,Noble Steed],[!PRERACE:1,%]
ALIGN:TN
RACE:Noble Steed	!PRERACE:1,%
NAME:Noble Steed
STAT:STR=10|DEX=10|CON=10|INT=10|WIS=10|CHA=10
SKILL:Fly	RANK:5
SKILL:Perception	RANK:4
ABILITY:CATEGORY=FEAT|Endurance
ABILITY:CATEGORY=FEAT|Run
ABILITY:CATEGORY=FEAT|Skill Focus (Fly)
ABILITY:CATEGORY=FEAT|Weapon Focus (hoof)

STARTPACK:Northlands Aurochs Default	TYPE:Default Monster.Animal	VISIBLE:QUALIFY	EQUIPBUY:0	PREMULT:1,[PRERACE:1,Northlands Aurochs],[!PRERACE:1,%]
ALIGN:TN
RACE:Northlands Aurochs	!PRERACE:1,%
NAME:Northlands Aurochs
STAT:STR=10|DEX=10|CON=10|INT=10|WIS=10|CHA=10
SKILL:Perception	RANK:10
ABILITY:CATEGORY=FEAT|Endurance
ABILITY:CATEGORY=FEAT|Great Fortitude
ABILITY:CATEGORY=FEAT|Toughness
ABILITY:CATEGORY=FEAT|Skill Focus (Perception)
ABILITY:CATEGORY=FEAT|Weapon Focus (gore)

STARTPACK:Nothosaurus Default	TYPE:Default Monster.Animal	VISIBLE:QUALIFY	EQUIPBUY:0	PREMULT:1,[PRERACE:1,Nothosaurus],[!PRERACE:1,%]
ALIGN:TN
RACE:Nothosaurus	!PRERACE:1,%
NAME:Nothosaurus
STAT:STR=10|DEX=10|CON=10|INT=10|WIS=10|CHA=10
SKILL:Perception	RANK:9
SKILL:Stealth	RANK:1
SKILL:Swim	RANK:9
ABILITY:CATEGORY=FEAT|Great Fortitude
ABILITY:CATEGORY=FEAT|Improved Initiative
ABILITY:CATEGORY=FEAT|Skill Focus (Perception)
ABILITY:CATEGORY=FEAT|Swim-By Attack
ABILITY:CATEGORY=FEAT|Weapon Focus (bite)

STARTPACK:Old Gray Dragon Default	TYPE:Default Monster.Dragon	VISIBLE:QUALIFY	EQUIPBUY:0	PREMULT:1,[PRERACE:1,Old Gray Dragon],[!PRERACE:1,%]
ALIGN:NE
RACE:Old Gray Dragon	!PRERACE:1,%
NAME:Old Gray Dragon
STAT:STR=10|DEX=10|CON=10|INT=10|WIS=10|CHA=10
SKILL:Bluff	RANK:17
SKILL:Fly	RANK:13
SKILL:Intimidate	RANK:17
SKILL:Knowledge (Local)	RANK:17
SKILL:Perception	RANK:17
SKILL:Sense Motive	RANK:17
SKILL:Spellcraft	RANK:17
SKILL:Stealth	RANK:9
SKILL:Swim	RANK:17
ABILITY:CATEGORY=FEAT|Alertness
ABILITY:CATEGORY=FEAT|Cleave
ABILITY:CATEGORY=FEAT|Flyby Attack
ABILITY:CATEGORY=FEAT|Improved Critical (bite)
ABILITY:CATEGORY=FEAT|Improved Initiative
ABILITY:CATEGORY=FEAT|Lightning Reflexes
ABILITY:CATEGORY=FEAT|Multiattack
ABILITY:CATEGORY=FEAT|Power Attack
ABILITY:CATEGORY=FEAT|Weapon Focus (bite)

STARTPACK:Ommoth Default	TYPE:Default Monster.Magical Beast	VISIBLE:QUALIFY	EQUIPBUY:0	PREMULT:1,[PRERACE:1,Ommoth],[!PRERACE:1,%]
ALIGN:TN
RACE:Ommoth	!PRERACE:1,%
NAME:Ommoth
STAT:STR=10|DEX=10|CON=10|INT=10|WIS=10|CHA=10
SKILL:Climb	RANK:2
SKILL:Perception	RANK:7
SKILL:Stealth	RANK:2
ABILITY:CATEGORY=FEAT|Great Fortitude
ABILITY:CATEGORY=FEAT|Improved Initiative
ABILITY:CATEGORY=FEAT|Power Attack
ABILITY:CATEGORY=FEAT|Weapon Focus (claw)

STARTPACK:Onyst Default	TYPE:Default Monster.Outsider	VISIBLE:QUALIFY	EQUIPBUY:0	PREMULT:1,[PRERACE:1,Onyst],[!PRERACE:1,%]
ALIGN:TN
RACE:Onyst	!PRERACE:1,%
NAME:Onyst
STAT:STR=10|DEX=10|CON=10|INT=10|WIS=10|CHA=10
SKILL:Climb	RANK:40
SKILL:Diplomacy	RANK:37
SKILL:Intimidate	RANK:37
SKILL:Knowledge (Arcana)	RANK:40
SKILL:Knowledge (Dungeoneering)	RANK:40
SKILL:Knowledge (Planes)	RANK:40
SKILL:Knowledge (Religion)	RANK:37
SKILL:Perception	RANK:40
SKILL:Sense Motive	RANK:40
SKILL:Stealth	RANK:32
SKILL:Survival	RANK:40
ABILITY:CATEGORY=FEAT|Awesome Blow
ABILITY:CATEGORY=FEAT|Blind-Fight
ABILITY:CATEGORY=FEAT|Cleave
ABILITY:CATEGORY=FEAT|Critical Focus
ABILITY:CATEGORY=FEAT|Dodge
ABILITY:CATEGORY=FEAT|Great Cleave
ABILITY:CATEGORY=FEAT|Great Fortitude
ABILITY:CATEGORY=FEAT|Greater Bull Rush
ABILITY:CATEGORY=FEAT|Greater Overrun
ABILITY:CATEGORY=FEAT|Greater Sunder
ABILITY:CATEGORY=FEAT|Improved Bull Rush
ABILITY:CATEGORY=FEAT|Improved Critical (slam)
ABILITY:CATEGORY=FEAT|Improved Overrun
ABILITY:CATEGORY=FEAT|Improved Sunder
ABILITY:CATEGORY=FEAT|Improved Vital Strike
ABILITY:CATEGORY=FEAT|Iron Will
ABILITY:CATEGORY=FEAT|Lunge
ABILITY:CATEGORY=FEAT|Power Attack
ABILITY:CATEGORY=FEAT|Vital Strike
ABILITY:CATEGORY=FEAT|Weapon Focus (slam)

STARTPACK:Oozeanderthal Default	TYPE:Default Monster.Undead	VISIBLE:QUALIFY	EQUIPBUY:0	PREMULT:1,[PRERACE:1,Oozeanderthal],[!PRERACE:1,%]
ALIGN:NE
RACE:Oozeanderthal	!PRERACE:1,%
NAME:Oozeanderthal
STAT:STR=10|DEX=10|WIS=10|CHA=10
ABILITY:CATEGORY=FEAT|Toughness

STARTPACK:Ossuary Golem Default	TYPE:Default Monster.Construct	VISIBLE:QUALIFY	EQUIPBUY:0	PREMULT:1,[PRERACE:1,Ossuary Golem],[!PRERACE:1,%]
ALIGN:TN
RACE:Ossuary Golem	!PRERACE:1,%
NAME:Ossuary Golem
STAT:STR=10|DEX=10|INT=10|WIS=10|CHA=10
SKILL:Disguise	RANK:1
SKILL:Perception	RANK:12
SKILL:Stealth	RANK:1
ABILITY:CATEGORY=FEAT|Cleave
ABILITY:CATEGORY=FEAT|Improved Initiative
ABILITY:CATEGORY=FEAT|Lightning Reflexes
ABILITY:CATEGORY=FEAT|Power Attack
ABILITY:CATEGORY=FEAT|Skill Focus (Perception)
ABILITY:CATEGORY=FEAT|Weapon Focus (slam)

STARTPACK:Peg Powler Default	TYPE:Default Monster.Monstrous Humanoid	VISIBLE:QUALIFY	EQUIPBUY:0	PREMULT:1,[PRERACE:1,Peg Powler],[!PRERACE:1,%]
ALIGN:CE
RACE:Peg Powler	!PRERACE:1,%
NAME:Peg Powler
STAT:STR=10|DEX=10|CON=10|INT=10|WIS=10|CHA=10
SKILL:Bluff	RANK:4
SKILL:Intimidate	RANK:4
SKILL:Perception	RANK:4
SKILL:Stealth	RANK:4
SKILL:Swim	RANK:4
ABILITY:CATEGORY=FEAT|Power Attack
ABILITY:CATEGORY=FEAT|Skill Focus (Stealth)

STARTPACK:Pestilential Cadaver Default	TYPE:Default Monster.Construct	VISIBLE:QUALIFY	EQUIPBUY:0	PREMULT:1,[PRERACE:1,Pestilential Cadaver],[!PRERACE:1,%]
ALIGN:TN
RACE:Pestilential Cadaver	!PRERACE:1,%
NAME:Pestilential Cadaver
STAT:STR=10|DEX=10|INT=10|WIS=10|CHA=10
SKILL:Disguise	RANK:3
SKILL:Escape Artist	RANK:1
SKILL:Perception	RANK:3
SKILL:Stealth	RANK:8
ABILITY:CATEGORY=FEAT|Ability Focus (disease)
ABILITY:CATEGORY=FEAT|Alertness
ABILITY:CATEGORY=FEAT|Stealthy
ABILITY:CATEGORY=FEAT|Weapon Focus (slam)

STARTPACK:Petrified Horror Default	TYPE:Default Monster.Construct	VISIBLE:QUALIFY	EQUIPBUY:0	PREMULT:1,[PRERACE:1,Petrified Horror],[!PRERACE:1,%]
ALIGN:TN
RACE:Petrified Horror	!PRERACE:1,%
NAME:Petrified Horror
STAT:STR=10|DEX=10|WIS=10|CHA=10
ABILITY:CATEGORY=FEAT|Improved Initiative

STARTPACK:Philosopher Golem Default	TYPE:Default Monster.Construct	VISIBLE:QUALIFY	EQUIPBUY:0	PREMULT:1,[PRERACE:1,Philosopher Golem],[!PRERACE:1,%]
ALIGN:TN
RACE:Philosopher Golem	!PRERACE:1,%
NAME:Philosopher Golem
STAT:STR=10|DEX=10|INT=10|WIS=10|CHA=10
SKILL:Craft (any one)	RANK:7
SKILL:Knowledge (Any One)	RANK:7
SKILL:Knowledge (Arcana)	RANK:7
SKILL:Perception	RANK:9
SKILL:Sense Motive	RANK:1
SKILL:Spellcraft	RANK:7
SKILL:Use Magical Device	RANK:7
ABILITY:CATEGORY=FEAT|Alertness
ABILITY:CATEGORY=FEAT|Combat Casting
ABILITY:CATEGORY=FEAT|Craft Construct
ABILITY:CATEGORY=FEAT|Craft Wondrous Item
ABILITY:CATEGORY=FEAT|Extend Spell
ABILITY:CATEGORY=FEAT|Iron Will
ABILITY:CATEGORY=FEAT|Maximize Spell
ABILITY:CATEGORY=FEAT|Power Attack
ABILITY:CATEGORY=FEAT|Quicken Spell

STARTPACK:Plantoid Default	TYPE:Default Monster.Plant	VISIBLE:QUALIFY	EQUIPBUY:0	PREMULT:1,[PRERACE:1,Plantoid],[!PRERACE:1,%]
ALIGN:TN
RACE:Plantoid	!PRERACE:1,%
NAME:Plantoid
STAT:STR=10|DEX=10|CON=10|INT=10|WIS=10|CHA=10
SKILL:Fly	RANK:5
SKILL:Knowledge (Planes)	RANK:2
SKILL:Perception	RANK:5
SKILL:Stealth	RANK:3
ABILITY:CATEGORY=FEAT|Dodge
ABILITY:CATEGORY=FEAT|Mobility
ABILITY:CATEGORY=FEAT|Weapon Focus (tendrils)

STARTPACK:Plantoid Servitor Default	TYPE:Default Monster.Plant	VISIBLE:QUALIFY	EQUIPBUY:0	PREMULT:1,[PRERACE:1,Plantoid Servitor],[!PRERACE:1,%]
ALIGN:TN
RACE:Plantoid Servitor	!PRERACE:1,%
NAME:Plantoid Servitor
STAT:STR=10|DEX=10|CON=10|INT=10|WIS=10|CHA=10
SKILL:Perception	RANK:1
SKILL:Stealth	RANK:2
ABILITY:CATEGORY=FEAT|Endurance
ABILITY:CATEGORY=FEAT|Diehard
ABILITY:CATEGORY=FEAT|Toughness

STARTPACK:Podokesaurus Default	TYPE:Default Monster.Animal	VISIBLE:QUALIFY	EQUIPBUY:0	PREMULT:1,[PRERACE:1,Podokesaurus],[!PRERACE:1,%]
ALIGN:TN
RACE:Podokesaurus	!PRERACE:1,%
NAME:Podokesaurus
STAT:STR=10|DEX=10|CON=10|INT=10|WIS=10|CHA=10
SKILL:Perception	RANK:1
ABILITY:CATEGORY=FEAT|Improved Initiative
ABILITY:CATEGORY=FEAT|Run

STARTPACK:Proto-Creature Default	TYPE:Default Monster.Monstrous Humanoid	VISIBLE:QUALIFY	EQUIPBUY:0	PREMULT:1,[PRERACE:1,Proto-Creature],[!PRERACE:1,%]
ALIGN:NE
RACE:Proto-Creature	!PRERACE:1,%
NAME:Proto-Creature
STAT:STR=10|DEX=10|CON=10|INT=10|WIS=10|CHA=10
SKILL:Perception	RANK:10
SKILL:Survival	RANK:10
ABILITY:CATEGORY=FEAT|Cleave
ABILITY:CATEGORY=FEAT|Great Fortitude
ABILITY:CATEGORY=FEAT|Power Attack
ABILITY:CATEGORY=FEAT|Toughness
ABILITY:CATEGORY=FEAT|Weapon Focus (slam)

STARTPACK:Pyre Zombie Default	TYPE:Default Monster.Undead	VISIBLE:QUALIFY	EQUIPBUY:0	PREMULT:1,[PRERACE:1,Pyre Zombie],[!PRERACE:1,%]
ALIGN:NE
RACE:Pyre Zombie	!PRERACE:1,%
NAME:Pyre Zombie
STAT:STR=10|DEX=10|WIS=10|CHA=10
ABILITY:CATEGORY=FEAT|Toughness

STARTPACK:Rakewood Default	TYPE:Default Monster.Plant	VISIBLE:QUALIFY	EQUIPBUY:0	PREMULT:1,[PRERACE:1,Rakewood],[!PRERACE:1,%]
ALIGN:TN
RACE:Rakewood	!PRERACE:1,%
NAME:Rakewood
STAT:STR=10|DEX=10|CON=10|INT=10|WIS=10|CHA=10
SKILL:Perception	RANK:5
SKILL:Stealth	RANK:2
ABILITY:CATEGORY=FEAT|Cleave
ABILITY:CATEGORY=FEAT|Improved Critical (bite)
ABILITY:CATEGORY=FEAT|Power Attack
ABILITY:CATEGORY=FEAT|Step Up
ABILITY:CATEGORY=FEAT|Weapon Focus (bite
ABILITY:CATEGORY=FEAT|slam)

STARTPACK:Rat-Ghouls Default	TYPE:Default Monster.Undead	VISIBLE:QUALIFY	EQUIPBUY:0	PREMULT:1,[PRERACE:1,Rat-Ghouls],[!PRERACE:1,%]
ALIGN:TN
RACE:Rat-Ghouls	!PRERACE:1,%
NAME:Rat-Ghouls
STAT:STR=10|DEX=10|INT=10|WIS=10|CHA=10
SKILL:Climb	RANK:1
SKILL:Perception	RANK:1
SKILL:Stealth	RANK:1
SKILL:Swim	RANK:1
ABILITY:CATEGORY=FEAT|Skill Focus (Perception)

STARTPACK:Ravager Beetle Default	TYPE:Default Monster.Vermin	VISIBLE:QUALIFY	EQUIPBUY:0	PREMULT:1,[PRERACE:1,Ravager Beetle],[!PRERACE:1,%]
ALIGN:TN
RACE:Ravager Beetle	!PRERACE:1,%
NAME:Ravager Beetle
STAT:STR=10|DEX=10|CON=10|WIS=10|CHA=10
SKILL:Fly	RANK:1

STARTPACK:Ravager Spawn Default	TYPE:Default Monster.Magical Beast	VISIBLE:QUALIFY	EQUIPBUY:0	PREMULT:1,[PRERACE:1,Ravager Spawn],[!PRERACE:1,%]
ALIGN:TN
RACE:Ravager Spawn	!PRERACE:1,%
NAME:Ravager Spawn
STAT:STR=10|DEX=10|CON=10|INT=10|WIS=10|CHA=10
SKILL:Perception	RANK:30
ABILITY:CATEGORY=FEAT|Cleave
ABILITY:CATEGORY=FEAT|Combat Reflexes
ABILITY:CATEGORY=FEAT|Critical Focus
ABILITY:CATEGORY=FEAT|Great Cleave
ABILITY:CATEGORY=FEAT|Great Fortitude
ABILITY:CATEGORY=FEAT|Improved Bull Rush
ABILITY:CATEGORY=FEAT|Improved Critical (bite)
ABILITY:CATEGORY=FEAT|Improved Natural Armor (x3)
ABILITY:CATEGORY=FEAT|Improved Natural Attack (bite)
ABILITY:CATEGORY=FEAT|Improved Natural Attack (claw)
ABILITY:CATEGORY=FEAT|Iron Will
ABILITY:CATEGORY=FEAT|Power Attack
ABILITY:CATEGORY=FEAT|Toughness

STARTPACK:Razor Treant Default	TYPE:Default Monster.Plant	VISIBLE:QUALIFY	EQUIPBUY:0	PREMULT:1,[PRERACE:1,Razor Treant],[!PRERACE:1,%]
ALIGN:CE
RACE:Razor Treant	!PRERACE:1,%
NAME:Razor Treant
STAT:STR=10|DEX=10|CON=10|INT=10|WIS=10|CHA=10
SKILL:Bluff	RANK:11
SKILL:Intimidate	RANK:14
SKILL:Knowledge (Nature)	RANK:11
SKILL:Perception	RANK:18
SKILL:Sense Motive	RANK:11
ABILITY:CATEGORY=FEAT|Awesome Blow
ABILITY:CATEGORY=FEAT|Cleave
ABILITY:CATEGORY=FEAT|Combat Reflexes
ABILITY:CATEGORY=FEAT|Great Cleave
ABILITY:CATEGORY=FEAT|Great Fortitude
ABILITY:CATEGORY=FEAT|Improved Initiative
ABILITY:CATEGORY=FEAT|Improved Sunder
ABILITY:CATEGORY=FEAT|Iron Will
ABILITY:CATEGORY=FEAT|Power Attack
ABILITY:CATEGORY=FEAT|Skill Focus (Perception)

STARTPACK:River Troll Default	TYPE:Default Monster.Humanoid	VISIBLE:QUALIFY	EQUIPBUY:0	PREMULT:1,[PRERACE:1,River Troll],[!PRERACE:1,%]
ALIGN:CE
RACE:River Troll	!PRERACE:1,%
NAME:River Troll
STAT:STR=10|DEX=10|CON=10|INT=10|WIS=10|CHA=10
SKILL:Intimidate	RANK:6
SKILL:Perception	RANK:6
SKILL:Swim	RANK:5
ABILITY:CATEGORY=FEAT|Intimidating Prowess
ABILITY:CATEGORY=FEAT|Iron Will
ABILITY:CATEGORY=FEAT|Skill Focus (Perception)

STARTPACK:Sciurian Default	TYPE:Default Monster.Humanoid	VISIBLE:QUALIFY	EQUIPBUY:0	PREMULT:1,[PRERACE:1,Sciurian],[!PRERACE:1,%]
ALIGN:NG
RACE:Sciurian	!PRERACE:1,%
NAME:Sciurian
STAT:STR=10|DEX=10|CON=10|INT=10|WIS=10|CHA=10
SKILL:Acrobatics	RANK:1
SKILL:Climb	RANK:1
SKILL:Heal	RANK:1
SKILL:Knowledge (Nature)	RANK:1
SKILL:Perception	RANK:1
SKILL:Stealth	RANK:1
SKILL:Survival	RANK:1
ABILITY:CATEGORY=FEAT|Dodge

STARTPACK:Scorpionfolk Default	TYPE:Default Monster.Monstrous Humanoid	VISIBLE:QUALIFY	EQUIPBUY:0	PREMULT:1,[PRERACE:1,Scorpionfolk],[!PRERACE:1,%]
ALIGN:LE
RACE:Scorpionfolk	!PRERACE:1,%
NAME:Scorpionfolk
STAT:STR=10|DEX=10|CON=10|INT=10|WIS=10|CHA=10
SKILL:Climb	RANK:1
SKILL:Diplomacy	RANK:1
SKILL:Intimidate	RANK:4
SKILL:Perception	RANK:7
SKILL:Sense Motive	RANK:1
SKILL:Stealth	RANK:1
SKILL:Survival	RANK:4
ABILITY:CATEGORY=FEAT|Alertness
ABILITY:CATEGORY=FEAT|Cleave
ABILITY:CATEGORY=FEAT|Iron Will
ABILITY:CATEGORY=FEAT|Power Attack

STARTPACK:Screamer Default	TYPE:Default Monster.Undead	VISIBLE:QUALIFY	EQUIPBUY:0	PREMULT:1,[PRERACE:1,Screamer],[!PRERACE:1,%]
ALIGN:CE
RACE:Screamer	!PRERACE:1,%
NAME:Screamer
STAT:DEX=10|INT=10|WIS=10|CHA=10
SKILL:Fly	RANK:4
SKILL:Perception	RANK:3
SKILL:Stealth	RANK:3
ABILITY:CATEGORY=FEAT|Flyby Attack
ABILITY:CATEGORY=FEAT|Improved Initiative

STARTPACK:Seraph Genie Default	TYPE:Default Monster.Outsider	VISIBLE:QUALIFY	EQUIPBUY:0	PREMULT:1,[PRERACE:1,Seraph Genie],[!PRERACE:1,%]
ALIGN:NG
RACE:Seraph Genie	!PRERACE:1,%
NAME:Seraph Genie
STAT:STR=10|DEX=10|CON=10|INT=10|WIS=10|CHA=10
SKILL:Craft (any one)	RANK:10
SKILL:Diplomacy	RANK:10
SKILL:Fly	RANK:10
SKILL:Knowledge (Planes)	RANK:10
SKILL:Perception	RANK:10
SKILL:Sense Motive	RANK:10
SKILL:Spellcraft	RANK:10
SKILL:Stealth	RANK:6
ABILITY:CATEGORY=FEAT|Combat Casting
ABILITY:CATEGORY=FEAT|Combat Reflexes
ABILITY:CATEGORY=FEAT|Dodge
ABILITY:CATEGORY=FEAT|Improved Initiative
ABILITY:CATEGORY=FEAT|Mobility
ABILITY:CATEGORY=FEAT|Power Attack

STARTPACK:Serpent Creeper Default	TYPE:Default Monster.Plant	VISIBLE:QUALIFY	EQUIPBUY:0	PREMULT:1,[PRERACE:1,Serpent Creeper],[!PRERACE:1,%]
ALIGN:TN
RACE:Serpent Creeper	!PRERACE:1,%
NAME:Serpent Creeper
STAT:STR=10|DEX=10|CON=10|INT=10|WIS=10|CHA=10
SKILL:Climb	RANK:5
SKILL:Disguise	RANK:1
SKILL:Escape Artist	RANK:1
SKILL:Perception	RANK:6
SKILL:Stealth	RANK:5
ABILITY:CATEGORY=FEAT|Power Attack
ABILITY:CATEGORY=FEAT|Stealthy
ABILITY:CATEGORY=FEAT|Toughness

STARTPACK:Sewer Sludge Default	TYPE:Default Monster.Ooze	VISIBLE:QUALIFY	EQUIPBUY:0	PREMULT:1,[PRERACE:1,Sewer Sludge],[!PRERACE:1,%]
ALIGN:TN
RACE:Sewer Sludge	!PRERACE:1,%
NAME:Sewer Sludge
STAT:STR=10|DEX=10|CON=10|WIS=10|CHA=10
SKILL:Climb	RANK:4
SKILL:Swim	RANK:4

STARTPACK:Shadow Dire Bear Default	TYPE:Default Monster.Undead	VISIBLE:QUALIFY	EQUIPBUY:0	PREMULT:1,[PRERACE:1,Shadow Dire Bear],[!PRERACE:1,%]
ALIGN:CE
RACE:Shadow Dire Bear	!PRERACE:1,%
NAME:Shadow Dire Bear
STAT:STR=10|DEX=10|INT=10|WIS=10|CHA=10
SKILL:Fly	RANK:6
SKILL:Perception	RANK:7
SKILL:Stealth	RANK:1
ABILITY:CATEGORY=FEAT|Dodge
ABILITY:CATEGORY=FEAT|Improved Initiative
ABILITY:CATEGORY=FEAT|Skill Focus (Perception)
ABILITY:CATEGORY=FEAT|Toughness
ABILITY:CATEGORY=FEAT|Weapon Focus (claw)
ABILITY:CATEGORY=FEAT|Weapon Focus (incorporeal touch)

STARTPACK:Shadow Hunter Default	TYPE:Default Monster.Magical Beast	VISIBLE:QUALIFY	EQUIPBUY:0	PREMULT:1,[PRERACE:1,Shadow Hunter],[!PRERACE:1,%]
ALIGN:TN
RACE:Shadow Hunter	!PRERACE:1,%
NAME:Shadow Hunter
STAT:STR=10|DEX=10|CON=10|INT=10|WIS=10|CHA=10
SKILL:Climb	RANK:5
SKILL:Perception	RANK:7
SKILL:Stealth	RANK:1
SKILL:Swim	RANK:5
ABILITY:CATEGORY=FEAT|Ability Focus (poison)
ABILITY:CATEGORY=FEAT|Skill Focus (Perception)
ABILITY:CATEGORY=FEAT|Skill Focus (Stealth)
ABILITY:CATEGORY=FEAT|Weapon Focus (bite)

STARTPACK:Shadow Hunter Hatchling Default	TYPE:Default Monster.Magical Beast	VISIBLE:QUALIFY	EQUIPBUY:0	PREMULT:1,[PRERACE:1,Shadow Hunter Hatchling],[!PRERACE:1,%]
ALIGN:TN
RACE:Shadow Hunter Hatchling	!PRERACE:1,%
NAME:Shadow Hunter Hatchling
STAT:STR=10|DEX=10|CON=10|INT=10|WIS=10|CHA=10
SKILL:Climb	RANK:3
SKILL:Perception	RANK:3
SKILL:Stealth	RANK:2
SKILL:Swim	RANK:3
ABILITY:CATEGORY=FEAT|Ability Focus (poison)
ABILITY:CATEGORY=FEAT|Skill Focus (Perception)

STARTPACK:Shadow Wing Default	TYPE:Default Monster.Magical Beast	VISIBLE:QUALIFY	EQUIPBUY:0	PREMULT:1,[PRERACE:1,Shadow Wing],[!PRERACE:1,%]
ALIGN:TN
RACE:Shadow Wing	!PRERACE:1,%
NAME:Shadow Wing
STAT:STR=10|DEX=10|CON=10|INT=10|WIS=10|CHA=10
SKILL:Fly	RANK:1
SKILL:Perception	RANK:10
SKILL:Sense Motive	RANK:1
SKILL:Stealth	RANK:3
ABILITY:CATEGORY=FEAT|Alertness
ABILITY:CATEGORY=FEAT|Greater Flyby Attack
ABILITY:CATEGORY=FEAT|Flyby Attack
ABILITY:CATEGORY=FEAT|Power Attack
ABILITY:CATEGORY=FEAT|Skill Focus (Stealth)

STARTPACK:Shard Spider Default	TYPE:Default Monster.Magical Beast	VISIBLE:QUALIFY	EQUIPBUY:0	PREMULT:1,[PRERACE:1,Shard Spider],[!PRERACE:1,%]
ALIGN:TN
RACE:Shard Spider	!PRERACE:1,%
NAME:Shard Spider
STAT:STR=10|DEX=10|CON=10|INT=10|WIS=10|CHA=10
SKILL:Climb	RANK:12
SKILL:Perception	RANK:7
SKILL:Stealth	RANK:3
ABILITY:CATEGORY=FEAT|Ability Focus (poison)
ABILITY:CATEGORY=FEAT|Great Fortitude
ABILITY:CATEGORY=FEAT|Improved Initiative
ABILITY:CATEGORY=FEAT|Power Attack
ABILITY:CATEGORY=FEAT|Skill Focus (Perception
ABILITY:CATEGORY=FEAT|Stealth)

STARTPACK:Shedu Stone Idol Default	TYPE:Default Monster.Construct	VISIBLE:QUALIFY	EQUIPBUY:0	PREMULT:1,[PRERACE:1,Shedu Stone Idol],[!PRERACE:1,%]
ALIGN:TN
RACE:Shedu Stone Idol	!PRERACE:1,%
NAME:Shedu Stone Idol
STAT:STR=10|DEX=10|WIS=10|CHA=10
SKILL:Fly	RANK:1

STARTPACK:Silverfish Swarm Default	TYPE:Default Monster.Vermin	VISIBLE:QUALIFY	EQUIPBUY:0	PREMULT:1,[PRERACE:1,Silverfish Swarm],[!PRERACE:1,%]
ALIGN:TN
RACE:Silverfish Swarm	!PRERACE:1,%
NAME:Silverfish Swarm
STAT:STR=10|DEX=10|CON=10|WIS=10|CHA=10

STARTPACK:Sirine Flower Default	TYPE:Default Monster.Plant	VISIBLE:QUALIFY	EQUIPBUY:0	PREMULT:1,[PRERACE:1,Sirine Flower],[!PRERACE:1,%]
ALIGN:TN
RACE:Sirine Flower	!PRERACE:1,%
NAME:Sirine Flower
STAT:STR=10|DEX=10|CON=10|INT=10|WIS=10|CHA=10
SKILL:Perception	RANK:5
SKILL:Stealth	RANK:5
ABILITY:CATEGORY=FEAT|Great Fortitude
ABILITY:CATEGORY=FEAT|Improved Initiative
ABILITY:CATEGORY=FEAT|Weapon Focus (tendril)

STARTPACK:Skiff Golem Default	TYPE:Default Monster.Construct	VISIBLE:QUALIFY	EQUIPBUY:0	PREMULT:1,[PRERACE:1,Skiff Golem],[!PRERACE:1,%]
ALIGN:TN
RACE:Skiff Golem	!PRERACE:1,%
NAME:Skiff Golem
STAT:STR=10|DEX=10|WIS=10|CHA=10
SKILL:Swim	RANK:5

STARTPACK:Skin Feaster Default	TYPE:Default Monster.Undead	VISIBLE:QUALIFY	EQUIPBUY:0	PREMULT:1,[PRERACE:1,Skin Feaster],[!PRERACE:1,%]
ALIGN:CE
RACE:Skin Feaster	!PRERACE:1,%
NAME:Skin Feaster
STAT:STR=10|DEX=10|INT=10|WIS=10|CHA=10
SKILL:Acrobatics	RANK:1
SKILL:Climb	RANK:2
SKILL:Perception	RANK:2
SKILL:Stealth	RANK:2
ABILITY:CATEGORY=FEAT|Weapon Finesse
ABILITY:CATEGORY=FEAT|Weapon Focus (claw)

STARTPACK:Skull Child Default	TYPE:Default Monster.Undead	VISIBLE:QUALIFY	EQUIPBUY:0	PREMULT:1,[PRERACE:1,Skull Child],[!PRERACE:1,%]
ALIGN:NE
RACE:Skull Child	!PRERACE:1,%
NAME:Skull Child
STAT:STR=10|DEX=10|INT=10|WIS=10|CHA=10
SKILL:Bluff	RANK:4
SKILL:Climb	RANK:2
SKILL:Perception	RANK:4
SKILL:Stealth	RANK:4
ABILITY:CATEGORY=FEAT|Dodge
ABILITY:CATEGORY=FEAT|Weapon Finesse

STARTPACK:Slitherrat Default	TYPE:Default Monster.Animal	VISIBLE:QUALIFY	EQUIPBUY:0	PREMULT:1,[PRERACE:1,Slitherrat],[!PRERACE:1,%]
ALIGN:TN
RACE:Slitherrat	!PRERACE:1,%
NAME:Slitherrat
STAT:STR=10|DEX=10|CON=10|INT=10|WIS=10|CHA=10
SKILL:Climb	RANK:4
SKILL:Perception	RANK:1
SKILL:Stealth	RANK:2
ABILITY:CATEGORY=FEAT|Skill Focus (Perception)
ABILITY:CATEGORY=FEAT|Weapon Finesse

STARTPACK:Small Salt Elemental Default	TYPE:Default Monster.Outsider	VISIBLE:QUALIFY	EQUIPBUY:0	PREMULT:1,[PRERACE:1,Small Salt Elemental],[!PRERACE:1,%]
ALIGN:TN
RACE:Small Salt Elemental	!PRERACE:1,%
NAME:Small Salt Elemental
STAT:STR=10|DEX=10|CON=10|INT=10|WIS=10|CHA=10
SKILL:Climb	RANK:1
SKILL:Perception	RANK:1
SKILL:Stealth	RANK:1
ABILITY:CATEGORY=FEAT|Power Attack

STARTPACK:Small Smoke Elemental Default	TYPE:Default Monster.Outsider	VISIBLE:QUALIFY	EQUIPBUY:0	PREMULT:1,[PRERACE:1,Small Smoke Elemental],[!PRERACE:1,%]
ALIGN:TN
RACE:Small Smoke Elemental	!PRERACE:1,%
NAME:Small Smoke Elemental
STAT:STR=10|DEX=10|CON=10|INT=10|WIS=10|CHA=10
SKILL:Fly	RANK:2
SKILL:Perception	RANK:2
SKILL:Stealth	RANK:2
ABILITY:CATEGORY=FEAT|Flyby Attack

STARTPACK:Sojourner Of The Sea Default	TYPE:Default Monster.Construct	VISIBLE:QUALIFY	EQUIPBUY:0	PREMULT:1,[PRERACE:1,Sojourner Of The Sea],[!PRERACE:1,%]
ALIGN:TN
RACE:Sojourner Of The Sea	!PRERACE:1,%
NAME:Sojourner Of The Sea
STAT:STR=10|DEX=10|WIS=10|CHA=10
SKILL:Climb	RANK:5

STARTPACK:Soul Knight Default	TYPE:Default Monster.Undead	VISIBLE:QUALIFY	EQUIPBUY:0	PREMULT:1,[PRERACE:1,Soul Knight],[!PRERACE:1,%]
ALIGN:NE
RACE:Soul Knight	!PRERACE:1,%
NAME:Soul Knight
STAT:STR=10|DEX=10|INT=10|WIS=10|CHA=10
SKILL:Climb	RANK:3
SKILL:Intimidate	RANK:9
SKILL:Knowledge (Religion)	RANK:9
SKILL:Perception	RANK:9
ABILITY:CATEGORY=FEAT|Dodge
ABILITY:CATEGORY=FEAT|Power Attack
ABILITY:CATEGORY=FEAT|Weapon Focus (greatsword)
ABILITY:CATEGORY=FEAT|Improved Initiative
ABILITY:CATEGORY=FEAT|Combat Reflexes

STARTPACK:Sparksting Swarm Default	TYPE:Default Monster.Magical Beast	VISIBLE:QUALIFY	EQUIPBUY:0	PREMULT:1,[PRERACE:1,Sparksting Swarm],[!PRERACE:1,%]
ALIGN:TN
RACE:Sparksting Swarm	!PRERACE:1,%
NAME:Sparksting Swarm
STAT:STR=10|DEX=10|CON=10|INT=10|WIS=10|CHA=10
SKILL:Fly	RANK:8
SKILL:Perception	RANK:1
ABILITY:CATEGORY=FEAT|Improved Initiative
ABILITY:CATEGORY=FEAT|Improved Lightning Reflexes
ABILITY:CATEGORY=FEAT|Iron Will
ABILITY:CATEGORY=FEAT|Lightning Reflexes

STARTPACK:Spawn Of Juiblex Default	TYPE:Default Monster.Ooze	VISIBLE:QUALIFY	EQUIPBUY:0	PREMULT:1,[PRERACE:1,Spawn Of Juiblex],[!PRERACE:1,%]
ALIGN:CE
RACE:Spawn Of Juiblex	!PRERACE:1,%
NAME:Spawn Of Juiblex
STAT:STR=10|DEX=10|CON=10|INT=10|WIS=10|CHA=10
SKILL:Perception	RANK:6
SKILL:Sense Motive	RANK:1
SKILL:Stealth	RANK:4
ABILITY:CATEGORY=FEAT|Alertness
ABILITY:CATEGORY=FEAT|Blind-Fight
ABILITY:CATEGORY=FEAT|Improved Initiative
ABILITY:CATEGORY=FEAT|Iron Will

STARTPACK:Sphinx Stone Idol Default	TYPE:Default Monster.Construct	VISIBLE:QUALIFY	EQUIPBUY:0	PREMULT:1,[PRERACE:1,Sphinx Stone Idol],[!PRERACE:1,%]
ALIGN:TN
RACE:Sphinx Stone Idol	!PRERACE:1,%
NAME:Sphinx Stone Idol
STAT:STR=10|DEX=10|WIS=10|CHA=10

STARTPACK:Spider Lich Default	TYPE:Default Monster.Undead	VISIBLE:QUALIFY	EQUIPBUY:0	PREMULT:1,[PRERACE:1,Spider Lich],[!PRERACE:1,%]
ALIGN:CE
RACE:Spider Lich	!PRERACE:1,%
NAME:Spider Lich
STAT:STR=10|DEX=10|INT=10|WIS=10|CHA=10
SKILL:Acrobatics	RANK:5
SKILL:Climb	RANK:12
SKILL:Intimidate	RANK:12
SKILL:Knowledge (Arcana)	RANK:12
SKILL:Knowledge (Planes)	RANK:3
SKILL:Perception	RANK:12
SKILL:Sense Motive	RANK:6
SKILL:Spellcraft	RANK:12
SKILL:Stealth	RANK:12
ABILITY:CATEGORY=FEAT|Blind-Fight
ABILITY:CATEGORY=FEAT|Combat Casting
ABILITY:CATEGORY=FEAT|Defensive Combat Training
ABILITY:CATEGORY=FEAT|Empower Spell
ABILITY:CATEGORY=FEAT|Toughness
ABILITY:CATEGORY=FEAT|Weapon Focus (bite)

STARTPACK:Spire Monkey Default	TYPE:Default Monster.Animal	VISIBLE:QUALIFY	EQUIPBUY:0	PREMULT:1,[PRERACE:1,Spire Monkey],[!PRERACE:1,%]
ALIGN:TN
RACE:Spire Monkey	!PRERACE:1,%
NAME:Spire Monkey
STAT:STR=10|DEX=10|CON=10|INT=10|WIS=10|CHA=10
SKILL:Acrobatics	RANK:1
SKILL:Climb	RANK:1
SKILL:Perception	RANK:1
ABILITY:CATEGORY=FEAT|Weapon Finesse

STARTPACK:Spitting Gargoyle Default	TYPE:Default Monster.Monstrous Humanoid	VISIBLE:QUALIFY	EQUIPBUY:0	PREMULT:1,[PRERACE:1,Spitting Gargoyle],[!PRERACE:1,%]
ALIGN:CE
RACE:Spitting Gargoyle	!PRERACE:1,%
NAME:Spitting Gargoyle
STAT:STR=10|DEX=10|CON=10|INT=10|WIS=10|CHA=10
SKILL:Fly	RANK:5
SKILL:Perception	RANK:5
SKILL:Stealth	RANK:5
SKILL:Survival	RANK:5
ABILITY:CATEGORY=FEAT|Hover
ABILITY:CATEGORY=FEAT|Skill Focus (Fly)
ABILITY:CATEGORY=FEAT|Toughness

STARTPACK:Stench Beetle Default	TYPE:Default Monster.Vermin	VISIBLE:QUALIFY	EQUIPBUY:0	PREMULT:1,[PRERACE:1,Stench Beetle],[!PRERACE:1,%]
ALIGN:TN
RACE:Stench Beetle	!PRERACE:1,%
NAME:Stench Beetle
STAT:STR=10|DEX=10|CON=10|WIS=10|CHA=10
SKILL:Fly	RANK:1

STARTPACK:Stirge Swarm Default	TYPE:Default Monster.Magical Beast	VISIBLE:QUALIFY	EQUIPBUY:0	PREMULT:1,[PRERACE:1,Stirge Swarm],[!PRERACE:1,%]
ALIGN:TN
RACE:Stirge Swarm	!PRERACE:1,%
NAME:Stirge Swarm
STAT:STR=10|DEX=10|CON=10|INT=10|WIS=10|CHA=10
SKILL:Fly	RANK:10
SKILL:Perception	RANK:7
SKILL:Stealth	RANK:12
ABILITY:CATEGORY=FEAT|Improved Initiative
ABILITY:CATEGORY=FEAT|Improved Lightning Reflexes
ABILITY:CATEGORY=FEAT|Lightning Reflexes
ABILITY:CATEGORY=FEAT|Skill Focus (Perception)
ABILITY:CATEGORY=FEAT|Skill Focus (Stealth)
ABILITY:CATEGORY=FEAT|Toughness

STARTPACK:Stone Treant Default	TYPE:Default Monster.Outsider	VISIBLE:QUALIFY	EQUIPBUY:0	PREMULT:1,[PRERACE:1,Stone Treant],[!PRERACE:1,%]
ALIGN:TN
RACE:Stone Treant	!PRERACE:1,%
NAME:Stone Treant
STAT:STR=10|DEX=10|CON=10|INT=10|WIS=10|CHA=10
SKILL:Intimidate	RANK:21
SKILL:Knowledge (History)	RANK:21
SKILL:Knowledge (Planes)	RANK:21
SKILL:Perception	RANK:21
SKILL:Sense Motive	RANK:21
SKILL:Stealth	RANK:13
ABILITY:CATEGORY=FEAT|Awesome Blow
ABILITY:CATEGORY=FEAT|Cleave
ABILITY:CATEGORY=FEAT|Greater Sunder
ABILITY:CATEGORY=FEAT|Improved Bull Rush
ABILITY:CATEGORY=FEAT|Improved Sunder
ABILITY:CATEGORY=FEAT|Iron Will
ABILITY:CATEGORY=FEAT|Lightning Reflexes
ABILITY:CATEGORY=FEAT|Power Attack
ABILITY:CATEGORY=FEAT|Toughness
ABILITY:CATEGORY=FEAT|Vital Strike
ABILITY:CATEGORY=FEAT|Weapon Focus (slam)

STARTPACK:Storm Drake Default	TYPE:Default Monster.Dragon	VISIBLE:QUALIFY	EQUIPBUY:0	PREMULT:1,[PRERACE:1,Storm Drake],[!PRERACE:1,%]
ALIGN:LE
RACE:Storm Drake	!PRERACE:1,%
NAME:Storm Drake
STAT:STR=10|DEX=10|CON=10|INT=10|WIS=10|CHA=10
SKILL:Fly	RANK:6
SKILL:Intimidate	RANK:8
SKILL:Knowledge (Nature)	RANK:4
SKILL:Perception	RANK:8
SKILL:Stealth	RANK:4
SKILL:Survival	RANK:4
ABILITY:CATEGORY=FEAT|Flyby Attack
ABILITY:CATEGORY=FEAT|Improved Initiative
ABILITY:CATEGORY=FEAT|Iron Will
ABILITY:CATEGORY=FEAT|Power Attack

STARTPACK:Stygian Spawn Default	TYPE:Default Monster.Outsider	VISIBLE:QUALIFY	EQUIPBUY:0	PREMULT:1,[PRERACE:1,Stygian Spawn],[!PRERACE:1,%]
ALIGN:NE
RACE:Stygian Spawn	!PRERACE:1,%
NAME:Stygian Spawn
STAT:STR=10|DEX=10|CON=10|INT=10|WIS=10|CHA=10
SKILL:Acrobatics	RANK:4
SKILL:Intimidate	RANK:13
SKILL:Knowledge (Planes)	RANK:13
SKILL:Perception	RANK:13
SKILL:Stealth	RANK:11
SKILL:Swim	RANK:5
ABILITY:CATEGORY=FEAT|Critical Focus
ABILITY:CATEGORY=FEAT|Great Fortitude
ABILITY:CATEGORY=FEAT|Improved Initiative
ABILITY:CATEGORY=FEAT|Iron Will
ABILITY:CATEGORY=FEAT|Multiattack
ABILITY:CATEGORY=FEAT|Power Attack
ABILITY:CATEGORY=FEAT|Weapon Focus (tongue)

STARTPACK:Susir Default	TYPE:Default Monster.Outsider	VISIBLE:QUALIFY	EQUIPBUY:0	PREMULT:1,[PRERACE:1,Susir],[!PRERACE:1,%]
ALIGN:TN
RACE:Susir	!PRERACE:1,%
NAME:Susir
STAT:STR=10|DEX=10|CON=10|INT=10|WIS=10|CHA=10
SKILL:Acrobatics	RANK:40
SKILL:Diplomacy	RANK:37
SKILL:Fly	RANK:40
SKILL:Intimidate	RANK:37
SKILL:Knowledge (Arcana)	RANK:40
SKILL:Knowledge (Planes)	RANK:40
SKILL:Knowledge (Religion)	RANK:40
SKILL:Perception	RANK:40
SKILL:Sense Motive	RANK:40
SKILL:Stealth	RANK:32
SKILL:Survival	RANK:40
ABILITY:CATEGORY=FEAT|Blind-Fight
ABILITY:CATEGORY=FEAT|Cleave
ABILITY:CATEGORY=FEAT|Combat Expertise
ABILITY:CATEGORY=FEAT|Combat Reflexes
ABILITY:CATEGORY=FEAT|Critical Focus
ABILITY:CATEGORY=FEAT|Dodge
ABILITY:CATEGORY=FEAT|Flyby Attack
ABILITY:CATEGORY=FEAT|Greater Flyby Attack
ABILITY:CATEGORY=FEAT|Great Cleave
ABILITY:CATEGORY=FEAT|Great Fortitude
ABILITY:CATEGORY=FEAT|Improved Initiative
ABILITY:CATEGORY=FEAT|Iron Will
ABILITY:CATEGORY=FEAT|Lightning Reflexes
ABILITY:CATEGORY=FEAT|Lunge
ABILITY:CATEGORY=FEAT|Mobility
ABILITY:CATEGORY=FEAT|Power Attack
ABILITY:CATEGORY=FEAT|Spring Attack
ABILITY:CATEGORY=FEAT|Weapon Finesse
ABILITY:CATEGORY=FEAT|Weapon Focus (slam)
ABILITY:CATEGORY=FEAT|Whirlwind Attack

STARTPACK:Sword Spider Default	TYPE:Default Monster.Construct	VISIBLE:QUALIFY	EQUIPBUY:0	PREMULT:1,[PRERACE:1,Sword Spider],[!PRERACE:1,%]
ALIGN:TN
RACE:Sword Spider	!PRERACE:1,%
NAME:Sword Spider
STAT:STR=10|DEX=10|WIS=10|CHA=10
SKILL:Climb	RANK:5

STARTPACK:Sword Wight Default	TYPE:Default Monster.Undead	VISIBLE:QUALIFY	EQUIPBUY:0	PREMULT:1,[PRERACE:1,Sword Wight],[!PRERACE:1,%]
ALIGN:LE
RACE:Sword Wight	!PRERACE:1,%
NAME:Sword Wight
STAT:STR=10|DEX=10|INT=10|WIS=10|CHA=10
SKILL:Acrobatics	RANK:1
SKILL:Climb	RANK:3
SKILL:Perception	RANK:8
SKILL:Stealth	RANK:8
ABILITY:CATEGORY=FEAT|Blind-Fight
ABILITY:CATEGORY=FEAT|Skill Focus (Perception)
ABILITY:CATEGORY=FEAT|Toughness
ABILITY:CATEGORY=FEAT|Weapon Focus (greatsword)

STARTPACK:Swordtooth Shark Default	TYPE:Default Monster.Animal	VISIBLE:QUALIFY	EQUIPBUY:0	PREMULT:1,[PRERACE:1,Swordtooth Shark],[!PRERACE:1,%]
ALIGN:TN
RACE:Swordtooth Shark	!PRERACE:1,%
NAME:Swordtooth Shark
STAT:STR=10|DEX=10|CON=10|INT=10|WIS=10|CHA=10
SKILL:Perception	RANK:6
SKILL:Swim	RANK:5
ABILITY:CATEGORY=FEAT|Great Fortitude
ABILITY:CATEGORY=FEAT|Improved Initiative
ABILITY:CATEGORY=FEAT|Weapon Focus (bite)

STARTPACK:Talorani Default	TYPE:Default Monster.Humanoid	VISIBLE:QUALIFY	EQUIPBUY:0	PREMULT:1,[PRERACE:1,Talorani],[!PRERACE:1,%]
ALIGN:CN
RACE:Talorani	!PRERACE:1,%
NAME:Talorani
STAT:STR=10|DEX=10|CON=10|INT=10|WIS=10|CHA=10
SKILL:Swim	RANK:1
ABILITY:CATEGORY=FEAT|Endurance

STARTPACK:The Ravager Default	TYPE:Default Monster.Magical Beast	VISIBLE:QUALIFY	EQUIPBUY:0	PREMULT:1,[PRERACE:1,The Ravager],[!PRERACE:1,%]
ALIGN:TN
RACE:The Ravager	!PRERACE:1,%
NAME:The Ravager
STAT:STR=10|DEX=10|CON=10|INT=10|WIS=10|CHA=10
SKILL:Perception	RANK:35
ABILITY:CATEGORY=FEAT|Cleave
ABILITY:CATEGORY=FEAT|Combat Reflexes
ABILITY:CATEGORY=FEAT|Critical Focus
ABILITY:CATEGORY=FEAT|Great Cleave
ABILITY:CATEGORY=FEAT|Great Fortitude
ABILITY:CATEGORY=FEAT|Improved Critical (bite)
ABILITY:CATEGORY=FEAT|Improved Critical (claw)
ABILITY:CATEGORY=FEAT|Improved Natural Armor (x4)
ABILITY:CATEGORY=FEAT|Improved Natural Attack (bite)
ABILITY:CATEGORY=FEAT|Improved Natural Attack (claw)
ABILITY:CATEGORY=FEAT|Improved Vital Strike
ABILITY:CATEGORY=FEAT|Iron Will
ABILITY:CATEGORY=FEAT|Power Attack
ABILITY:CATEGORY=FEAT|Toughness
ABILITY:CATEGORY=FEAT|Vital Strike

STARTPACK:Tombotu Default	TYPE:Default Monster.Monstrous Humanoid	VISIBLE:QUALIFY	EQUIPBUY:0	PREMULT:1,[PRERACE:1,Tombotu],[!PRERACE:1,%]
ALIGN:TN
RACE:Tombotu	!PRERACE:1,%
NAME:Tombotu
STAT:STR=10|DEX=10|CON=10|INT=10|WIS=10|CHA=10
SKILL:Acrobatics	RANK:1
SKILL:Climb	RANK:5
SKILL:Diplomacy	RANK:1
SKILL:Perception	RANK:5
SKILL:Sense Motive	RANK:1
SKILL:Stealth	RANK:1
ABILITY:CATEGORY=FEAT|Alertness
ABILITY:CATEGORY=FEAT|Endurance
ABILITY:CATEGORY=FEAT|Power Attack

STARTPACK:Uggoth Default	TYPE:Default Monster.Aberration	VISIBLE:QUALIFY	EQUIPBUY:0	PREMULT:1,[PRERACE:1,Uggoth],[!PRERACE:1,%]
ALIGN:CE
RACE:Uggoth	!PRERACE:1,%
NAME:Uggoth
STAT:STR=10|DEX=10|CON=10|INT=10|WIS=10|CHA=10
SKILL:Bluff	RANK:6
SKILL:Diplomacy	RANK:6
SKILL:Intimidate	RANK:9
SKILL:Knowledge (Any One)	RANK:6
SKILL:Knowledge (Arcana)	RANK:9
SKILL:Perception	RANK:9
SKILL:Sense Motive	RANK:6
SKILL:Spellcraft	RANK:5
SKILL:Swim	RANK:5
SKILL:Use Magical Device	RANK:2
ABILITY:CATEGORY=FEAT|Combat Casting
ABILITY:CATEGORY=FEAT|Dodge
ABILITY:CATEGORY=FEAT|Improved Initiative
ABILITY:CATEGORY=FEAT|Iron Will
ABILITY:CATEGORY=FEAT|Lightning Reflexes

STARTPACK:Undead Fire Elemental Default	TYPE:Default Monster.Undead	VISIBLE:QUALIFY	EQUIPBUY:0	PREMULT:1,[PRERACE:1,Undead Fire Elemental],[!PRERACE:1,%]
ALIGN:NE
RACE:Undead Fire Elemental	!PRERACE:1,%
NAME:Undead Fire Elemental
STAT:STR=10|DEX=10|INT=10|WIS=10|CHA=10
SKILL:Perception	RANK:12
ABILITY:CATEGORY=FEAT|Dodge
ABILITY:CATEGORY=FEAT|Improved Initiative
ABILITY:CATEGORY=FEAT|Mobility
ABILITY:CATEGORY=FEAT|Spring Attack
ABILITY:CATEGORY=FEAT|Toughness
ABILITY:CATEGORY=FEAT|Weapon Finesse

STARTPACK:Undead Mimic Default	TYPE:Default Monster.Undead	VISIBLE:QUALIFY	EQUIPBUY:0	PREMULT:1,[PRERACE:1,Undead Mimic],[!PRERACE:1,%]
ALIGN:NE
RACE:Undead Mimic	!PRERACE:1,%
NAME:Undead Mimic
STAT:STR=10|DEX=10|INT=10|WIS=10|CHA=10
SKILL:Climb	RANK:7
SKILL:Disguise	RANK:7
SKILL:Knowledge (Dungeoneering)	RANK:4
SKILL:Perception	RANK:7
SKILL:Stealth	RANK:7
ABILITY:CATEGORY=FEAT|Improved Initiative
ABILITY:CATEGORY=FEAT|Lightning Reflexes
ABILITY:CATEGORY=FEAT|Skill Focus (Perception)
ABILITY:CATEGORY=FEAT|Toughness
ABILITY:CATEGORY=FEAT|Weapon Focus (slam)

STARTPACK:Undead Troll Default	TYPE:Default Monster.Undead	VISIBLE:QUALIFY	EQUIPBUY:0	PREMULT:1,[PRERACE:1,Undead Troll],[!PRERACE:1,%]
ALIGN:CE
RACE:Undead Troll	!PRERACE:1,%
NAME:Undead Troll
STAT:STR=10|DEX=10|INT=10|WIS=10|CHA=10
SKILL:Climb	RANK:1
SKILL:Intimidate	RANK:8
SKILL:Perception	RANK:8
SKILL:Stealth	RANK:1
ABILITY:CATEGORY=FEAT|Intimidating Prowess
ABILITY:CATEGORY=FEAT|Iron Will
ABILITY:CATEGORY=FEAT|Skill Focus (Perception)
ABILITY:CATEGORY=FEAT|Toughness

STARTPACK:Valeany Default	TYPE:Default Monster.Fey	VISIBLE:QUALIFY	EQUIPBUY:0	PREMULT:1,[PRERACE:1,Valeany],[!PRERACE:1,%]
ALIGN:CN
RACE:Valeany	!PRERACE:1,%
NAME:Valeany
STAT:STR=10|DEX=10|CON=10|INT=10|WIS=10|CHA=10
SKILL:Bluff	RANK:4
SKILL:Diplomacy	RANK:4
SKILL:Handle Animal	RANK:1
SKILL:Knowledge (Nature)	RANK:4
SKILL:Perception	RANK:4
SKILL:Sense Motive	RANK:4
SKILL:Stealth	RANK:4
SKILL:Survival	RANK:1
ABILITY:CATEGORY=FEAT|Dodge
ABILITY:CATEGORY=FEAT|Weapon Finesse

STARTPACK:Very Old Gray Dragon Default	TYPE:Default Monster.Dragon	VISIBLE:QUALIFY	EQUIPBUY:0	PREMULT:1,[PRERACE:1,Very Old Gray Dragon],[!PRERACE:1,%]
ALIGN:NE
RACE:Very Old Gray Dragon	!PRERACE:1,%
NAME:Very Old Gray Dragon
STAT:STR=10|DEX=10|CON=10|INT=10|WIS=10|CHA=10
SKILL:Bluff	RANK:19
SKILL:Fly	RANK:15
SKILL:Intimidate	RANK:19
SKILL:Knowledge (Local)	RANK:19
SKILL:Perception	RANK:19
SKILL:Sense Motive	RANK:19
SKILL:Spellcraft	RANK:19
SKILL:Stealth	RANK:11
SKILL:Swim	RANK:19
ABILITY:CATEGORY=FEAT|Alertness
ABILITY:CATEGORY=FEAT|Cleave
ABILITY:CATEGORY=FEAT|Flyby Attack
ABILITY:CATEGORY=FEAT|Improved Critical (bite)
ABILITY:CATEGORY=FEAT|Improved Initiative
ABILITY:CATEGORY=FEAT|Iron Will
ABILITY:CATEGORY=FEAT|Lightning Reflexes
ABILITY:CATEGORY=FEAT|Multiattack
ABILITY:CATEGORY=FEAT|Power Attack
ABILITY:CATEGORY=FEAT|Weapon Focus (bite)

STARTPACK:Very Young Gray Dragon Default	TYPE:Default Monster.Dragon	VISIBLE:QUALIFY	EQUIPBUY:0	PREMULT:1,[PRERACE:1,Very Young Gray Dragon],[!PRERACE:1,%]
ALIGN:NE
RACE:Very Young Gray Dragon	!PRERACE:1,%
NAME:Very Young Gray Dragon
STAT:STR=10|DEX=10|CON=10|INT=10|WIS=10|CHA=10
SKILL:Bluff	RANK:5
SKILL:Fly	RANK:5
SKILL:Intimidate	RANK:5
SKILL:Knowledge (Local)	RANK:4
SKILL:Perception	RANK:5
SKILL:Sense Motive	RANK:1
SKILL:Stealth	RANK:5
SKILL:Swim	RANK:5
ABILITY:CATEGORY=FEAT|Alertness
ABILITY:CATEGORY=FEAT|Improved Initiative
ABILITY:CATEGORY=FEAT|Lightning Reflexes

STARTPACK:Vile Drake Default	TYPE:Default Monster.Dragon	VISIBLE:QUALIFY	EQUIPBUY:0	PREMULT:1,[PRERACE:1,Vile Drake],[!PRERACE:1,%]
ALIGN:CE
RACE:Vile Drake	!PRERACE:1,%
NAME:Vile Drake
STAT:STR=10|DEX=10|CON=10|INT=10|WIS=10|CHA=10
SKILL:Fly	RANK:7
SKILL:Intimidate	RANK:9
SKILL:Perception	RANK:9
SKILL:Stealth	RANK:5
SKILL:Survival	RANK:4
SKILL:Swim	RANK:9
ABILITY:CATEGORY=FEAT|Flyby Attack
ABILITY:CATEGORY=FEAT|Improved Initiative
ABILITY:CATEGORY=FEAT|Lightning Reflexes
ABILITY:CATEGORY=FEAT|Power Attack
ABILITY:CATEGORY=FEAT|Skill Focus (Perception)

STARTPACK:Voltar Default	TYPE:Default Monster.Outsider	VISIBLE:QUALIFY	EQUIPBUY:0	PREMULT:1,[PRERACE:1,Voltar],[!PRERACE:1,%]
ALIGN:TN
RACE:Voltar	!PRERACE:1,%
NAME:Voltar
STAT:STR=10|DEX=10|CON=10|INT=10|WIS=10|CHA=10
SKILL:Diplomacy	RANK:2
SKILL:Escape Artist	RANK:2
SKILL:Knowledge (Planes)	RANK:5
SKILL:Perception	RANK:5
SKILL:Stealth	RANK:5
SKILL:Survival	RANK:2
ABILITY:CATEGORY=FEAT|Ability Focus (death throes)
ABILITY:CATEGORY=FEAT|Iron Will
ABILITY:CATEGORY=FEAT|Weapon Focus (longsword)

STARTPACK:War Flower Default	TYPE:Default Monster.Plant	VISIBLE:QUALIFY	EQUIPBUY:0	PREMULT:1,[PRERACE:1,War Flower],[!PRERACE:1,%]
ALIGN:TN
RACE:War Flower	!PRERACE:1,%
NAME:War Flower
STAT:STR=10|DEX=10|CON=10|INT=10|WIS=10|CHA=10
SKILL:Perception	RANK:6
ABILITY:CATEGORY=FEAT|Lightning Reflexes
ABILITY:CATEGORY=FEAT|Improved Initiative
ABILITY:CATEGORY=FEAT|Weapon Finesse

STARTPACK:Water Leaper Default	TYPE:Default Monster.Magical Beast	VISIBLE:QUALIFY	EQUIPBUY:0	PREMULT:1,[PRERACE:1,Water Leaper],[!PRERACE:1,%]
ALIGN:TN
RACE:Water Leaper	!PRERACE:1,%
NAME:Water Leaper
STAT:STR=10|DEX=10|CON=10|INT=10|WIS=10|CHA=10
SKILL:Fly	RANK:1
SKILL:Perception	RANK:3
SKILL:Stealth	RANK:1
SKILL:Swim	RANK:3
ABILITY:CATEGORY=FEAT|Iron Will
ABILITY:CATEGORY=FEAT|Skill Focus (Perception)

STARTPACK:Werewolverine Default	TYPE:Default Monster.Humanoid	VISIBLE:QUALIFY	EQUIPBUY:0	PREMULT:1,[PRERACE:1,Werewolverine],[!PRERACE:1,%]
ALIGN:CN
RACE:Werewolverine	!PRERACE:1,%
NAME:Werewolverine
STAT:STR=10|DEX=10|CON=10|INT=10|WIS=10|CHA=10
SKILL:Climb	RANK:1
SKILL:Intimidate	RANK:3
SKILL:Perception	RANK:3
SKILL:Survival	RANK:3
ABILITY:CATEGORY=FEAT|Power Attack
ABILITY:CATEGORY=FEAT|Skill Focus (Intimidate)
ABILITY:CATEGORY=FEAT|Toughness

STARTPACK:Wichtlein Default	TYPE:Default Monster.Fey	VISIBLE:QUALIFY	EQUIPBUY:0	PREMULT:1,[PRERACE:1,Wichtlein],[!PRERACE:1,%]
ALIGN:NG
RACE:Wichtlein	!PRERACE:1,%
NAME:Wichtlein
STAT:STR=10|DEX=10|CON=10|INT=10|WIS=10|CHA=10
SKILL:Knowledge (Dungeoneering)	RANK:1
SKILL:Perception	RANK:3
SKILL:Profession (miner)	RANK:1
SKILL:Stealth	RANK:3
SKILL:Survival	RANK:1
ABILITY:CATEGORY=FEAT|Alertness
ABILITY:CATEGORY=FEAT|Weapon Finesse

STARTPACK:Wood Elemental Default	TYPE:Default Monster.Outsider	VISIBLE:QUALIFY	EQUIPBUY:0	PREMULT:1,[PRERACE:1,Wood Elemental],[!PRERACE:1,%]
ALIGN:TN
RACE:Wood Elemental	!PRERACE:1,%
NAME:Wood Elemental
STAT:STR=10|DEX=10|CON=10|INT=10|WIS=10|CHA=10
SKILL:Intimidate	RANK:17
SKILL:Knowledge (History)	RANK:7
SKILL:Knowledge (Local)	RANK:20
SKILL:Knowledge (Nature)	RANK:20
SKILL:Knowledge (Planes)	RANK:20
SKILL:Perception	RANK:20
SKILL:Sense Motive	RANK:20
SKILL:Stealth	RANK:10
SKILL:Survival	RANK:20
ABILITY:CATEGORY=FEAT|Awesome Blow
ABILITY:CATEGORY=FEAT|Bleeding Critical
ABILITY:CATEGORY=FEAT|Cleave
ABILITY:CATEGORY=FEAT|Critical Focus
ABILITY:CATEGORY=FEAT|Improved Bull Rush
ABILITY:CATEGORY=FEAT|Improved Critical (slam)
ABILITY:CATEGORY=FEAT|Improved Initiative
ABILITY:CATEGORY=FEAT|Improved Natural Attack (slam)
ABILITY:CATEGORY=FEAT|Improved Sunder
ABILITY:CATEGORY=FEAT|Iron Will
ABILITY:CATEGORY=FEAT|Power Attack
ABILITY:CATEGORY=FEAT|Weapon Focus (slam)

STARTPACK:Wyrm Gray Dragon Default	TYPE:Default Monster.Dragon	VISIBLE:QUALIFY	EQUIPBUY:0	PREMULT:1,[PRERACE:1,Wyrm Gray Dragon],[!PRERACE:1,%]
ALIGN:NE
RACE:Wyrm Gray Dragon	!PRERACE:1,%
NAME:Wyrm Gray Dragon
STAT:STR=10|DEX=10|CON=10|INT=10|WIS=10|CHA=10
SKILL:Bluff	RANK:23
SKILL:Fly	RANK:19
SKILL:Intimidate	RANK:23
SKILL:Knowledge (Arcana)	RANK:23
SKILL:Knowledge (Local)	RANK:23
SKILL:Perception	RANK:23
SKILL:Sense Motive	RANK:23
SKILL:Spellcraft	RANK:23
SKILL:Stealth	RANK:15
SKILL:Swim	RANK:23
ABILITY:CATEGORY=FEAT|Alertness
ABILITY:CATEGORY=FEAT|Cleave
ABILITY:CATEGORY=FEAT|Flyby Attack
ABILITY:CATEGORY=FEAT|Great Cleave
ABILITY:CATEGORY=FEAT|Improved Critical (bite)
ABILITY:CATEGORY=FEAT|Improved Initiative
ABILITY:CATEGORY=FEAT|Iron Will
ABILITY:CATEGORY=FEAT|Lightning Reflexes
ABILITY:CATEGORY=FEAT|Multiattack
ABILITY:CATEGORY=FEAT|Power Attack
ABILITY:CATEGORY=FEAT|Vital Strike
ABILITY:CATEGORY=FEAT|Weapon Focus (bite)

STARTPACK:Wyrmling Gray Dragon Default	TYPE:Default Monster.Dragon	VISIBLE:QUALIFY	EQUIPBUY:0	PREMULT:1,[PRERACE:1,Wyrmling Gray Dragon],[!PRERACE:1,%]
ALIGN:NE
RACE:Wyrmling Gray Dragon	!PRERACE:1,%
NAME:Wyrmling Gray Dragon
STAT:STR=10|DEX=10|CON=10|INT=10|WIS=10|CHA=10
SKILL:Bluff	RANK:3
SKILL:Fly	RANK:3
SKILL:Intimidate	RANK:3
SKILL:Perception	RANK:3
SKILL:Stealth	RANK:3
SKILL:Swim	RANK:3
ABILITY:CATEGORY=FEAT|Improved Initiative
ABILITY:CATEGORY=FEAT|Lightning Reflexes

STARTPACK:Xacon Default	TYPE:Default Monster.Plant	VISIBLE:QUALIFY	EQUIPBUY:0	PREMULT:1,[PRERACE:1,Xacon],[!PRERACE:1,%]
ALIGN:TN
RACE:Xacon	!PRERACE:1,%
NAME:Xacon
STAT:STR=10|DEX=10|CON=10|INT=10|WIS=10|CHA=10
SKILL:Climb	RANK:4
SKILL:Escape Artist	RANK:1
SKILL:Perception	RANK:3
SKILL:Sense Motive	RANK:1
SKILL:Stealth	RANK:4
ABILITY:CATEGORY=FEAT|Alertness
ABILITY:CATEGORY=FEAT|Stealthy

STARTPACK:Xothotak Default	TYPE:Default Monster.Humanoid	VISIBLE:QUALIFY	EQUIPBUY:0	PREMULT:1,[PRERACE:1,Xothotak],[!PRERACE:1,%]
ALIGN:TN
RACE:Xothotak	!PRERACE:1,%
NAME:Xothotak
STAT:STR=10|DEX=10|CON=10|INT=10|WIS=10|CHA=10
SKILL:Perception	RANK:1
SKILL:Sense Motive	RANK:1
SKILL:Stealth	RANK:1
ABILITY:CATEGORY=FEAT|Alertness

STARTPACK:Yhakkor Default	TYPE:Default Monster.Monstrous Humanoid	VISIBLE:QUALIFY	EQUIPBUY:0	PREMULT:1,[PRERACE:1,Yhakkor],[!PRERACE:1,%]
ALIGN:CE
RACE:Yhakkor	!PRERACE:1,%
NAME:Yhakkor
STAT:STR=10|DEX=10|CON=10|INT=10|WIS=10|CHA=10
SKILL:Escape Artist	RANK:1
SKILL:Perception	RANK:3
SKILL:Stealth	RANK:3
ABILITY:CATEGORY=FEAT|Stealthy
ABILITY:CATEGORY=FEAT|Weapon Focus (claw)

STARTPACK:Young Adult Gray Dragon Default	TYPE:Default Monster.Dragon	VISIBLE:QUALIFY	EQUIPBUY:0	PREMULT:1,[PRERACE:1,Young Adult Gray Dragon],[!PRERACE:1,%]
ALIGN:NE
RACE:Young Adult Gray Dragon	!PRERACE:1,%
NAME:Young Adult Gray Dragon
STAT:STR=10|DEX=10|CON=10|INT=10|WIS=10|CHA=10
SKILL:Bluff	RANK:11
SKILL:Fly	RANK:9
SKILL:Intimidate	RANK:11
SKILL:Knowledge (Local)	RANK:11
SKILL:Perception	RANK:11
SKILL:Sense Motive	RANK:1
SKILL:Stealth	RANK:7
SKILL:Swim	RANK:11
ABILITY:CATEGORY=FEAT|Alertness
ABILITY:CATEGORY=FEAT|Improved Initiative
ABILITY:CATEGORY=FEAT|Lightning Reflexes
ABILITY:CATEGORY=FEAT|Multiattack
ABILITY:CATEGORY=FEAT|Power Attack
ABILITY:CATEGORY=FEAT|Weapon Focus (bite)

STARTPACK:Young Gray Dragon Default	TYPE:Default Monster.Dragon	VISIBLE:QUALIFY	EQUIPBUY:0	PREMULT:1,[PRERACE:1,Young Gray Dragon],[!PRERACE:1,%]
ALIGN:NE
RACE:Young Gray Dragon	!PRERACE:1,%
NAME:Young Gray Dragon
STAT:STR=10|DEX=10|CON=10|INT=10|WIS=10|CHA=10
SKILL:Bluff	RANK:7
SKILL:Fly	RANK:7
SKILL:Intimidate	RANK:7
SKILL:Knowledge (Local)	RANK:5
SKILL:Perception	RANK:7
SKILL:Sense Motive	RANK:1
SKILL:Stealth	RANK:7
SKILL:Swim	RANK:7
ABILITY:CATEGORY=FEAT|Alertness
ABILITY:CATEGORY=FEAT|Improved Initiative
ABILITY:CATEGORY=FEAT|Lightning Reflexes
ABILITY:CATEGORY=FEAT|Multiattack

STARTPACK:Zombie Horde Default	TYPE:Default Monster.Undead	VISIBLE:QUALIFY	EQUIPBUY:0	PREMULT:1,[PRERACE:1,Zombie Horde],[!PRERACE:1,%]
ALIGN:NE
RACE:Zombie Horde	!PRERACE:1,%
NAME:Zombie Horde
STAT:STR=10|DEX=10|WIS=10|CHA=10
SKILL:Stealth	RANK:1
ABILITY:CATEGORY=FEAT|Improved Overrun
ABILITY:CATEGORY=FEAT|Toughness

STARTPACK:Zombyre Default	TYPE:Default Monster.Undead	VISIBLE:QUALIFY	EQUIPBUY:0	PREMULT:1,[PRERACE:1,Zombyre],[!PRERACE:1,%]
ALIGN:NE
RACE:Zombyre	!PRERACE:1,%
NAME:Zombyre
STAT:STR=10|DEX=10|INT=10|WIS=10|CHA=10
SKILL:Perception	RANK:1
SKILL:Swim	RANK:5
ABILITY:CATEGORY=FEAT|Iron Will
ABILITY:CATEGORY=FEAT|Power Attack
ABILITY:CATEGORY=FEAT|Toughness

