SOURCELONG:Tome of Horrors Complete	SOURCESHORT:ToHC	SOURCEWEB:https://froggodgames.com	SOURCEDATE:2011-01

STARTPACK:Abasheen Genie Default	TYPE:Default Monster.Outsider	VISIBLE:QUALIFY	EQUIPBUY:0	PREMULT:1,[PRERACE:1,Abasheen Genie],[!PRERACE:1,%]
ALIGN:TN
RACE:Abasheen Genie	!PRERACE:1,%
NAME:Abasheen Genie
STAT:STR=10|DEX=10|CON=10|INT=10|WIS=10|CHA=10
SKILL:Bluff	RANK:10
SKILL:Diplomacy	RANK:10
SKILL:Fly	RANK:10
SKILL:Intimidate	RANK:10
SKILL:Knowledge (Arcana)	RANK:10
SKILL:Knowledge (Nobility)	RANK:10
SKILL:Knowledge (Planes)	RANK:10
SKILL:Perception	RANK:10
SKILL:Sense Motive	RANK:10
SKILL:Spellcraft	RANK:7
SKILL:Use Magic Device	RANK:7
ABILITY:CATEGORY=FEAT|Combat Casting
ABILITY:CATEGORY=FEAT|Dodge
ABILITY:CATEGORY=FEAT|Improved Initiative
ABILITY:CATEGORY=FEAT|Iron Will
ABILITY:CATEGORY=FEAT|Lightning Reflexes

STARTPACK:Aberrant Default	TYPE:Default Monster.Humanoid	VISIBLE:QUALIFY	EQUIPBUY:0	PREMULT:1,[PRERACE:1,Aberrant],[!PRERACE:1,%]
ALIGN:NE
RACE:Aberrant	!PRERACE:1,%
NAME:Aberrant
STAT:STR=10|DEX=10|CON=10|INT=10|WIS=10|CHA=10
SKILL:Intimidate	RANK:8
SKILL:Perception	RANK:4
SKILL:Survival	RANK:4
ABILITY:CATEGORY=FEAT|Cleave
ABILITY:CATEGORY=FEAT|Power Attack
ABILITY:CATEGORY=FEAT|Vital Strike
ABILITY:CATEGORY=FEAT|Weapon Focus (greatclub)

STARTPACK:Abyssal Harvester Default	TYPE:Default Monster.Aberration	VISIBLE:QUALIFY	EQUIPBUY:0	PREMULT:1,[PRERACE:1,Abyssal Harvester],[!PRERACE:1,%]
ALIGN:CE
RACE:Abyssal Harvester	!PRERACE:1,%
NAME:Abyssal Harvester
STAT:STR=10|DEX=10|CON=10|INT=10|WIS=10|CHA=10
SKILL:Intimidate	RANK:21
SKILL:Knowledge (Planes)	RANK:18
SKILL:Perception	RANK:21
SKILL:Sense Motive	RANK:1
SKILL:Survival	RANK:21
ABILITY:CATEGORY=FEAT|Alertness
ABILITY:CATEGORY=FEAT|Awesome Blow
ABILITY:CATEGORY=FEAT|Blind-Fight
ABILITY:CATEGORY=FEAT|Cleave
ABILITY:CATEGORY=FEAT|Improved Bull Rush
ABILITY:CATEGORY=FEAT|Improved Critical (tentacle)
ABILITY:CATEGORY=FEAT|Improved Grapple
ABILITY:CATEGORY=FEAT|Improved Natural Attack (tentacle)
ABILITY:CATEGORY=FEAT|Lightning Reflexes
ABILITY:CATEGORY=FEAT|Power Attack
ABILITY:CATEGORY=FEAT|Weapon Focus (tentacle)

STARTPACK:Abyssal Larva Default	TYPE:Default Monster.Outsider	VISIBLE:QUALIFY	EQUIPBUY:0	PREMULT:1,[PRERACE:1,Abyssal Larva],[!PRERACE:1,%]
ALIGN:CE
RACE:Abyssal Larva	!PRERACE:1,%
NAME:Abyssal Larva
STAT:STR=10|DEX=10|CON=10|INT=10|WIS=10|CHA=10
SKILL:Perception	RANK:1
SKILL:Stealth	RANK:1
ABILITY:CATEGORY=FEAT|Toughness

STARTPACK:Abyssal Wolf Default	TYPE:Default Monster.Magical Beast	VISIBLE:QUALIFY	EQUIPBUY:0	PREMULT:1,[PRERACE:1,Abyssal Wolf],[!PRERACE:1,%]
ALIGN:CE
RACE:Abyssal Wolf	!PRERACE:1,%
NAME:Abyssal Wolf
STAT:STR=10|DEX=10|CON=10|INT=10|WIS=10|CHA=10
SKILL:Perception	RANK:4
SKILL:Sense Motive	RANK:1
SKILL:Stealth	RANK:1
ABILITY:CATEGORY=FEAT|Improved Initiative
ABILITY:CATEGORY=FEAT|Iron Will
ABILITY:CATEGORY=FEAT|Power Attack
ABILITY:CATEGORY=FEAT|Toughness

STARTPACK:Adamantine Wasp Swarm Default	TYPE:Default Monster.Construct	VISIBLE:QUALIFY	EQUIPBUY:0	PREMULT:1,[PRERACE:1,Adamantine Wasp Swarm],[!PRERACE:1,%]
ALIGN:TN
RACE:Adamantine Wasp Swarm	!PRERACE:1,%
NAME:Adamantine Wasp Swarm
STAT:STR=10|DEX=10|WIS=10|CHA=10
SKILL:Fly	RANK:9

STARTPACK:Adult Cloud Dragon Default	TYPE:Default Monster.Dragon	VISIBLE:QUALIFY	EQUIPBUY:0	PREMULT:1,[PRERACE:1,Adult Cloud Dragon],[!PRERACE:1,%]
ALIGN:TN
RACE:Adult Cloud Dragon	!PRERACE:1,%
NAME:Adult Cloud Dragon
STAT:STR=10|DEX=10|CON=10|INT=10|WIS=10|CHA=10
SKILL:Bluff	RANK:14
SKILL:Diplomacy	RANK:14
SKILL:Fly	RANK:12
SKILL:Intimidate	RANK:14
SKILL:Knowledge (Arcana)	RANK:14
SKILL:Knowledge (Nature)	RANK:14
SKILL:Perception	RANK:14
SKILL:Sense Motive	RANK:14
SKILL:Spellcraft	RANK:14
ABILITY:CATEGORY=FEAT|Alertness
ABILITY:CATEGORY=FEAT|Flyby Attack
ABILITY:CATEGORY=FEAT|Hover
ABILITY:CATEGORY=FEAT|Improved Initiative
ABILITY:CATEGORY=FEAT|Power Attack
ABILITY:CATEGORY=FEAT|Skill Focus (Fly)
ABILITY:CATEGORY=FEAT|Wingover

STARTPACK:Adult Dungeon Dragon Default	TYPE:Default Monster.Dragon	VISIBLE:QUALIFY	EQUIPBUY:0	PREMULT:1,[PRERACE:1,Adult Dungeon Dragon],[!PRERACE:1,%]
ALIGN:TN
RACE:Adult Dungeon Dragon	!PRERACE:1,%
NAME:Adult Dungeon Dragon
STAT:STR=10|DEX=10|CON=10|INT=10|WIS=10|CHA=10
SKILL:Bluff	RANK:11
SKILL:Craft (crystal carving)	RANK:9
SKILL:Craft (traps)	RANK:5
SKILL:Diplomacy	RANK:6
SKILL:Disable Device	RANK:5
SKILL:Fly	RANK:1
SKILL:Knowledge (Arcana)	RANK:11
SKILL:Knowledge (Dungeoneering)	RANK:4
SKILL:Knowledge (Engineering)	RANK:11
SKILL:Linguistics	RANK:2
SKILL:Perception	RANK:11
SKILL:Sense Motive	RANK:11
SKILL:Spellcraft	RANK:11
ABILITY:CATEGORY=FEAT|Alertness
ABILITY:CATEGORY=FEAT|Craft Wondrous Item
ABILITY:CATEGORY=FEAT|Flyby Attack
ABILITY:CATEGORY=FEAT|Iron Will
ABILITY:CATEGORY=FEAT|Master Craftsman
ABILITY:CATEGORY=FEAT|Multiattack
ABILITY:CATEGORY=FEAT|Skill Focus (Craft [crystal carving])
ABILITY:CATEGORY=FEAT|Skill Focus (Knowledge [engineering])

STARTPACK:Adult Mist Dragon Default	TYPE:Default Monster.Dragon	VISIBLE:QUALIFY	EQUIPBUY:0	PREMULT:1,[PRERACE:1,Adult Mist Dragon],[!PRERACE:1,%]
ALIGN:TN
RACE:Adult Mist Dragon	!PRERACE:1,%
NAME:Adult Mist Dragon
STAT:STR=10|DEX=10|CON=10|INT=10|WIS=10|CHA=10
SKILL:Bluff	RANK:16
SKILL:Diplomacy	RANK:16
SKILL:Fly	RANK:8
SKILL:Knowledge (Arcana)	RANK:16
SKILL:Knowledge (History)	RANK:16
SKILL:Knowledge (Nature)	RANK:16
SKILL:Perception	RANK:16
SKILL:Sense Motive	RANK:16
SKILL:Spellcraft	RANK:16
SKILL:Swim	RANK:16
SKILL:Use Magic Device	RANK:16
ABILITY:CATEGORY=FEAT|Alertness
ABILITY:CATEGORY=FEAT|Combat Expertise
ABILITY:CATEGORY=FEAT|Flyby Attack
ABILITY:CATEGORY=FEAT|Great Fortitude
ABILITY:CATEGORY=FEAT|Hover
ABILITY:CATEGORY=FEAT|Improved Initiative
ABILITY:CATEGORY=FEAT|Multiattack
ABILITY:CATEGORY=FEAT|Wingover

STARTPACK:Aerial Servant Default	TYPE:Default Monster.Outsider	VISIBLE:QUALIFY	EQUIPBUY:0	PREMULT:1,[PRERACE:1,Aerial Servant],[!PRERACE:1,%]
ALIGN:TN
RACE:Aerial Servant	!PRERACE:1,%
NAME:Aerial Servant
STAT:STR=10|DEX=10|CON=10|INT=10|WIS=10|CHA=10
SKILL:Intimidate	RANK:13
SKILL:Perception	RANK:16
SKILL:Stealth	RANK:16
ABILITY:CATEGORY=FEAT|Combat Reflexes
ABILITY:CATEGORY=FEAT|Great Fortitude
ABILITY:CATEGORY=FEAT|Improved Initiative
ABILITY:CATEGORY=FEAT|Iron Will
ABILITY:CATEGORY=FEAT|Lightning Reflexes
ABILITY:CATEGORY=FEAT|Power Attack
ABILITY:CATEGORY=FEAT|Skill Focus (Perception)
ABILITY:CATEGORY=FEAT|Weapon Focus (slam)

STARTPACK:Aeshma Demon Default	TYPE:Default Monster.Outsider	VISIBLE:QUALIFY	EQUIPBUY:0	PREMULT:1,[PRERACE:1,Aeshma Demon],[!PRERACE:1,%]
ALIGN:CE
RACE:Aeshma Demon	!PRERACE:1,%
NAME:Aeshma Demon
STAT:STR=10|DEX=10|CON=10|INT=10|WIS=10|CHA=10
SKILL:Diplomacy	RANK:14
SKILL:Escape Artist	RANK:11
SKILL:Fly	RANK:14
SKILL:Knowledge (Arcana)	RANK:14
SKILL:Perception	RANK:14
SKILL:Spellcraft	RANK:11
SKILL:Stealth	RANK:10
SKILL:Survival	RANK:14
ABILITY:CATEGORY=FEAT|Blind-Fight
ABILITY:CATEGORY=FEAT|Cleave
ABILITY:CATEGORY=FEAT|Great Cleave
ABILITY:CATEGORY=FEAT|Improved Critical (spear)
ABILITY:CATEGORY=FEAT|Iron Will
ABILITY:CATEGORY=FEAT|Power Attack
ABILITY:CATEGORY=FEAT|Weapon Focus (spear)

STARTPACK:Afanc Default	TYPE:Default Monster.Magical Beast	VISIBLE:QUALIFY	EQUIPBUY:0	PREMULT:1,[PRERACE:1,Afanc],[!PRERACE:1,%]
ALIGN:TN
RACE:Afanc	!PRERACE:1,%
NAME:Afanc
STAT:STR=10|DEX=10|CON=10|INT=10|WIS=10|CHA=10
SKILL:Perception	RANK:23
SKILL:Swim	RANK:5
ABILITY:CATEGORY=FEAT|Alertness
ABILITY:CATEGORY=FEAT|Cleave
ABILITY:CATEGORY=FEAT|Diehard
ABILITY:CATEGORY=FEAT|Endurance
ABILITY:CATEGORY=FEAT|Greater Sunder
ABILITY:CATEGORY=FEAT|Improved Critical (bite)
ABILITY:CATEGORY=FEAT|Improved Natural Attack (bite)
ABILITY:CATEGORY=FEAT|Improved Sunder
ABILITY:CATEGORY=FEAT|Iron Will
ABILITY:CATEGORY=FEAT|Power Attack
ABILITY:CATEGORY=FEAT|Swim-By Attack
ABILITY:CATEGORY=FEAT|Weapon Focus (bite)

STARTPACK:Ahlinni Default	TYPE:Default Monster.Magical Beast	VISIBLE:QUALIFY	EQUIPBUY:0	PREMULT:1,[PRERACE:1,Ahlinni],[!PRERACE:1,%]
ALIGN:CN
RACE:Ahlinni	!PRERACE:1,%
NAME:Ahlinni
STAT:STR=10|DEX=10|CON=10|INT=10|WIS=10|CHA=10
SKILL:Acrobatics	RANK:1
SKILL:Climb	RANK:4
SKILL:Perception	RANK:4
SKILL:Stealth	RANK:1
ABILITY:CATEGORY=FEAT|Skill Focus (Perception)
ABILITY:CATEGORY=FEAT|Weapon Focus (bite)

STARTPACK:Air Elemental Construct Default	TYPE:Default Monster.Construct	VISIBLE:QUALIFY	EQUIPBUY:0	PREMULT:1,[PRERACE:1,Air Elemental Construct],[!PRERACE:1,%]
ALIGN:TN
RACE:Air Elemental Construct	!PRERACE:1,%
NAME:Air Elemental Construct
STAT:STR=10|DEX=10|WIS=10|CHA=10
SKILL:Fly	RANK:1

STARTPACK:Al-mi'raj Default	TYPE:Default Monster.Magical Beast	VISIBLE:QUALIFY	EQUIPBUY:0	PREMULT:1,[PRERACE:1,Al-mi'raj],[!PRERACE:1,%]
ALIGN:TN
RACE:Al-mi'raj	!PRERACE:1,%
NAME:Al-mi'raj
STAT:STR=10|DEX=10|CON=10|INT=10|WIS=10|CHA=10
SKILL:Perception	RANK:1
SKILL:Stealth	RANK:1
SKILL:Survival	RANK:1
ABILITY:CATEGORY=FEAT|Weapon Finesse

STARTPACK:Alastor Default	TYPE:Default Monster.Outsider	VISIBLE:QUALIFY	EQUIPBUY:0	PREMULT:1,[PRERACE:1,Alastor],[!PRERACE:1,%]
ALIGN:LE
RACE:Alastor	!PRERACE:1,%
NAME:Alastor
STAT:STR=10|DEX=10|CON=10|INT=10|WIS=10|CHA=10
SKILL:Acrobatics	RANK:40
SKILL:Bluff	RANK:40
SKILL:Diplomacy	RANK:40
SKILL:Disguise	RANK:40
SKILL:Fly	RANK:38
SKILL:Intimidate	RANK:40
SKILL:Knowledge (Arcana)	RANK:37
SKILL:Knowledge (Local)	RANK:37
SKILL:Knowledge (Planes)	RANK:40
SKILL:Knowledge (Religion)	RANK:37
SKILL:Perception	RANK:40
SKILL:Sense Motive	RANK:40
SKILL:Spellcraft	RANK:37
SKILL:Stealth	RANK:36
SKILL:Survival	RANK:37
ABILITY:CATEGORY=FEAT|Alertness
ABILITY:CATEGORY=FEAT|Awesome Blow
ABILITY:CATEGORY=FEAT|Bleeding Critical
ABILITY:CATEGORY=FEAT|Cleave
ABILITY:CATEGORY=FEAT|Critical Focus
ABILITY:CATEGORY=FEAT|Diehard
ABILITY:CATEGORY=FEAT|Endurance
ABILITY:CATEGORY=FEAT|Great Cleave
ABILITY:CATEGORY=FEAT|Great Fortitude
ABILITY:CATEGORY=FEAT|Improved Bull Rush
ABILITY:CATEGORY=FEAT|Improved Critical (battleaxe)
ABILITY:CATEGORY=FEAT|Improved Initiative
ABILITY:CATEGORY=FEAT|Iron Will
ABILITY:CATEGORY=FEAT|Lightning Reflexes
ABILITY:CATEGORY=FEAT|Multiattack
ABILITY:CATEGORY=FEAT|Persuasive
ABILITY:CATEGORY=FEAT|Power Attack
ABILITY:CATEGORY=FEAT|Quicken Spell-Like Ability (power word stun)
ABILITY:CATEGORY=FEAT|Quicken Spell-Like Ability (fireball)
ABILITY:CATEGORY=FEAT|Weapon Focus (battleaxe)

STARTPACK:Algoid Default	TYPE:Default Monster.Plant	VISIBLE:QUALIFY	EQUIPBUY:0	PREMULT:1,[PRERACE:1,Algoid],[!PRERACE:1,%]
ALIGN:TN
RACE:Algoid	!PRERACE:1,%
NAME:Algoid
STAT:STR=10|DEX=10|CON=10|INT=10|WIS=10|CHA=10
SKILL:Perception	RANK:5
SKILL:Stealth	RANK:5
ABILITY:CATEGORY=FEAT|Iron Will
ABILITY:CATEGORY=FEAT|Skill Focus (Perception)
ABILITY:CATEGORY=FEAT|Toughness

STARTPACK:Alu-Demon Default	TYPE:Default Monster.Outsider	VISIBLE:QUALIFY	EQUIPBUY:0	PREMULT:1,[PRERACE:1,Alu-Demon],[!PRERACE:1,%]
ALIGN:CE
RACE:Alu-Demon	!PRERACE:1,%
NAME:Alu-Demon
STAT:STR=10|DEX=10|CON=10|INT=10|WIS=10|CHA=10
SKILL:Bluff	RANK:5
SKILL:Diplomacy	RANK:6
SKILL:Escape Artist	RANK:6
SKILL:Fly	RANK:1
SKILL:Intimidate	RANK:6
SKILL:Knowledge (Planes)	RANK:6
SKILL:Perception	RANK:6
SKILL:Stealth	RANK:6
SKILL:Survival	RANK:6
ABILITY:CATEGORY=FEAT|Blind-Fight
ABILITY:CATEGORY=FEAT|Cleave
ABILITY:CATEGORY=FEAT|Power Attack

STARTPACK:Amaimon Devil Default	TYPE:Default Monster.Outsider	VISIBLE:QUALIFY	EQUIPBUY:0	PREMULT:1,[PRERACE:1,Amaimon Devil],[!PRERACE:1,%]
ALIGN:LE
RACE:Amaimon Devil	!PRERACE:1,%
NAME:Amaimon Devil
STAT:STR=10|DEX=10|CON=10|INT=10|WIS=10|CHA=10
SKILL:Acrobatics	RANK:6
SKILL:Bluff	RANK:9
SKILL:Diplomacy	RANK:9
SKILL:Disguise	RANK:1
SKILL:Intimidate	RANK:9
SKILL:Knowledge (Planes)	RANK:9
SKILL:Perception	RANK:9
SKILL:Sense Motive	RANK:9
SKILL:Survival	RANK:9
ABILITY:CATEGORY=FEAT|Alertness
ABILITY:CATEGORY=FEAT|Deceitful
ABILITY:CATEGORY=FEAT|Improved Initiative
ABILITY:CATEGORY=FEAT|Power Attack
ABILITY:CATEGORY=FEAT|Weapon Focus (claw)

STARTPACK:Amber Ooze Default	TYPE:Default Monster.Ooze	VISIBLE:QUALIFY	EQUIPBUY:0	PREMULT:1,[PRERACE:1,Amber Ooze],[!PRERACE:1,%]
ALIGN:TN
RACE:Amber Ooze	!PRERACE:1,%
NAME:Amber Ooze
STAT:STR=10|DEX=10|CON=10|WIS=10|CHA=10

STARTPACK:Amon Default	TYPE:Default Monster.Outsider	VISIBLE:QUALIFY	EQUIPBUY:0	PREMULT:1,[PRERACE:1,Amon],[!PRERACE:1,%]
ALIGN:LE
RACE:Amon	!PRERACE:1,%
NAME:Amon
STAT:STR=10|DEX=10|CON=10|INT=10|WIS=10|CHA=10
SKILL:Acrobatics	RANK:28
SKILL:Bluff	RANK:28
SKILL:Climb	RANK:25
SKILL:Diplomacy	RANK:28
SKILL:Escape Artist	RANK:25
SKILL:Intimidate	RANK:28
SKILL:Knowledge (Arcana)	RANK:25
SKILL:Knowledge (Local)	RANK:28
SKILL:Knowledge (Planes)	RANK:28
SKILL:Knowledge (Religion)	RANK:25
SKILL:Perception	RANK:28
SKILL:Sense Motive	RANK:28
SKILL:Stealth	RANK:24
SKILL:Survival	RANK:25
ABILITY:CATEGORY=FEAT|Alertness
ABILITY:CATEGORY=FEAT|Blind-Fight
ABILITY:CATEGORY=FEAT|Cleave
ABILITY:CATEGORY=FEAT|Critical Focus
ABILITY:CATEGORY=FEAT|Great Cleave
ABILITY:CATEGORY=FEAT|Great Fortitude
ABILITY:CATEGORY=FEAT|Improved Critical (heavy mace)
ABILITY:CATEGORY=FEAT|Improved Initiative
ABILITY:CATEGORY=FEAT|Improved Vital Strike
ABILITY:CATEGORY=FEAT|Iron Will
ABILITY:CATEGORY=FEAT|Power Attack
ABILITY:CATEGORY=FEAT|Quicken Spell-Like Ability (fireball)
ABILITY:CATEGORY=FEAT|Vital Strike
ABILITY:CATEGORY=FEAT|Weapon Focus (heavy mace)

STARTPACK:Ancient Cloud Dragon Default	TYPE:Default Monster.Dragon	VISIBLE:QUALIFY	EQUIPBUY:0	PREMULT:1,[PRERACE:1,Ancient Cloud Dragon],[!PRERACE:1,%]
ALIGN:TN
RACE:Ancient Cloud Dragon	!PRERACE:1,%
NAME:Ancient Cloud Dragon
STAT:STR=10|DEX=10|CON=10|INT=10|WIS=10|CHA=10
SKILL:Bluff	RANK:22
SKILL:Diplomacy	RANK:22
SKILL:Fly	RANK:14
SKILL:Intimidate	RANK:22
SKILL:Knowledge (Arcana)	RANK:22
SKILL:Knowledge (Geography)	RANK:22
SKILL:Knowledge (History)	RANK:22
SKILL:Knowledge (Nature)	RANK:22
SKILL:Perception	RANK:22
SKILL:Sense Motive	RANK:22
SKILL:Spellcraft	RANK:22
SKILL:Use Magic Device	RANK:22
ABILITY:CATEGORY=FEAT|Alertness
ABILITY:CATEGORY=FEAT|Cleave
ABILITY:CATEGORY=FEAT|Flyby Attack
ABILITY:CATEGORY=FEAT|Great Cleave
ABILITY:CATEGORY=FEAT|Hover
ABILITY:CATEGORY=FEAT|Improved Initiative
ABILITY:CATEGORY=FEAT|Multiattack
ABILITY:CATEGORY=FEAT|Power Attack
ABILITY:CATEGORY=FEAT|Skill Focus (Fly)
ABILITY:CATEGORY=FEAT|Snatch
ABILITY:CATEGORY=FEAT|Wingover

STARTPACK:Ancient Dungeon Dragon Default	TYPE:Default Monster.Dragon	VISIBLE:QUALIFY	EQUIPBUY:0	PREMULT:1,[PRERACE:1,Ancient Dungeon Dragon],[!PRERACE:1,%]
ALIGN:TN
RACE:Ancient Dungeon Dragon	!PRERACE:1,%
NAME:Ancient Dungeon Dragon
STAT:STR=10|DEX=10|CON=10|INT=10|WIS=10|CHA=10
SKILL:Bluff	RANK:19
SKILL:Craft (crystal carving)	RANK:16
SKILL:Craft (traps)	RANK:9
SKILL:Diplomacy	RANK:14
SKILL:Disable Device	RANK:12
SKILL:Fly	RANK:11
SKILL:Intimidate	RANK:1
SKILL:Knowledge (Arcana)	RANK:19
SKILL:Knowledge (Dungeoneering)	RANK:19
SKILL:Knowledge (Engineering)	RANK:19
SKILL:Linguistics	RANK:19
SKILL:Perception	RANK:19
SKILL:Sense Motive	RANK:19
SKILL:Spellcraft	RANK:19
ABILITY:CATEGORY=FEAT|Alertness
ABILITY:CATEGORY=FEAT|Craft Wondrous Item
ABILITY:CATEGORY=FEAT|Flyby Attack
ABILITY:CATEGORY=FEAT|Hover
ABILITY:CATEGORY=FEAT|Improved Initiative
ABILITY:CATEGORY=FEAT|Iron Will
ABILITY:CATEGORY=FEAT|Master Craftsman
ABILITY:CATEGORY=FEAT|Multiattack
ABILITY:CATEGORY=FEAT|Skill Focus (Bluff)
ABILITY:CATEGORY=FEAT|Persuasive
ABILITY:CATEGORY=FEAT|Skill Focus (Craft [crystal carving])
ABILITY:CATEGORY=FEAT|Skill Focus (Knowledge [engineering])

STARTPACK:Ancient Mist Dragon Default	TYPE:Default Monster.Dragon	VISIBLE:QUALIFY	EQUIPBUY:0	PREMULT:1,[PRERACE:1,Ancient Mist Dragon],[!PRERACE:1,%]
ALIGN:TN
RACE:Ancient Mist Dragon	!PRERACE:1,%
NAME:Ancient Mist Dragon
STAT:STR=10|DEX=10|CON=10|INT=10|WIS=10|CHA=10
SKILL:Bluff	RANK:24
SKILL:Diplomacy	RANK:24
SKILL:Fly	RANK:10
SKILL:Intimidate	RANK:24
SKILL:Knowledge (Arcana)	RANK:24
SKILL:Knowledge (History)	RANK:24
SKILL:Knowledge (Nature)	RANK:24
SKILL:Knowledge (Religion)	RANK:24
SKILL:Perception	RANK:24
SKILL:Sense Motive	RANK:24
SKILL:Spellcraft	RANK:24
SKILL:Swim	RANK:24
SKILL:Use Magic Device	RANK:24
ABILITY:CATEGORY=FEAT|Alertness
ABILITY:CATEGORY=FEAT|Combat Expertise
ABILITY:CATEGORY=FEAT|Flyby Attack
ABILITY:CATEGORY=FEAT|Great Fortitude
ABILITY:CATEGORY=FEAT|Hover
ABILITY:CATEGORY=FEAT|Improved Initiative
ABILITY:CATEGORY=FEAT|Iron Will
ABILITY:CATEGORY=FEAT|Lightning Reflexes
ABILITY:CATEGORY=FEAT|Multiattack
ABILITY:CATEGORY=FEAT|Power Attack
ABILITY:CATEGORY=FEAT|Vital Strike
ABILITY:CATEGORY=FEAT|Wingover

STARTPACK:Apparition Default	TYPE:Default Monster.Undead	VISIBLE:QUALIFY	EQUIPBUY:0	PREMULT:1,[PRERACE:1,Apparition],[!PRERACE:1,%]
ALIGN:CE
RACE:Apparition	!PRERACE:1,%
NAME:Apparition
STAT:DEX=10|INT=10|WIS=10|CHA=10
SKILL:Fly	RANK:5
SKILL:Intimidate	RANK:7
SKILL:Knowledge (Religion)	RANK:7
SKILL:Perception	RANK:7
SKILL:Stealth	RANK:7
ABILITY:CATEGORY=FEAT|Blind-Fight
ABILITY:CATEGORY=FEAT|Improved Initiative
ABILITY:CATEGORY=FEAT|Iron Will
ABILITY:CATEGORY=FEAT|Skill Focus (Perception)

STARTPACK:Arach Default	TYPE:Default Monster.Monstrous Humanoid	VISIBLE:QUALIFY	EQUIPBUY:0	PREMULT:1,[PRERACE:1,Arach],[!PRERACE:1,%]
ALIGN:NE
RACE:Arach	!PRERACE:1,%
NAME:Arach
STAT:STR=10|DEX=10|CON=10|INT=10|WIS=10|CHA=10
SKILL:Climb	RANK:9
SKILL:Craft (weaving)	RANK:4
SKILL:Knowledge (Dungeoneering)	RANK:6
SKILL:Perception	RANK:9
SKILL:Stealth	RANK:9
ABILITY:CATEGORY=FEAT|Blind-Fight
ABILITY:CATEGORY=FEAT|Improved Initiative
ABILITY:CATEGORY=FEAT|Iron Will
ABILITY:CATEGORY=FEAT|Multiweapon Fighting
ABILITY:CATEGORY=FEAT|Weapon Finesse

STARTPACK:Arcanoplasm Default	TYPE:Default Monster.Aberration	VISIBLE:QUALIFY	EQUIPBUY:0	PREMULT:1,[PRERACE:1,Arcanoplasm],[!PRERACE:1,%]
ALIGN:TN
RACE:Arcanoplasm	!PRERACE:1,%
NAME:Arcanoplasm
STAT:STR=10|DEX=10|CON=10|INT=10|WIS=10|CHA=10
SKILL:Climb	RANK:7
SKILL:Perception	RANK:7
SKILL:Spellcraft	RANK:7
SKILL:Stealth	RANK:4
ABILITY:CATEGORY=FEAT|Ability Focus (arcane spell mimicry)
ABILITY:CATEGORY=FEAT|Combat Casting
ABILITY:CATEGORY=FEAT|Improved Initiative
ABILITY:CATEGORY=FEAT|Weapon Focus (slam)

STARTPACK:Archer Bush Default	TYPE:Default Monster.Plant	VISIBLE:QUALIFY	EQUIPBUY:0	PREMULT:1,[PRERACE:1,Archer Bush],[!PRERACE:1,%]
ALIGN:TN
RACE:Archer Bush	!PRERACE:1,%
NAME:Archer Bush
STAT:STR=10|DEX=10|CON=10|INT=10|WIS=10|CHA=10
SKILL:Stealth	RANK:3
ABILITY:CATEGORY=FEAT|Skill Focus (Stealth)
ABILITY:CATEGORY=FEAT|Weapon Focus (thorns)

STARTPACK:Asrai Default	TYPE:Default Monster.Fey	VISIBLE:QUALIFY	EQUIPBUY:0	PREMULT:1,[PRERACE:1,Asrai],[!PRERACE:1,%]
ALIGN:CN
RACE:Asrai	!PRERACE:1,%
NAME:Asrai
STAT:STR=10|DEX=10|CON=10|INT=10|WIS=10|CHA=10
SKILL:Knowledge (Arcana)	RANK:1
SKILL:Knowledge (Nature)	RANK:2
SKILL:Perception	RANK:2
SKILL:Sense Motive	RANK:2
SKILL:Spellcraft	RANK:2
SKILL:Stealth	RANK:2
SKILL:Swim	RANK:2
ABILITY:CATEGORY=FEAT|Eschew Materials
ABILITY:CATEGORY=FEAT|Weapon Finesse

STARTPACK:Astral Shark Default	TYPE:Default Monster.Outsider	VISIBLE:QUALIFY	EQUIPBUY:0	PREMULT:1,[PRERACE:1,Astral Shark],[!PRERACE:1,%]
ALIGN:TN
RACE:Astral Shark	!PRERACE:1,%
NAME:Astral Shark
STAT:STR=10|DEX=10|CON=10|INT=10|WIS=10|CHA=10
SKILL:Knowledge (Planes)	RANK:8
SKILL:Perception	RANK:8
SKILL:Stealth	RANK:7
SKILL:Survival	RANK:8
ABILITY:CATEGORY=FEAT|Improved Critical (bite)
ABILITY:CATEGORY=FEAT|Iron Will
ABILITY:CATEGORY=FEAT|Skill Focus (Stealth)
ABILITY:CATEGORY=FEAT|Weapon Focus (bite)

STARTPACK:Azizou Demon Default	TYPE:Default Monster.Outsider	VISIBLE:QUALIFY	EQUIPBUY:0	PREMULT:1,[PRERACE:1,Azizou Demon],[!PRERACE:1,%]
ALIGN:CE
RACE:Azizou Demon	!PRERACE:1,%
NAME:Azizou Demon
STAT:STR=10|DEX=10|CON=10|INT=10|WIS=10|CHA=10
SKILL:Acrobatics	RANK:4
SKILL:Escape Artist	RANK:4
SKILL:Fly	RANK:4
SKILL:Perception	RANK:4
SKILL:Stealth	RANK:4
ABILITY:CATEGORY=FEAT|Weapon Focus (bite)
ABILITY:CATEGORY=FEAT|Weapon Focus (claw)

STARTPACK:Baal Default	TYPE:Default Monster.Outsider	VISIBLE:QUALIFY	EQUIPBUY:0	PREMULT:1,[PRERACE:1,Baal],[!PRERACE:1,%]
ALIGN:LE
RACE:Baal	!PRERACE:1,%
NAME:Baal
STAT:STR=10|DEX=10|CON=10|INT=10|WIS=10|CHA=10
SKILL:Bluff	RANK:23
SKILL:Diplomacy	RANK:23
SKILL:Disguise	RANK:23
SKILL:Escape Artist	RANK:16
SKILL:Fly	RANK:14
SKILL:Intimidate	RANK:23
SKILL:Knowledge (Arcana)	RANK:20
SKILL:Knowledge (Planes)	RANK:23
SKILL:Knowledge (Religion)	RANK:23
SKILL:Perception	RANK:23
SKILL:Sense Motive	RANK:23
SKILL:Stealth	RANK:15
SKILL:Survival	RANK:20
ABILITY:CATEGORY=FEAT|Alertness
ABILITY:CATEGORY=FEAT|Blind-Fight
ABILITY:CATEGORY=FEAT|Cleave
ABILITY:CATEGORY=FEAT|Great Cleave
ABILITY:CATEGORY=FEAT|Improved Critical (morningstar)
ABILITY:CATEGORY=FEAT|Improved Initiative
ABILITY:CATEGORY=FEAT|Improved Sunder
ABILITY:CATEGORY=FEAT|Improved Vital Strike
ABILITY:CATEGORY=FEAT|Iron Will
ABILITY:CATEGORY=FEAT|Power Attack
ABILITY:CATEGORY=FEAT|Vital Strike
ABILITY:CATEGORY=FEAT|Weapon Focus (morningstar)

STARTPACK:Baaphel Default	TYPE:Default Monster.Outsider	VISIBLE:QUALIFY	EQUIPBUY:0	PREMULT:1,[PRERACE:1,Baaphel],[!PRERACE:1,%]
ALIGN:LE
RACE:Baaphel	!PRERACE:1,%
NAME:Baaphel
STAT:STR=10|DEX=10|CON=10|INT=10|WIS=10|CHA=10
SKILL:Appraise	RANK:17
SKILL:Bluff	RANK:20
SKILL:Diplomacy	RANK:20
SKILL:Disguise	RANK:17
SKILL:Escape Artist	RANK:20
SKILL:Fly	RANK:20
SKILL:Intimidate	RANK:20
SKILL:Knowledge (Arcana)	RANK:20
SKILL:Knowledge (Planes)	RANK:20
SKILL:Knowledge (Religion)	RANK:17
SKILL:Perception	RANK:20
SKILL:Sense Motive	RANK:20
SKILL:Stealth	RANK:20
SKILL:Survival	RANK:17
ABILITY:CATEGORY=FEAT|Alertness
ABILITY:CATEGORY=FEAT|Blind-Fight
ABILITY:CATEGORY=FEAT|Cleave
ABILITY:CATEGORY=FEAT|Great Cleave
ABILITY:CATEGORY=FEAT|Improved Initiative
ABILITY:CATEGORY=FEAT|Improved Sunder
ABILITY:CATEGORY=FEAT|Iron Will
ABILITY:CATEGORY=FEAT|Power Attack
ABILITY:CATEGORY=FEAT|Weapon Focus (scythe)
ABILITY:CATEGORY=FEAT|Vital Strike

STARTPACK:Babbler Default	TYPE:Default Monster.Magical Beast	VISIBLE:QUALIFY	EQUIPBUY:0	PREMULT:1,[PRERACE:1,Babbler],[!PRERACE:1,%]
ALIGN:CE
RACE:Babbler	!PRERACE:1,%
NAME:Babbler
STAT:STR=10|DEX=10|CON=10|INT=10|WIS=10|CHA=10
SKILL:Acrobatics	RANK:4
SKILL:Climb	RANK:2
SKILL:Perception	RANK:4
SKILL:Stealth	RANK:1
SKILL:Swim	RANK:1
ABILITY:CATEGORY=FEAT|Improved Initiative
ABILITY:CATEGORY=FEAT|Skill Focus (Perception)

STARTPACK:Baccae Default	TYPE:Default Monster.Fey	VISIBLE:QUALIFY	EQUIPBUY:0	PREMULT:1,[PRERACE:1,Baccae],[!PRERACE:1,%]
ALIGN:CN
RACE:Baccae	!PRERACE:1,%
NAME:Baccae
STAT:STR=10|DEX=10|CON=10|INT=10|WIS=10|CHA=10
SKILL:Bluff	RANK:5
SKILL:Diplomacy	RANK:5
SKILL:Escape Artist	RANK:4
SKILL:Knowledge (Planes)	RANK:1
SKILL:Knowledge (Religion)	RANK:1
SKILL:Perception	RANK:5
SKILL:Stealth	RANK:5
ABILITY:CATEGORY=FEAT|Toughness
ABILITY:CATEGORY=FEAT|Weapon Focus (bite)
ABILITY:CATEGORY=FEAT|Weapon Focus (greatclub)

STARTPACK:Balban Demon Default	TYPE:Default Monster.Outsider	VISIBLE:QUALIFY	EQUIPBUY:0	PREMULT:1,[PRERACE:1,Balban Demon],[!PRERACE:1,%]
ALIGN:CE
RACE:Balban Demon	!PRERACE:1,%
NAME:Balban Demon
STAT:STR=10|DEX=10|CON=10|INT=10|WIS=10|CHA=10
SKILL:Intimidate	RANK:9
SKILL:Knowledge (Planes)	RANK:9
SKILL:Perception	RANK:9
SKILL:Survival	RANK:9
ABILITY:CATEGORY=FEAT|Awesome Blow
ABILITY:CATEGORY=FEAT|Improved Bull Rush
ABILITY:CATEGORY=FEAT|Power Attack
ABILITY:CATEGORY=FEAT|Weapon Focus
ABILITY:CATEGORY=FEAT|Great Fortitude

STARTPACK:Banderlog Default	TYPE:Default Monster.Monstrous Humanoid	VISIBLE:QUALIFY	EQUIPBUY:0	PREMULT:1,[PRERACE:1,Banderlog],[!PRERACE:1,%]
ALIGN:TN
RACE:Banderlog	!PRERACE:1,%
NAME:Banderlog
STAT:STR=10|DEX=10|CON=10|INT=10|WIS=10|CHA=10
SKILL:Climb	RANK:3
SKILL:Perception	RANK:3
SKILL:Sense Motive	RANK:1
SKILL:Stealth	RANK:3
SKILL:Survival	RANK:3
ABILITY:CATEGORY=FEAT|Alertness
ABILITY:CATEGORY=FEAT|Weapon Focus (coconut)

STARTPACK:Baobhan Sith Default	TYPE:Default Monster.Fey	VISIBLE:QUALIFY	EQUIPBUY:0	PREMULT:1,[PRERACE:1,Baobhan Sith],[!PRERACE:1,%]
ALIGN:CE
RACE:Baobhan Sith	!PRERACE:1,%
NAME:Baobhan Sith
STAT:STR=10|DEX=10|CON=10|INT=10|WIS=10|CHA=10
SKILL:Acrobatics	RANK:9
SKILL:Bluff	RANK:9
SKILL:Craft (any one)	RANK:9
SKILL:Escape Artist	RANK:9
SKILL:Knowledge (Nature)	RANK:9
SKILL:Perception	RANK:9
SKILL:Perform (dance)	RANK:9
SKILL:Sense Motive	RANK:9
SKILL:Stealth	RANK:9
ABILITY:CATEGORY=FEAT|Alertness
ABILITY:CATEGORY=FEAT|Combat Reflexes
ABILITY:CATEGORY=FEAT|Dodge
ABILITY:CATEGORY=FEAT|Great Fortitude
ABILITY:CATEGORY=FEAT|Mobility

STARTPACK:Baphomet Default	TYPE:Default Monster.Outsider	VISIBLE:QUALIFY	EQUIPBUY:0	PREMULT:1,[PRERACE:1,Baphomet],[!PRERACE:1,%]
ALIGN:CE
RACE:Baphomet	!PRERACE:1,%
NAME:Baphomet
STAT:STR=10|DEX=10|CON=10|INT=10|WIS=10|CHA=10
SKILL:Acrobatics	RANK:30
SKILL:Bluff	RANK:30
SKILL:Climb	RANK:30
SKILL:Diplomacy	RANK:30
SKILL:Disguise	RANK:1
SKILL:Escape Artist	RANK:27
SKILL:Intimidate	RANK:30
SKILL:Knowledge (Arcana)	RANK:27
SKILL:Knowledge (History)	RANK:27
SKILL:Knowledge (Planes)	RANK:30
SKILL:Knowledge (Religion)	RANK:27
SKILL:Perception	RANK:30
SKILL:Sense Motive	RANK:30
SKILL:Stealth	RANK:26
SKILL:Survival	RANK:30
ABILITY:CATEGORY=FEAT|Bleeding Critical
ABILITY:CATEGORY=FEAT|Blind-Fight
ABILITY:CATEGORY=FEAT|Cleave
ABILITY:CATEGORY=FEAT|Combat Casting
ABILITY:CATEGORY=FEAT|Critical Focus
ABILITY:CATEGORY=FEAT|Deceitful
ABILITY:CATEGORY=FEAT|Great Cleave
ABILITY:CATEGORY=FEAT|Great Fortitude
ABILITY:CATEGORY=FEAT|Improved Critical (halberd)
ABILITY:CATEGORY=FEAT|Improved Initiative
ABILITY:CATEGORY=FEAT|Improved Sunder
ABILITY:CATEGORY=FEAT|Iron Will
ABILITY:CATEGORY=FEAT|Power Attack
ABILITY:CATEGORY=FEAT|Weapon Focus (halberd)
ABILITY:CATEGORY=FEAT|Toughness

STARTPACK:Barbegazi Default	TYPE:Default Monster.Humanoid	VISIBLE:QUALIFY	EQUIPBUY:0	PREMULT:1,[PRERACE:1,Barbegazi],[!PRERACE:1,%]
ALIGN:NE
RACE:Barbegazi	!PRERACE:1,%
NAME:Barbegazi
STAT:STR=10|DEX=10|CON=10|INT=10|WIS=10|CHA=10
SKILL:Craft (trapmaking)	RANK:2
SKILL:Handle Animal	RANK:1
SKILL:Stealth	RANK:2
SKILL:Survival	RANK:2
ABILITY:CATEGORY=FEAT|Weapon Finesse

STARTPACK:Baric Default	TYPE:Default Monster.Magical Beast	VISIBLE:QUALIFY	EQUIPBUY:0	PREMULT:1,[PRERACE:1,Baric],[!PRERACE:1,%]
ALIGN:TN
RACE:Baric	!PRERACE:1,%
NAME:Baric
STAT:STR=10|DEX=10|CON=10|INT=10|WIS=10|CHA=10
SKILL:Perception	RANK:2
SKILL:Stealth	RANK:1
ABILITY:CATEGORY=FEAT|Toughness

STARTPACK:Barizou Demon Default	TYPE:Default Monster.Outsider	VISIBLE:QUALIFY	EQUIPBUY:0	PREMULT:1,[PRERACE:1,Barizou Demon],[!PRERACE:1,%]
ALIGN:CE
RACE:Barizou Demon	!PRERACE:1,%
NAME:Barizou Demon
STAT:STR=10|DEX=10|CON=10|INT=10|WIS=10|CHA=10
SKILL:Fly	RANK:3
SKILL:Perception	RANK:3
SKILL:Stealth	RANK:3
SKILL:Survival	RANK:1
ABILITY:CATEGORY=FEAT|Weapon Finesse
ABILITY:CATEGORY=FEAT|Weapon Focus (claw)

STARTPACK:Barrow Rat Default	TYPE:Default Monster.Magical Beast	VISIBLE:QUALIFY	EQUIPBUY:0	PREMULT:1,[PRERACE:1,Barrow Rat],[!PRERACE:1,%]
ALIGN:TN
RACE:Barrow Rat	!PRERACE:1,%
NAME:Barrow Rat
STAT:STR=10|DEX=10|CON=10|INT=10|WIS=10|CHA=10
SKILL:Acrobatics	RANK:1
SKILL:Climb	RANK:1
SKILL:Stealth	RANK:1
ABILITY:CATEGORY=FEAT|Weapon Finesse

STARTPACK:Barrow Wight Default	TYPE:Default Monster.Undead	VISIBLE:QUALIFY	EQUIPBUY:0	PREMULT:1,[PRERACE:1,Barrow Wight],[!PRERACE:1,%]
ALIGN:CE
RACE:Barrow Wight	!PRERACE:1,%
NAME:Barrow Wight
STAT:STR=10|DEX=10|INT=10|WIS=10|CHA=10
SKILL:Intimidate	RANK:5
SKILL:Knowledge (Religion)	RANK:5
SKILL:Perception	RANK:5
SKILL:Stealth	RANK:5
ABILITY:CATEGORY=FEAT|Blind-Fight
ABILITY:CATEGORY=FEAT|Skill Focus (Perception)
ABILITY:CATEGORY=FEAT|Toughness

STARTPACK:Bedlam Default	TYPE:Default Monster.Aberration	VISIBLE:QUALIFY	EQUIPBUY:0	PREMULT:1,[PRERACE:1,Bedlam],[!PRERACE:1,%]
ALIGN:CN
RACE:Bedlam	!PRERACE:1,%
NAME:Bedlam
STAT:STR=10|DEX=10|CON=10|INT=10|WIS=10|CHA=10
SKILL:Fly	RANK:13
SKILL:Knowledge (The Planes)	RANK:13
SKILL:Perception	RANK:13
SKILL:Stealth	RANK:9
SKILL:Use Magic Device	RANK:10
ABILITY:CATEGORY=FEAT|Ability Focus (chaos burst)
ABILITY:CATEGORY=FEAT|Ability Focus (chaotic resonance)
ABILITY:CATEGORY=FEAT|Blind-Fight
ABILITY:CATEGORY=FEAT|Dodge
ABILITY:CATEGORY=FEAT|Great Fortitude
ABILITY:CATEGORY=FEAT|Improved Initiative
ABILITY:CATEGORY=FEAT|Skill Focus (Perception)

STARTPACK:Belabra Default	TYPE:Default Monster.Aberration	VISIBLE:QUALIFY	EQUIPBUY:0	PREMULT:1,[PRERACE:1,Belabra],[!PRERACE:1,%]
ALIGN:TN
RACE:Belabra	!PRERACE:1,%
NAME:Belabra
STAT:STR=10|DEX=10|CON=10|INT=10|WIS=10|CHA=10
SKILL:Fly	RANK:1
SKILL:Perception	RANK:4
SKILL:Stealth	RANK:4
ABILITY:CATEGORY=FEAT|Multiattack
ABILITY:CATEGORY=FEAT|Toughness

STARTPACK:Beluiri Default	TYPE:Default Monster.Outsider	VISIBLE:QUALIFY	EQUIPBUY:0	PREMULT:1,[PRERACE:1,Beluiri],[!PRERACE:1,%]
ALIGN:CE
RACE:Beluiri	!PRERACE:1,%
NAME:Beluiri
STAT:STR=10|DEX=10|CON=10|INT=10|WIS=10|CHA=10
SKILL:Acrobatics	RANK:8
SKILL:Bluff	RANK:16
SKILL:Diplomacy	RANK:16
SKILL:Disguise	RANK:16
SKILL:Escape Artist	RANK:8
SKILL:Intimidate	RANK:16
SKILL:Knowledge (Arcana)	RANK:13
SKILL:Knowledge (Planes)	RANK:16
SKILL:Perception	RANK:16
SKILL:Sense Motive	RANK:16
SKILL:Stealth	RANK:16
SKILL:Survival	RANK:13
ABILITY:CATEGORY=FEAT|Ability Focus (seduction)
ABILITY:CATEGORY=FEAT|Alertness
ABILITY:CATEGORY=FEAT|Blind-Fight
ABILITY:CATEGORY=FEAT|Combat Reflexes
ABILITY:CATEGORY=FEAT|Deceitful
ABILITY:CATEGORY=FEAT|Dodge
ABILITY:CATEGORY=FEAT|Iron Will
ABILITY:CATEGORY=FEAT|Lightning Reflexes

STARTPACK:Biclops Default	TYPE:Default Monster.Humanoid	VISIBLE:QUALIFY	EQUIPBUY:0	PREMULT:1,[PRERACE:1,Biclops],[!PRERACE:1,%]
ALIGN:TN
RACE:Biclops	!PRERACE:1,%
NAME:Biclops
STAT:STR=10|DEX=10|CON=10|INT=10|WIS=10|CHA=10
SKILL:Climb	RANK:1
SKILL:Craft (any)	RANK:6
SKILL:Intimidate	RANK:17
SKILL:Perception	RANK:14
ABILITY:CATEGORY=FEAT|Awesome Blow
ABILITY:CATEGORY=FEAT|Cleave
ABILITY:CATEGORY=FEAT|Improved Bull Rush
ABILITY:CATEGORY=FEAT|Improved Overrun
ABILITY:CATEGORY=FEAT|Intimidating Prowess
ABILITY:CATEGORY=FEAT|Iron Will
ABILITY:CATEGORY=FEAT|Lightning Reflexes
ABILITY:CATEGORY=FEAT|Martial Weapon Proficiency (longsword)
ABILITY:CATEGORY=FEAT|Power Attack

STARTPACK:Black Orc Default	TYPE:Default Monster.Humanoid	VISIBLE:QUALIFY	EQUIPBUY:0	PREMULT:1,[PRERACE:1,Black Orc],[!PRERACE:1,%]
ALIGN:CE
RACE:Black Orc	!PRERACE:1,%
NAME:Black Orc
STAT:STR=10|DEX=10|CON=10|INT=10|WIS=10|CHA=10
SKILL:Intimidate	RANK:1
ABILITY:CATEGORY=FEAT|Power Attack

STARTPACK:Black Skeleton Default	TYPE:Default Monster.Undead	VISIBLE:QUALIFY	EQUIPBUY:0	PREMULT:1,[PRERACE:1,Black Skeleton],[!PRERACE:1,%]
ALIGN:CE
RACE:Black Skeleton	!PRERACE:1,%
NAME:Black Skeleton
STAT:STR=10|DEX=10|INT=10|WIS=10|CHA=10
SKILL:Acrobatics	RANK:4
SKILL:Climb	RANK:7
SKILL:Escape Artist	RANK:4
SKILL:Perception	RANK:7
SKILL:Stealth	RANK:7
ABILITY:CATEGORY=FEAT|Improved Initiative
ABILITY:CATEGORY=FEAT|Two-Weapon Fighting
ABILITY:CATEGORY=FEAT|Weapon Finesse
ABILITY:CATEGORY=FEAT|Weapon Focus (short sword)

STARTPACK:Blood Bush Default	TYPE:Default Monster.Plant	VISIBLE:QUALIFY	EQUIPBUY:0	PREMULT:1,[PRERACE:1,Blood Bush],[!PRERACE:1,%]
ALIGN:TN
RACE:Blood Bush	!PRERACE:1,%
NAME:Blood Bush
STAT:STR=10|DEX=10|CON=10|WIS=10|CHA=10

STARTPACK:Blood Hawk Default	TYPE:Default Monster.Magical Beast	VISIBLE:QUALIFY	EQUIPBUY:0	PREMULT:1,[PRERACE:1,Blood Hawk],[!PRERACE:1,%]
ALIGN:TN
RACE:Blood Hawk	!PRERACE:1,%
NAME:Blood Hawk
STAT:STR=10|DEX=10|CON=10|INT=10|WIS=10|CHA=10
SKILL:Fly	RANK:1
SKILL:Perception	RANK:1
ABILITY:CATEGORY=FEAT|Weapon Finesse

STARTPACK:Blood Orc Default	TYPE:Default Monster.Humanoid	VISIBLE:QUALIFY	EQUIPBUY:0	PREMULT:1,[PRERACE:1,Blood Orc],[!PRERACE:1,%]
ALIGN:CE
RACE:Blood Orc	!PRERACE:1,%
NAME:Blood Orc
STAT:STR=10|DEX=10|CON=10|INT=10|WIS=10|CHA=10
SKILL:Intimidate	RANK:1
ABILITY:CATEGORY=FEAT|Power Attack

STARTPACK:Blood Pudding Default	TYPE:Default Monster.Ooze	VISIBLE:QUALIFY	EQUIPBUY:0	PREMULT:1,[PRERACE:1,Blood Pudding],[!PRERACE:1,%]
ALIGN:TN
RACE:Blood Pudding	!PRERACE:1,%
NAME:Blood Pudding
STAT:STR=10|DEX=10|CON=10|WIS=10|CHA=10

STARTPACK:Blood Reaver Devil Default	TYPE:Default Monster.Outsider	VISIBLE:QUALIFY	EQUIPBUY:0	PREMULT:1,[PRERACE:1,Blood Reaver Devil],[!PRERACE:1,%]
ALIGN:LE
RACE:Blood Reaver Devil	!PRERACE:1,%
NAME:Blood Reaver Devil
STAT:STR=10|DEX=10|CON=10|INT=10|WIS=10|CHA=10
SKILL:Bluff	RANK:9
SKILL:Diplomacy	RANK:9
SKILL:Intimidate	RANK:9
SKILL:Knowledge (Planes)	RANK:9
SKILL:Perception	RANK:9
SKILL:Sense Motive	RANK:9
SKILL:Stealth	RANK:9
SKILL:Survival	RANK:9
ABILITY:CATEGORY=FEAT|Cleave
ABILITY:CATEGORY=FEAT|Great Cleave
ABILITY:CATEGORY=FEAT|Improved Critical (dire flail)
ABILITY:CATEGORY=FEAT|Power Attack
ABILITY:CATEGORY=FEAT|Weapon Focus (barbed dire flail)

STARTPACK:Blood Weird Default	TYPE:Default Monster.Outsider	VISIBLE:QUALIFY	EQUIPBUY:0	PREMULT:1,[PRERACE:1,Blood Weird],[!PRERACE:1,%]
ALIGN:CE
RACE:Blood Weird	!PRERACE:1,%
NAME:Blood Weird
STAT:STR=10|DEX=10|CON=10|INT=10|WIS=10|CHA=10
SKILL:Bluff	RANK:10
SKILL:Intimidate	RANK:10
SKILL:Knowledge (Planes)	RANK:10
SKILL:Perception	RANK:10
SKILL:Sense Motive	RANK:10
SKILL:Stealth	RANK:6
SKILL:Survival	RANK:10
ABILITY:CATEGORY=FEAT|Alertness
ABILITY:CATEGORY=FEAT|Great Fortitude
ABILITY:CATEGORY=FEAT|Improved Initiative
ABILITY:CATEGORY=FEAT|Improved Natural Attack (bite)
ABILITY:CATEGORY=FEAT|Weapon Focus (bite)

STARTPACK:Blood Wight Default	TYPE:Default Monster.Undead	VISIBLE:QUALIFY	EQUIPBUY:0	PREMULT:1,[PRERACE:1,Blood Wight],[!PRERACE:1,%]
ALIGN:TN
RACE:Blood Wight	!PRERACE:1,%
NAME:Blood Wight
STAT:STR=10|DEX=10|INT=10|WIS=10|CHA=10
SKILL:Acrobatics	RANK:5
SKILL:Climb	RANK:12
SKILL:Escape Artist	RANK:12
SKILL:Perception	RANK:12
SKILL:Sense Motive	RANK:1
SKILL:Stealth	RANK:6
SKILL:Survival	RANK:7
ABILITY:CATEGORY=FEAT|Alertness
ABILITY:CATEGORY=FEAT|Death's Blessing
ABILITY:CATEGORY=FEAT|Improved Grapple
ABILITY:CATEGORY=FEAT|Improved Initiative
ABILITY:CATEGORY=FEAT|Power Attack
ABILITY:CATEGORY=FEAT|Weapon Focus (claws)

STARTPACK:Bloodsuckle Default	TYPE:Default Monster.Plant	VISIBLE:QUALIFY	EQUIPBUY:0	PREMULT:1,[PRERACE:1,Bloodsuckle],[!PRERACE:1,%]
ALIGN:TN
RACE:Bloodsuckle	!PRERACE:1,%
NAME:Bloodsuckle
STAT:STR=10|DEX=10|CON=10|INT=10|WIS=10|CHA=10
SKILL:Perception	RANK:8
ABILITY:CATEGORY=FEAT|Improved Initiative
ABILITY:CATEGORY=FEAT|Iron Will
ABILITY:CATEGORY=FEAT|Lightning Reflexes
ABILITY:CATEGORY=FEAT|Weapon Focus (tendril)

STARTPACK:Bloody Bones Default	TYPE:Default Monster.Undead	VISIBLE:QUALIFY	EQUIPBUY:0	PREMULT:1,[PRERACE:1,Bloody Bones],[!PRERACE:1,%]
ALIGN:CE
RACE:Bloody Bones	!PRERACE:1,%
NAME:Bloody Bones
STAT:STR=10|DEX=10|INT=10|WIS=10|CHA=10
SKILL:Climb	RANK:5
SKILL:Escape Artist	RANK:5
SKILL:Intimidate	RANK:5
SKILL:Perception	RANK:5
SKILL:Stealth	RANK:5
ABILITY:CATEGORY=FEAT|Great Fortitude
ABILITY:CATEGORY=FEAT|Toughness
ABILITY:CATEGORY=FEAT|Weapon Focus (tendril)

STARTPACK:Boalisk Default	TYPE:Default Monster.Magical Beast	VISIBLE:QUALIFY	EQUIPBUY:0	PREMULT:1,[PRERACE:1,Boalisk],[!PRERACE:1,%]
ALIGN:TN
RACE:Boalisk	!PRERACE:1,%
NAME:Boalisk
STAT:STR=10|DEX=10|CON=10|INT=10|WIS=10|CHA=10
SKILL:Acrobatics	RANK:1
SKILL:Climb	RANK:5
SKILL:Perception	RANK:4
SKILL:Stealth	RANK:4
SKILL:Swim	RANK:5
ABILITY:CATEGORY=FEAT|Improved Initiative
ABILITY:CATEGORY=FEAT|Skill Focus (Perception)
ABILITY:CATEGORY=FEAT|Toughness

STARTPACK:Bog Beast Default	TYPE:Default Monster.Monstrous Humanoid	VISIBLE:QUALIFY	EQUIPBUY:0	PREMULT:1,[PRERACE:1,Bog Beast],[!PRERACE:1,%]
ALIGN:TN
RACE:Bog Beast	!PRERACE:1,%
NAME:Bog Beast
STAT:STR=10|DEX=10|CON=10|INT=10|WIS=10|CHA=10
SKILL:Intimidate	RANK:5
SKILL:Perception	RANK:5
SKILL:Survival	RANK:1
ABILITY:CATEGORY=FEAT|Intimidating Prowess
ABILITY:CATEGORY=FEAT|Skill Focus (Perception)
ABILITY:CATEGORY=FEAT|Weapon Focus (claw)

STARTPACK:Bog Creeper Default	TYPE:Default Monster.Plant	VISIBLE:QUALIFY	EQUIPBUY:0	PREMULT:1,[PRERACE:1,Bog Creeper],[!PRERACE:1,%]
ALIGN:TN
RACE:Bog Creeper	!PRERACE:1,%
NAME:Bog Creeper
STAT:STR=10|DEX=10|CON=10|INT=10|WIS=10|CHA=10
SKILL:Perception	RANK:10
SKILL:Swim	RANK:5
ABILITY:CATEGORY=FEAT|Endurance
ABILITY:CATEGORY=FEAT|Diehard
ABILITY:CATEGORY=FEAT|Improved Initiative
ABILITY:CATEGORY=FEAT|Multiattack
ABILITY:CATEGORY=FEAT|Skill Focus (Perception)

STARTPACK:Bog Mummy Default	TYPE:Default Monster.Undead	VISIBLE:QUALIFY	EQUIPBUY:0	PREMULT:1,[PRERACE:1,Bog Mummy],[!PRERACE:1,%]
ALIGN:CE
RACE:Bog Mummy	!PRERACE:1,%
NAME:Bog Mummy
STAT:STR=10|DEX=10|INT=10|WIS=10|CHA=10
SKILL:Perception	RANK:8
SKILL:Stealth	RANK:8
ABILITY:CATEGORY=FEAT|Improved Initiative
ABILITY:CATEGORY=FEAT|Skill Focus (Perception)
ABILITY:CATEGORY=FEAT|Toughness
ABILITY:CATEGORY=FEAT|Weapon Focus (slam)

STARTPACK:Boggart Default	TYPE:Default Monster.Aberration	VISIBLE:QUALIFY	EQUIPBUY:0	PREMULT:1,[PRERACE:1,Boggart],[!PRERACE:1,%]
ALIGN:CE
RACE:Boggart	!PRERACE:1,%
NAME:Boggart
STAT:STR=10|DEX=10|CON=10|INT=10|WIS=10|CHA=10
SKILL:Acrobatics	RANK:6
SKILL:Bluff	RANK:3
SKILL:Escape Artist	RANK:6
SKILL:Fly	RANK:6
SKILL:Perception	RANK:6
SKILL:Stealth	RANK:6
ABILITY:CATEGORY=FEAT|Alertness
ABILITY:CATEGORY=FEAT|Blind-Fight
ABILITY:CATEGORY=FEAT|Dodge
ABILITY:CATEGORY=FEAT|Weapon Finesse

STARTPACK:Bone Cobbler Default	TYPE:Default Monster.Aberration	VISIBLE:QUALIFY	EQUIPBUY:0	PREMULT:1,[PRERACE:1,Bone Cobbler],[!PRERACE:1,%]
ALIGN:CE
RACE:Bone Cobbler	!PRERACE:1,%
NAME:Bone Cobbler
STAT:STR=10|DEX=10|CON=10|INT=10|WIS=10|CHA=10
SKILL:Climb	RANK:5
SKILL:Perception	RANK:5
SKILL:Stealth	RANK:5
SKILL:Survival	RANK:5
ABILITY:CATEGORY=FEAT|Dodge
ABILITY:CATEGORY=FEAT|Two-Weapon Fighting
ABILITY:CATEGORY=FEAT|Weapon Focus (light hammer)

STARTPACK:Bonesnapper Default	TYPE:Default Monster.Magical Beast	VISIBLE:QUALIFY	EQUIPBUY:0	PREMULT:1,[PRERACE:1,Bonesnapper],[!PRERACE:1,%]
ALIGN:TN
RACE:Bonesnapper	!PRERACE:1,%
NAME:Bonesnapper
STAT:STR=10|DEX=10|CON=10|INT=10|WIS=10|CHA=10
SKILL:Perception	RANK:4
SKILL:Stealth	RANK:2
ABILITY:CATEGORY=FEAT|Mulitattack
ABILITY:CATEGORY=FEAT|Weapon Focus (bite)

STARTPACK:Bonesucker Default	TYPE:Default Monster.Aberration	VISIBLE:QUALIFY	EQUIPBUY:0	PREMULT:1,[PRERACE:1,Bonesucker],[!PRERACE:1,%]
ALIGN:NE
RACE:Bonesucker	!PRERACE:1,%
NAME:Bonesucker
STAT:STR=10|DEX=10|CON=10|INT=10|WIS=10|CHA=10
SKILL:Climb	RANK:8
SKILL:Perception	RANK:8
SKILL:Stealth	RANK:4
SKILL:Swim	RANK:8
ABILITY:CATEGORY=FEAT|Dodge
ABILITY:CATEGORY=FEAT|Improved Initiative
ABILITY:CATEGORY=FEAT|Lightning Reflexes
ABILITY:CATEGORY=FEAT|Skill Focus (Perception)

STARTPACK:Brass Man Default	TYPE:Default Monster.Construct	VISIBLE:QUALIFY	EQUIPBUY:0	PREMULT:1,[PRERACE:1,Brass Man],[!PRERACE:1,%]
ALIGN:TN
RACE:Brass Man	!PRERACE:1,%
NAME:Brass Man
STAT:STR=10|DEX=10|WIS=10|CHA=10

STARTPACK:Brine Zombie Default	TYPE:Default Monster.Undead	VISIBLE:QUALIFY	EQUIPBUY:0	PREMULT:1,[PRERACE:1,Brine Zombie],[!PRERACE:1,%]
ALIGN:NE
RACE:Brine Zombie	!PRERACE:1,%
NAME:Brine Zombie
STAT:STR=10|DEX=10|WIS=10|CHA=10
SKILL:Swim	RANK:4
ABILITY:CATEGORY=FEAT|Toughness

STARTPACK:Brontotherium Default	TYPE:Default Monster.Animal	VISIBLE:QUALIFY	EQUIPBUY:0	PREMULT:1,[PRERACE:1,Brontotherium],[!PRERACE:1,%]
ALIGN:TN
RACE:Brontotherium	!PRERACE:1,%
NAME:Brontotherium
STAT:STR=10|DEX=10|CON=10|INT=10|WIS=10|CHA=10
SKILL:Perception	RANK:11
SKILL:Swim	RANK:1
ABILITY:CATEGORY=FEAT|Endurance
ABILITY:CATEGORY=FEAT|Great Fortitude
ABILITY:CATEGORY=FEAT|Iron Will
ABILITY:CATEGORY=FEAT|Power Attack
ABILITY:CATEGORY=FEAT|Skill Focus (Perception)
ABILITY:CATEGORY=FEAT|Toughness

STARTPACK:Bronze Giant Default	TYPE:Default Monster.Humanoid	VISIBLE:QUALIFY	EQUIPBUY:0	PREMULT:1,[PRERACE:1,Bronze Giant],[!PRERACE:1,%]
ALIGN:TN
RACE:Bronze Giant	!PRERACE:1,%
NAME:Bronze Giant
STAT:STR=10|DEX=10|CON=10|INT=10|WIS=10|CHA=10
SKILL:Climb	RANK:1
SKILL:Craft (blacksmithing)	RANK:5
SKILL:Intimidate	RANK:14
SKILL:Perception	RANK:16
ABILITY:CATEGORY=FEAT|Alertness
ABILITY:CATEGORY=FEAT|Awesome Blow
ABILITY:CATEGORY=FEAT|Cleave
ABILITY:CATEGORY=FEAT|Improved Bull Rush
ABILITY:CATEGORY=FEAT|Iron Will
ABILITY:CATEGORY=FEAT|Lightning Reflexes
ABILITY:CATEGORY=FEAT|Martial Weapon Proficiency (longsword)
ABILITY:CATEGORY=FEAT|Power Attack

STARTPACK:Brown Pudding Default	TYPE:Default Monster.Ooze	VISIBLE:QUALIFY	EQUIPBUY:0	PREMULT:1,[PRERACE:1,Brown Pudding],[!PRERACE:1,%]
ALIGN:TN
RACE:Brown Pudding	!PRERACE:1,%
NAME:Brown Pudding
STAT:STR=10|DEX=10|CON=10|WIS=10|CHA=10
SKILL:Climb	RANK:5

STARTPACK:Brume Default	TYPE:Default Monster.Aberration	VISIBLE:QUALIFY	EQUIPBUY:0	PREMULT:1,[PRERACE:1,Brume],[!PRERACE:1,%]
ALIGN:NE
RACE:Brume	!PRERACE:1,%
NAME:Brume
STAT:STR=10|DEX=10|CON=10|INT=10|WIS=10|CHA=10
SKILL:Bluff	RANK:10
SKILL:Diplomacy	RANK:6
SKILL:Disguise	RANK:7
SKILL:Fly	RANK:7
SKILL:Intimidate	RANK:11
SKILL:Perception	RANK:13
SKILL:Sense Motive	RANK:1
SKILL:Survival	RANK:13
ABILITY:CATEGORY=FEAT|Alertness
ABILITY:CATEGORY=FEAT|Improved Initiative
ABILITY:CATEGORY=FEAT|Power Attack
ABILITY:CATEGORY=FEAT|Skill Focus (survival)
ABILITY:CATEGORY=FEAT|Vital Strike
ABILITY:CATEGORY=FEAT|Weapon Finesse
ABILITY:CATEGORY=FEAT|Weapon Focus (claws)

STARTPACK:Brykolakas Default	TYPE:Default Monster.Undead	VISIBLE:QUALIFY	EQUIPBUY:0	PREMULT:1,[PRERACE:1,Brykolakas],[!PRERACE:1,%]
ALIGN:CE
RACE:Brykolakas	!PRERACE:1,%
NAME:Brykolakas
STAT:STR=10|DEX=10|INT=10|WIS=10|CHA=10
SKILL:Intimidate	RANK:9
SKILL:Knowledge (Nature)	RANK:6
SKILL:Perception	RANK:9
SKILL:Stealth	RANK:9
SKILL:Swim	RANK:5
ABILITY:CATEGORY=FEAT|Blind-Fight
ABILITY:CATEGORY=FEAT|Great Fortitude
ABILITY:CATEGORY=FEAT|Power Attack
ABILITY:CATEGORY=FEAT|Toughness
ABILITY:CATEGORY=FEAT|Weapon Focus (claw)

STARTPACK:Buckawn Default	TYPE:Default Monster.Fey	VISIBLE:QUALIFY	EQUIPBUY:0	PREMULT:1,[PRERACE:1,Buckawn],[!PRERACE:1,%]
ALIGN:TN
RACE:Buckawn	!PRERACE:1,%
NAME:Buckawn
STAT:STR=10|DEX=10|CON=10|INT=10|WIS=10|CHA=10
SKILL:Bluff	RANK:3
SKILL:Craft (alchemy)	RANK:3
SKILL:Escape Artist	RANK:3
SKILL:Knowledge (Nature)	RANK:3
SKILL:Perception	RANK:3
SKILL:Sense Motive	RANK:3
SKILL:Stealth	RANK:3
ABILITY:CATEGORY=FEAT|Dodge
ABILITY:CATEGORY=FEAT|Weapon Finesse

STARTPACK:Burning Dervish Default	TYPE:Default Monster.Outsider	VISIBLE:QUALIFY	EQUIPBUY:0	PREMULT:1,[PRERACE:1,Burning Dervish],[!PRERACE:1,%]
ALIGN:LE
RACE:Burning Dervish	!PRERACE:1,%
NAME:Burning Dervish
STAT:STR=10|DEX=10|CON=10|INT=10|WIS=10|CHA=10
SKILL:Bluff	RANK:8
SKILL:Escape Artist	RANK:7
SKILL:Knowledge (Planes)	RANK:9
SKILL:Perception	RANK:9
SKILL:Search	RANK:5
SKILL:Sense Motive	RANK:8
SKILL:Stealth	RANK:8
SKILL:Survival	RANK:9
ABILITY:CATEGORY=FEAT|Combat Expertise
ABILITY:CATEGORY=FEAT|Dodge
ABILITY:CATEGORY=FEAT|Mobility
ABILITY:CATEGORY=FEAT|Spring Attack
ABILITY:CATEGORY=FEAT|Whirlwind Attack

STARTPACK:Caasimolar Default	TYPE:Default Monster.Outsider	VISIBLE:QUALIFY	EQUIPBUY:0	PREMULT:1,[PRERACE:1,Caasimolar],[!PRERACE:1,%]
ALIGN:LE
RACE:Caasimolar	!PRERACE:1,%
NAME:Caasimolar
STAT:STR=10|DEX=10|CON=10|INT=10|WIS=10|CHA=10
SKILL:Acrobatics	RANK:24
SKILL:Bluff	RANK:27
SKILL:Diplomacy	RANK:27
SKILL:Disguise	RANK:27
SKILL:Intimidate	RANK:27
SKILL:Knowledge (Arcana)	RANK:24
SKILL:Knowledge (History)	RANK:27
SKILL:Knowledge (Local)	RANK:24
SKILL:Knowledge (Planes)	RANK:27
SKILL:Knowledge (Religion)	RANK:24
SKILL:Perception	RANK:27
SKILL:Sense Motive	RANK:27
SKILL:Spellcraft	RANK:24
SKILL:Stealth	RANK:27
SKILL:Survival	RANK:24
ABILITY:CATEGORY=FEAT|Alertness
ABILITY:CATEGORY=FEAT|Combat Reflexes
ABILITY:CATEGORY=FEAT|Combat Casting
ABILITY:CATEGORY=FEAT|Craft Wondrous Item
ABILITY:CATEGORY=FEAT|Critical Focus
ABILITY:CATEGORY=FEAT|Deceitful
ABILITY:CATEGORY=FEAT|Great Fortitude
ABILITY:CATEGORY=FEAT|Improved Initiative
ABILITY:CATEGORY=FEAT|Iron Will
ABILITY:CATEGORY=FEAT|Lightning Reflexes
ABILITY:CATEGORY=FEAT|Power Attack
ABILITY:CATEGORY=FEAT|Quicken Spell-Like Ability (cone of cold)
ABILITY:CATEGORY=FEAT|Scribe Scroll
ABILITY:CATEGORY=FEAT|Weapon Focus (quarterstaff)

STARTPACK:Cadaver Default	TYPE:Default Monster.Undead	VISIBLE:QUALIFY	EQUIPBUY:0	PREMULT:1,[PRERACE:1,Cadaver],[!PRERACE:1,%]
ALIGN:CE
RACE:Cadaver	!PRERACE:1,%
NAME:Cadaver
STAT:STR=10|DEX=10|WIS=10|CHA=10
ABILITY:CATEGORY=FEAT|Improved Initiative

STARTPACK:Caizel Default	TYPE:Default Monster.Outsider	VISIBLE:QUALIFY	EQUIPBUY:0	PREMULT:1,[PRERACE:1,Caizel],[!PRERACE:1,%]
ALIGN:CE
RACE:Caizel	!PRERACE:1,%
NAME:Caizel
STAT:STR=10|DEX=10|CON=10|INT=10|WIS=10|CHA=10
SKILL:Bluff	RANK:18
SKILL:Diplomacy	RANK:18
SKILL:Disguise	RANK:18
SKILL:Escape Artist	RANK:18
SKILL:Fly	RANK:18
SKILL:Intimidate	RANK:15
SKILL:Knowledge (Planes)	RANK:18
SKILL:Perception	RANK:18
SKILL:Perform (acting)	RANK:15
SKILL:Perform (dancing)	RANK:18
SKILL:Sense Motive	RANK:18
SKILL:Stealth	RANK:18
SKILL:Survival	RANK:15
ABILITY:CATEGORY=FEAT|Alertness
ABILITY:CATEGORY=FEAT|Blind-Fight
ABILITY:CATEGORY=FEAT|Combat Reflexes
ABILITY:CATEGORY=FEAT|Deceitful
ABILITY:CATEGORY=FEAT|Flyby Attack
ABILITY:CATEGORY=FEAT|Iron Will
ABILITY:CATEGORY=FEAT|Lightning Reflexes
ABILITY:CATEGORY=FEAT|Weapon Focus (claw)
ABILITY:CATEGORY=FEAT|Weapon Focus (dagger)

STARTPACK:Carrion Moth Default	TYPE:Default Monster.Aberration	VISIBLE:QUALIFY	EQUIPBUY:0	PREMULT:1,[PRERACE:1,Carrion Moth],[!PRERACE:1,%]
ALIGN:TN
RACE:Carrion Moth	!PRERACE:1,%
NAME:Carrion Moth
STAT:STR=10|DEX=10|CON=10|INT=10|WIS=10|CHA=10
SKILL:Climb	RANK:5
SKILL:Fly	RANK:1
SKILL:Perception	RANK:6
SKILL:Stealth	RANK:1
ABILITY:CATEGORY=FEAT|Combat Reflexes
ABILITY:CATEGORY=FEAT|Skill Focus (Perception)
ABILITY:CATEGORY=FEAT|Weapon Finesse

STARTPACK:Caterprism Default	TYPE:Default Monster.Outsider	VISIBLE:QUALIFY	EQUIPBUY:0	PREMULT:1,[PRERACE:1,Caterprism],[!PRERACE:1,%]
ALIGN:TN
RACE:Caterprism	!PRERACE:1,%
NAME:Caterprism
STAT:STR=10|DEX=10|CON=10|INT=10|WIS=10|CHA=10
SKILL:Climb	RANK:4
SKILL:Perception	RANK:4
SKILL:Stealth	RANK:2
SKILL:Survival	RANK:4
ABILITY:CATEGORY=FEAT|Iron Will
ABILITY:CATEGORY=FEAT|Power Attack
ABILITY:CATEGORY=FEAT|Weapon Focus (bite)

STARTPACK:Caterwaul Default	TYPE:Default Monster.Magical Beast	VISIBLE:QUALIFY	EQUIPBUY:0	PREMULT:1,[PRERACE:1,Caterwaul],[!PRERACE:1,%]
ALIGN:CE
RACE:Caterwaul	!PRERACE:1,%
NAME:Caterwaul
STAT:STR=10|DEX=10|CON=10|INT=10|WIS=10|CHA=10
SKILL:Acrobatics	RANK:1
SKILL:Climb	RANK:5
SKILL:Escape Artist	RANK:1
SKILL:Perception	RANK:5
SKILL:Stealth	RANK:5
ABILITY:CATEGORY=FEAT|Skill Focus (Perception)
ABILITY:CATEGORY=FEAT|Weapon Focus (bite
ABILITY:CATEGORY=FEAT|claws)

STARTPACK:Cave Cricket Default	TYPE:Default Monster.Vermin	VISIBLE:QUALIFY	EQUIPBUY:0	PREMULT:1,[PRERACE:1,Cave Cricket],[!PRERACE:1,%]
ALIGN:TN
RACE:Cave Cricket	!PRERACE:1,%
NAME:Cave Cricket
STAT:STR=10|DEX=10|CON=10|WIS=10|CHA=10
SKILL:Acrobatics	RANK:1
SKILL:Perception	RANK:1

STARTPACK:Cave Leech Default	TYPE:Default Monster.Magical Beast	VISIBLE:QUALIFY	EQUIPBUY:0	PREMULT:1,[PRERACE:1,Cave Leech],[!PRERACE:1,%]
ALIGN:TN
RACE:Cave Leech	!PRERACE:1,%
NAME:Cave Leech
STAT:STR=10|DEX=10|CON=10|INT=10|WIS=10|CHA=10
SKILL:Perception	RANK:3
SKILL:Stealth	RANK:7
SKILL:Swim	RANK:8
ABILITY:CATEGORY=FEAT|Improved Initiative
ABILITY:CATEGORY=FEAT|Skill Focus (Stealth)
ABILITY:CATEGORY=FEAT|Toughness
ABILITY:CATEGORY=FEAT|Weapon Focus (tentacle)

STARTPACK:Cave Lion Default	TYPE:Default Monster.Animal	VISIBLE:QUALIFY	EQUIPBUY:0	PREMULT:1,[PRERACE:1,Cave Lion],[!PRERACE:1,%]
ALIGN:TN
RACE:Cave Lion	!PRERACE:1,%
NAME:Cave Lion
STAT:STR=10|DEX=10|CON=10|INT=10|WIS=10|CHA=10
SKILL:Acrobatics	RANK:3
SKILL:Perception	RANK:7
SKILL:Stealth	RANK:2
ABILITY:CATEGORY=FEAT|Improved Critical (bite)
ABILITY:CATEGORY=FEAT|Power Attack
ABILITY:CATEGORY=FEAT|Skill Focus (Perception)
ABILITY:CATEGORY=FEAT|Weapon Focus (claw)

STARTPACK:Cave Moray Default	TYPE:Default Monster.Magical Beast	VISIBLE:QUALIFY	EQUIPBUY:0	PREMULT:1,[PRERACE:1,Cave Moray],[!PRERACE:1,%]
ALIGN:TN
RACE:Cave Moray	!PRERACE:1,%
NAME:Cave Moray
STAT:STR=10|DEX=10|CON=10|INT=10|WIS=10|CHA=10
SKILL:Perception	RANK:3
SKILL:Stealth	RANK:3
ABILITY:CATEGORY=FEAT|Skill Focus (Perception
ABILITY:CATEGORY=FEAT|Stealth)

STARTPACK:Cave Troll Default	TYPE:Default Monster.Humanoid	VISIBLE:QUALIFY	EQUIPBUY:0	PREMULT:1,[PRERACE:1,Cave Troll],[!PRERACE:1,%]
ALIGN:CE
RACE:Cave Troll	!PRERACE:1,%
NAME:Cave Troll
STAT:STR=10|DEX=10|CON=10|INT=10|WIS=10|CHA=10
SKILL:Climb	RANK:5
SKILL:Perception	RANK:5
ABILITY:CATEGORY=FEAT|Lightning Reflexes
ABILITY:CATEGORY=FEAT|Skill Focus (Perception)
ABILITY:CATEGORY=FEAT|Toughness

STARTPACK:Cavern Lizard Default	TYPE:Default Monster.Magical Beast	VISIBLE:QUALIFY	EQUIPBUY:0	PREMULT:1,[PRERACE:1,Cavern Lizard],[!PRERACE:1,%]
ALIGN:TN
RACE:Cavern Lizard	!PRERACE:1,%
NAME:Cavern Lizard
STAT:STR=10|DEX=10|CON=10|INT=10|WIS=10|CHA=10
SKILL:Climb	RANK:5
SKILL:Perception	RANK:5
SKILL:Stealth	RANK:5
ABILITY:CATEGORY=FEAT|Iron Will
ABILITY:CATEGORY=FEAT|Skill Focus (Perception)
ABILITY:CATEGORY=FEAT|Weapon Focus (bite)

STARTPACK:Cerberus Default	TYPE:Default Monster.Magical Beast	VISIBLE:QUALIFY	EQUIPBUY:0	PREMULT:1,[PRERACE:1,Cerberus],[!PRERACE:1,%]
ALIGN:NE
RACE:Cerberus	!PRERACE:1,%
NAME:Cerberus
STAT:STR=10|DEX=10|CON=10|INT=10|WIS=10|CHA=10
SKILL:Acrobatics	RANK:30
SKILL:Climb	RANK:30
SKILL:Intimidate	RANK:30
SKILL:Knowledge (Planes)	RANK:27
SKILL:Knowledge (Religion)	RANK:27
SKILL:Perception	RANK:30
SKILL:Sense Motive	RANK:30
SKILL:Stealth	RANK:22
SKILL:Survival	RANK:27
ABILITY:CATEGORY=FEAT|Alertness
ABILITY:CATEGORY=FEAT|Blind-Fight
ABILITY:CATEGORY=FEAT|Cleave
ABILITY:CATEGORY=FEAT|Critical Focus
ABILITY:CATEGORY=FEAT|Dodge
ABILITY:CATEGORY=FEAT|Great Cleave
ABILITY:CATEGORY=FEAT|Improved Critical (bite)
ABILITY:CATEGORY=FEAT|Improved Initiative
ABILITY:CATEGORY=FEAT|Intimidating Prowess
ABILITY:CATEGORY=FEAT|Iron Will
ABILITY:CATEGORY=FEAT|Mobility
ABILITY:CATEGORY=FEAT|Power Attack
ABILITY:CATEGORY=FEAT|Spring Attack
ABILITY:CATEGORY=FEAT|Vital Strike
ABILITY:CATEGORY=FEAT|Weapon Focus (bite)

STARTPACK:Cerebral Stalker Default	TYPE:Default Monster.Aberration	VISIBLE:QUALIFY	EQUIPBUY:0	PREMULT:1,[PRERACE:1,Cerebral Stalker],[!PRERACE:1,%]
ALIGN:CE
RACE:Cerebral Stalker	!PRERACE:1,%
NAME:Cerebral Stalker
STAT:STR=10|DEX=10|CON=10|INT=10|WIS=10|CHA=10
SKILL:Escape Artist	RANK:9
SKILL:Perception	RANK:9
SKILL:Stealth	RANK:9
SKILL:Survival	RANK:9
ABILITY:CATEGORY=FEAT|Great Fortitude
ABILITY:CATEGORY=FEAT|Improved Initiative
ABILITY:CATEGORY=FEAT|Skill Focus (Perception)
ABILITY:CATEGORY=FEAT|Stealthy
ABILITY:CATEGORY=FEAT|Weapon Focus (claw)

STARTPACK:Chaaor Demon Default	TYPE:Default Monster.Outsider	VISIBLE:QUALIFY	EQUIPBUY:0	PREMULT:1,[PRERACE:1,Chaaor Demon],[!PRERACE:1,%]
ALIGN:CE
RACE:Chaaor Demon	!PRERACE:1,%
NAME:Chaaor Demon
STAT:STR=10|DEX=10|CON=10|INT=10|WIS=10|CHA=10
SKILL:Climb	RANK:11
SKILL:Intimidate	RANK:11
SKILL:Perception	RANK:11
SKILL:Sense Motive	RANK:11
SKILL:Stealth	RANK:7
ABILITY:CATEGORY=FEAT|Awesome Blow
ABILITY:CATEGORY=FEAT|Blind-Fight
ABILITY:CATEGORY=FEAT|Cleave
ABILITY:CATEGORY=FEAT|Great Cleave
ABILITY:CATEGORY=FEAT|Great Fortitude
ABILITY:CATEGORY=FEAT|Power Attack

STARTPACK:Chain Worm Default	TYPE:Default Monster.Vermin	VISIBLE:QUALIFY	EQUIPBUY:0	PREMULT:1,[PRERACE:1,Chain Worm],[!PRERACE:1,%]
ALIGN:TN
RACE:Chain Worm	!PRERACE:1,%
NAME:Chain Worm
STAT:STR=10|DEX=10|CON=10|WIS=10|CHA=10
SKILL:Climb	RANK:5
ABILITY:CATEGORY=FEAT|Toughness

STARTPACK:Chalkydri Default	TYPE:Default Monster.Outsider	VISIBLE:QUALIFY	EQUIPBUY:0	PREMULT:1,[PRERACE:1,Chalkydri],[!PRERACE:1,%]
ALIGN:NG
RACE:Chalkydri	!PRERACE:1,%
NAME:Chalkydri
STAT:STR=10|DEX=10|CON=10|INT=10|WIS=10|CHA=10
SKILL:Diplomacy	RANK:12
SKILL:Fly	RANK:12
SKILL:Heal	RANK:12
SKILL:Intimidate	RANK:9
SKILL:Knowledge (Planes)	RANK:12
SKILL:Knowledge (Religion)	RANK:9
SKILL:Perception	RANK:12
SKILL:Sense Motive	RANK:12
SKILL:Stealth	RANK:12
SKILL:Survival	RANK:12
ABILITY:CATEGORY=FEAT|Blind-Fight
ABILITY:CATEGORY=FEAT|Cleave
ABILITY:CATEGORY=FEAT|Improved Initiative
ABILITY:CATEGORY=FEAT|Power Attack
ABILITY:CATEGORY=FEAT|Weapon Focus (longsword)
ABILITY:CATEGORY=FEAT|Iron Will

STARTPACK:Charon Default	TYPE:Default Monster.Outsider	VISIBLE:QUALIFY	EQUIPBUY:0	PREMULT:1,[PRERACE:1,Charon],[!PRERACE:1,%]
ALIGN:NE
RACE:Charon	!PRERACE:1,%
NAME:Charon
STAT:STR=10|DEX=10|CON=10|INT=10|WIS=10|CHA=10
SKILL:Appraise	RANK:29
SKILL:Bluff	RANK:32
SKILL:Diplomacy	RANK:32
SKILL:Escape Artist	RANK:29
SKILL:Intimidate	RANK:32
SKILL:Knowledge (Arcana)	RANK:29
SKILL:Knowledge (History)	RANK:29
SKILL:Knowledge (Local)	RANK:32
SKILL:Knowledge (Planes)	RANK:32
SKILL:Perception	RANK:32
SKILL:Sense Motive	RANK:32
SKILL:Spellcraft	RANK:32
SKILL:Stealth	RANK:32
SKILL:Survival	RANK:32
ABILITY:CATEGORY=FEAT|Alertness
ABILITY:CATEGORY=FEAT|Blind-Fight
ABILITY:CATEGORY=FEAT|Combat Reflexes
ABILITY:CATEGORY=FEAT|Combat Expertise
ABILITY:CATEGORY=FEAT|Great Fortitude
ABILITY:CATEGORY=FEAT|Improved Critical (quarterstaff)
ABILITY:CATEGORY=FEAT|Improved Initiative
ABILITY:CATEGORY=FEAT|Improved Sunder
ABILITY:CATEGORY=FEAT|Iron Will
ABILITY:CATEGORY=FEAT|Lightning Reflexes
ABILITY:CATEGORY=FEAT|Persuasive
ABILITY:CATEGORY=FEAT|Power Attack
ABILITY:CATEGORY=FEAT|Quicken Spell-Like Ability (suggestion)
ABILITY:CATEGORY=FEAT|Skill Focus (Bluff)
ABILITY:CATEGORY=FEAT|Skill Focus (Diplomacy)
ABILITY:CATEGORY=FEAT|Weapon Focus (quarterstaff)

STARTPACK:Charonodaemon Default	TYPE:Default Monster.Outsider	VISIBLE:QUALIFY	EQUIPBUY:0	PREMULT:1,[PRERACE:1,Charonodaemon],[!PRERACE:1,%]
ALIGN:NE
RACE:Charonodaemon	!PRERACE:1,%
NAME:Charonodaemon
STAT:STR=10|DEX=10|CON=10|INT=10|WIS=10|CHA=10
SKILL:Bluff	RANK:10
SKILL:Diplomacy	RANK:10
SKILL:Intimidate	RANK:10
SKILL:Knowledge (Planes)	RANK:10
SKILL:Perception	RANK:10
SKILL:Sense Motive	RANK:10
SKILL:Stealth	RANK:10
SKILL:Survival	RANK:10
ABILITY:CATEGORY=FEAT|Improved Initiative
ABILITY:CATEGORY=FEAT|Improved Sunder
ABILITY:CATEGORY=FEAT|Lightning Reflexes
ABILITY:CATEGORY=FEAT|Persuasive
ABILITY:CATEGORY=FEAT|Power Attack

STARTPACK:Cherum Default	TYPE:Default Monster.Aberration	VISIBLE:QUALIFY	EQUIPBUY:0	PREMULT:1,[PRERACE:1,Cherum],[!PRERACE:1,%]
ALIGN:NE
RACE:Cherum	!PRERACE:1,%
NAME:Cherum
STAT:STR=10|DEX=10|CON=10|INT=10|WIS=10|CHA=10
SKILL:Bluff	RANK:16
SKILL:Climb	RANK:36
SKILL:Intimidate	RANK:36
SKILL:Knowledge (Religion)	RANK:18
SKILL:Perception	RANK:36
SKILL:Sense Motive	RANK:19
SKILL:Survival	RANK:18
ABILITY:CATEGORY=FEAT|Alertness
ABILITY:CATEGORY=FEAT|Awesome Blow
ABILITY:CATEGORY=FEAT|Cleave
ABILITY:CATEGORY=FEAT|Diehard
ABILITY:CATEGORY=FEAT|Dodge
ABILITY:CATEGORY=FEAT|Endurance
ABILITY:CATEGORY=FEAT|Great Cleave
ABILITY:CATEGORY=FEAT|Greater Bull Rush
ABILITY:CATEGORY=FEAT|Improved Bull Rush
ABILITY:CATEGORY=FEAT|Improved Critical (bite
ABILITY:CATEGORY=FEAT|claw)
ABILITY:CATEGORY=FEAT|Improved Initiative
ABILITY:CATEGORY=FEAT|Improved Lightning Reflexes
ABILITY:CATEGORY=FEAT|Intimidating Prowess
ABILITY:CATEGORY=FEAT|Iron Will
ABILITY:CATEGORY=FEAT|Lightning Reflexes
ABILITY:CATEGORY=FEAT|Power Attack
ABILITY:CATEGORY=FEAT|Vital Strike

STARTPACK:Choronzon Demon Default	TYPE:Default Monster.Outsider	VISIBLE:QUALIFY	EQUIPBUY:0	PREMULT:1,[PRERACE:1,Choronzon Demon],[!PRERACE:1,%]
ALIGN:CE
RACE:Choronzon Demon	!PRERACE:1,%
NAME:Choronzon Demon
STAT:STR=10|DEX=10|CON=10|INT=10|WIS=10|CHA=10
SKILL:Bluff	RANK:20
SKILL:Climb	RANK:20
SKILL:Escape Artist	RANK:20
SKILL:Intimidate	RANK:20
SKILL:Perception	RANK:20
SKILL:Sense Motive	RANK:20
SKILL:Survival	RANK:17
ABILITY:CATEGORY=FEAT|Awesome Blow
ABILITY:CATEGORY=FEAT|Cleave
ABILITY:CATEGORY=FEAT|Great Fortitude
ABILITY:CATEGORY=FEAT|Improved Bull Rush
ABILITY:CATEGORY=FEAT|Improved Critical (bite)
ABILITY:CATEGORY=FEAT|Improved Initiative
ABILITY:CATEGORY=FEAT|Iron Will
ABILITY:CATEGORY=FEAT|Power Attack
ABILITY:CATEGORY=FEAT|Skill Focus (Perception)
ABILITY:CATEGORY=FEAT|Weapon Focus (bite)

STARTPACK:Chrystone Default	TYPE:Default Monster.Construct	VISIBLE:QUALIFY	EQUIPBUY:0	PREMULT:1,[PRERACE:1,Chrystone],[!PRERACE:1,%]
ALIGN:TN
RACE:Chrystone	!PRERACE:1,%
NAME:Chrystone
STAT:STR=10|DEX=10|INT=10|WIS=10|CHA=10
SKILL:Perception	RANK:1
ABILITY:CATEGORY=FEAT|Iron Will
ABILITY:CATEGORY=FEAT|Power Attack

STARTPACK:Church Grim Default	TYPE:Default Monster.Magical Beast	VISIBLE:QUALIFY	EQUIPBUY:0	PREMULT:1,[PRERACE:1,Church Grim],[!PRERACE:1,%]
ALIGN:LG
RACE:Church Grim	!PRERACE:1,%
NAME:Church Grim
STAT:DEX=10|CON=10|INT=10|WIS=10|CHA=10
SKILL:Fly	RANK:5
SKILL:Knowledge (Religion)	RANK:1
SKILL:Perception	RANK:5
SKILL:Sense Motive	RANK:4
ABILITY:CATEGORY=FEAT|Ability Focus (howl)
ABILITY:CATEGORY=FEAT|Alertness
ABILITY:CATEGORY=FEAT|Iron Will

STARTPACK:Churr Default	TYPE:Default Monster.Monstrous Humanoid	VISIBLE:QUALIFY	EQUIPBUY:0	PREMULT:1,[PRERACE:1,Churr],[!PRERACE:1,%]
ALIGN:NE
RACE:Churr	!PRERACE:1,%
NAME:Churr
STAT:STR=10|DEX=10|CON=10|INT=10|WIS=10|CHA=10
SKILL:Climb	RANK:5
SKILL:Intimidate	RANK:4
SKILL:Perception	RANK:6
SKILL:Survival	RANK:4
ABILITY:CATEGORY=FEAT|Iron Will
ABILITY:CATEGORY=FEAT|Power Attack
ABILITY:CATEGORY=FEAT|Skill Focus (Perception)

STARTPACK:Cinder Ghoul Default	TYPE:Default Monster.Undead	VISIBLE:QUALIFY	EQUIPBUY:0	PREMULT:1,[PRERACE:1,Cinder Ghoul],[!PRERACE:1,%]
ALIGN:CE
RACE:Cinder Ghoul	!PRERACE:1,%
NAME:Cinder Ghoul
STAT:STR=10|DEX=10|INT=10|WIS=10|CHA=10
SKILL:Fly	RANK:8
SKILL:Perception	RANK:4
ABILITY:CATEGORY=FEAT|Dodge
ABILITY:CATEGORY=FEAT|Improved Initiative
ABILITY:CATEGORY=FEAT|Lightning Reflexes
ABILITY:CATEGORY=FEAT|Weapon Finesse

STARTPACK:Clamor Default	TYPE:Default Monster.Aberration	VISIBLE:QUALIFY	EQUIPBUY:0	PREMULT:1,[PRERACE:1,Clamor],[!PRERACE:1,%]
ALIGN:TN
RACE:Clamor	!PRERACE:1,%
NAME:Clamor
STAT:DEX=10|CON=10|INT=10|WIS=10|CHA=10
SKILL:Acrobatics	RANK:1
SKILL:Fly	RANK:4
SKILL:Perception	RANK:1
ABILITY:CATEGORY=FEAT|Improved Initiative
ABILITY:CATEGORY=FEAT|Lightning Reflexes

STARTPACK:Clockwork Brain Gear Default	TYPE:Default Monster.Construct	VISIBLE:QUALIFY	EQUIPBUY:0	PREMULT:1,[PRERACE:1,Clockwork Brain Gear],[!PRERACE:1,%]
ALIGN:NE
RACE:Clockwork Brain Gear	!PRERACE:1,%
NAME:Clockwork Brain Gear
STAT:STR=10|INT=10|WIS=10|CHA=10
SKILL:Craft (metalworking)	RANK:2
SKILL:Diplomacy	RANK:2
SKILL:Knowledge (Arcana)	RANK:2
SKILL:Knowledge (Engineering)	RANK:2
SKILL:Perception	RANK:2
SKILL:Sense Motive	RANK:2
SKILL:Spellcraft	RANK:2
ABILITY:CATEGORY=FEAT|Great Fortitude
ABILITY:CATEGORY=FEAT|Iron Will
ABILITY:CATEGORY=FEAT|Toughness

STARTPACK:Clockwork Drone Default	TYPE:Default Monster.Construct	VISIBLE:QUALIFY	EQUIPBUY:0	PREMULT:1,[PRERACE:1,Clockwork Drone],[!PRERACE:1,%]
ALIGN:TN
RACE:Clockwork Drone	!PRERACE:1,%
NAME:Clockwork Drone
STAT:STR=10|DEX=10|WIS=10|CHA=10
SKILL:Fly	RANK:1

STARTPACK:Clockwork Overseer Default	TYPE:Default Monster.Construct	VISIBLE:QUALIFY	EQUIPBUY:0	PREMULT:1,[PRERACE:1,Clockwork Overseer],[!PRERACE:1,%]
ALIGN:TN
RACE:Clockwork Overseer	!PRERACE:1,%
NAME:Clockwork Overseer
STAT:STR=10|DEX=10|WIS=10|CHA=10

STARTPACK:Clockwork Parasite Default	TYPE:Default Monster.Construct	VISIBLE:QUALIFY	EQUIPBUY:0	PREMULT:1,[PRERACE:1,Clockwork Parasite],[!PRERACE:1,%]
ALIGN:TN
RACE:Clockwork Parasite	!PRERACE:1,%
NAME:Clockwork Parasite
STAT:STR=10|DEX=10|WIS=10|CHA=10

STARTPACK:Clockwork Scout Default	TYPE:Default Monster.Construct	VISIBLE:QUALIFY	EQUIPBUY:0	PREMULT:1,[PRERACE:1,Clockwork Scout],[!PRERACE:1,%]
ALIGN:TN
RACE:Clockwork Scout	!PRERACE:1,%
NAME:Clockwork Scout
STAT:STR=10|DEX=10|WIS=10|CHA=10
SKILL:Perception	RANK:1

STARTPACK:Clockwork Swarm Default	TYPE:Default Monster.Construct	VISIBLE:QUALIFY	EQUIPBUY:0	PREMULT:1,[PRERACE:1,Clockwork Swarm],[!PRERACE:1,%]
ALIGN:TN
RACE:Clockwork Swarm	!PRERACE:1,%
NAME:Clockwork Swarm
STAT:STR=10|DEX=10|WIS=10|CHA=10
SKILL:Stealth	RANK:1

STARTPACK:Clockwork Titan Default	TYPE:Default Monster.Construct	VISIBLE:QUALIFY	EQUIPBUY:0	PREMULT:1,[PRERACE:1,Clockwork Titan],[!PRERACE:1,%]
ALIGN:TN
RACE:Clockwork Titan	!PRERACE:1,%
NAME:Clockwork Titan
STAT:STR=10|DEX=10|WIS=10|CHA=10

STARTPACK:Clockwork Warrior Default	TYPE:Default Monster.Construct	VISIBLE:QUALIFY	EQUIPBUY:0	PREMULT:1,[PRERACE:1,Clockwork Warrior],[!PRERACE:1,%]
ALIGN:TN
RACE:Clockwork Warrior	!PRERACE:1,%
NAME:Clockwork Warrior
STAT:STR=10|DEX=10|WIS=10|CHA=10

STARTPACK:Clubnek Default	TYPE:Default Monster.Magical Beast	VISIBLE:QUALIFY	EQUIPBUY:0	PREMULT:1,[PRERACE:1,Clubnek],[!PRERACE:1,%]
ALIGN:TN
RACE:Clubnek	!PRERACE:1,%
NAME:Clubnek
STAT:STR=10|DEX=10|CON=10|INT=10|WIS=10|CHA=10
SKILL:Acrobatics	RANK:1
SKILL:Perception	RANK:3
SKILL:Stealth	RANK:1
ABILITY:CATEGORY=FEAT|Run
ABILITY:CATEGORY=FEAT|Skill Focus (Perception)

STARTPACK:Cobra Flower Default	TYPE:Default Monster.Plant	VISIBLE:QUALIFY	EQUIPBUY:0	PREMULT:1,[PRERACE:1,Cobra Flower],[!PRERACE:1,%]
ALIGN:TN
RACE:Cobra Flower	!PRERACE:1,%
NAME:Cobra Flower
STAT:STR=10|DEX=10|CON=10|WIS=10|CHA=10

STARTPACK:Cobra-back Inphidian Default	TYPE:Default Monster.Monstrous Humanoid	VISIBLE:QUALIFY	EQUIPBUY:0	PREMULT:1,[PRERACE:1,Cobra-back Inphidian],[!PRERACE:1,%]
ALIGN:NE
RACE:Cobra-back Inphidian	!PRERACE:1,%
NAME:Cobra-back Inphidian
STAT:STR=10|DEX=10|CON=10|INT=10|WIS=10|CHA=10
SKILL:Acrobatics	RANK:2
SKILL:Craft (alchemy)	RANK:5
SKILL:Perception	RANK:5
SKILL:Sense Motive	RANK:4
SKILL:Stealth	RANK:5
ABILITY:CATEGORY=FEAT|Alertness
ABILITY:CATEGORY=FEAT|Great Fortitude
ABILITY:CATEGORY=FEAT|Weapon Focus (snakehand bites)

STARTPACK:Coffer Corpse Default	TYPE:Default Monster.Undead	VISIBLE:QUALIFY	EQUIPBUY:0	PREMULT:1,[PRERACE:1,Coffer Corpse],[!PRERACE:1,%]
ALIGN:CE
RACE:Coffer Corpse	!PRERACE:1,%
NAME:Coffer Corpse
STAT:STR=10|DEX=10|INT=10|WIS=10|CHA=10
SKILL:Intimidate	RANK:1
SKILL:Perception	RANK:2
SKILL:Stealth	RANK:1
ABILITY:CATEGORY=FEAT|Toughness

STARTPACK:Common Inphidian Default	TYPE:Default Monster.Monstrous Humanoid	VISIBLE:QUALIFY	EQUIPBUY:0	PREMULT:1,[PRERACE:1,Common Inphidian],[!PRERACE:1,%]
ALIGN:NE
RACE:Common Inphidian	!PRERACE:1,%
NAME:Common Inphidian
STAT:STR=10|DEX=10|CON=10|INT=10|WIS=10|CHA=10
SKILL:Climb	RANK:4
SKILL:Craft (alchemy)	RANK:4
SKILL:Perception	RANK:4
SKILL:Sense Motive	RANK:3
SKILL:Stealth	RANK:2
ABILITY:CATEGORY=FEAT|Alertness
ABILITY:CATEGORY=FEAT|Improved Initiative

STARTPACK:Common Time Elemental Default	TYPE:Default Monster.Outsider	VISIBLE:QUALIFY	EQUIPBUY:0	PREMULT:1,[PRERACE:1,Common Time Elemental],[!PRERACE:1,%]
ALIGN:TN
RACE:Common Time Elemental	!PRERACE:1,%
NAME:Common Time Elemental
STAT:STR=10|DEX=10|CON=10|INT=10|WIS=10|CHA=10
SKILL:Fly	RANK:12
SKILL:Knowledge (Arcana)	RANK:12
SKILL:Knowledge (History)	RANK:12
SKILL:Knowledge (Planes)	RANK:12
SKILL:Perception	RANK:12
SKILL:Sense Motive	RANK:12
SKILL:Stealth	RANK:12
SKILL:Survival	RANK:12
ABILITY:CATEGORY=FEAT|Combat Expertise
ABILITY:CATEGORY=FEAT|Dodge
ABILITY:CATEGORY=FEAT|Flyby Attack
ABILITY:CATEGORY=FEAT|Improved Initiative
ABILITY:CATEGORY=FEAT|Skill Focus (Perception)
ABILITY:CATEGORY=FEAT|Weapon Finesse

STARTPACK:Cooshee Default	TYPE:Default Monster.Magical Beast	VISIBLE:QUALIFY	EQUIPBUY:0	PREMULT:1,[PRERACE:1,Cooshee],[!PRERACE:1,%]
ALIGN:NG
RACE:Cooshee	!PRERACE:1,%
NAME:Cooshee
STAT:STR=10|DEX=10|CON=10|INT=10|WIS=10|CHA=10
SKILL:Perception	RANK:3
SKILL:Sense Motive	RANK:1
SKILL:Stealth	RANK:3
SKILL:Survival	RANK:1
ABILITY:CATEGORY=FEAT|Alertness
ABILITY:CATEGORY=FEAT|Weapon Finesse

STARTPACK:Corpse Candle Default	TYPE:Default Monster.Undead	VISIBLE:QUALIFY	EQUIPBUY:0	PREMULT:1,[PRERACE:1,Corpse Candle],[!PRERACE:1,%]
ALIGN:NE
RACE:Corpse Candle	!PRERACE:1,%
NAME:Corpse Candle
STAT:DEX=10|INT=10|WIS=10|CHA=10
SKILL:Bluff	RANK:4
SKILL:Fly	RANK:7
SKILL:Intimidate	RANK:7
SKILL:Perception	RANK:7
SKILL:Sense Motive	RANK:1
SKILL:Stealth	RANK:7
SKILL:Swim	RANK:5
ABILITY:CATEGORY=FEAT|Alertness
ABILITY:CATEGORY=FEAT|Blind-Fight
ABILITY:CATEGORY=FEAT|Dodge
ABILITY:CATEGORY=FEAT|Improved Initiative

STARTPACK:Corpse Orgy Default	TYPE:Default Monster.Aberration	VISIBLE:QUALIFY	EQUIPBUY:0	PREMULT:1,[PRERACE:1,Corpse Orgy],[!PRERACE:1,%]
ALIGN:CE
RACE:Corpse Orgy	!PRERACE:1,%
NAME:Corpse Orgy
STAT:STR=10|DEX=10|CON=10|INT=10|WIS=10|CHA=10
SKILL:Climb	RANK:10
SKILL:Escape Artist	RANK:12
SKILL:Intimidate	RANK:19
SKILL:Knowledge (Dungeoneering)	RANK:15
SKILL:Perception	RANK:19
SKILL:Sense Motive	RANK:19
SKILL:Stealth	RANK:8
SKILL:Survival	RANK:8
ABILITY:CATEGORY=FEAT|Blind-Fight
ABILITY:CATEGORY=FEAT|Great Fortitude
ABILITY:CATEGORY=FEAT|Improved Bull Rush
ABILITY:CATEGORY=FEAT|Improved Initiative
ABILITY:CATEGORY=FEAT|Iron Will
ABILITY:CATEGORY=FEAT|Lightning Reflexes
ABILITY:CATEGORY=FEAT|Lunge
ABILITY:CATEGORY=FEAT|Power Attack
ABILITY:CATEGORY=FEAT|Vital Strike
ABILITY:CATEGORY=FEAT|Weapon Focus (slam)

STARTPACK:Corpse Rook Default	TYPE:Default Monster.Magical Beast	VISIBLE:QUALIFY	EQUIPBUY:0	PREMULT:1,[PRERACE:1,Corpse Rook],[!PRERACE:1,%]
ALIGN:NE
RACE:Corpse Rook	!PRERACE:1,%
NAME:Corpse Rook
STAT:STR=10|DEX=10|CON=10|INT=10|WIS=10|CHA=10
SKILL:Fly	RANK:1
SKILL:Perception	RANK:6
SKILL:Search	RANK:4
SKILL:Stealth	RANK:1
ABILITY:CATEGORY=FEAT|Flyby Attack
ABILITY:CATEGORY=FEAT|Weapon Focus (bite)
ABILITY:CATEGORY=FEAT|Wingover

STARTPACK:Corpsespinner Default	TYPE:Default Monster.Magical Beast	VISIBLE:QUALIFY	EQUIPBUY:0	PREMULT:1,[PRERACE:1,Corpsespinner],[!PRERACE:1,%]
ALIGN:TN
RACE:Corpsespinner	!PRERACE:1,%
NAME:Corpsespinner
STAT:STR=10|DEX=10|CON=10|INT=10|WIS=10|CHA=10
SKILL:Climb	RANK:9
SKILL:Perception	RANK:5
SKILL:Sense Motive	RANK:3
SKILL:Stealth	RANK:2
ABILITY:CATEGORY=FEAT|Ability Focus (poison)
ABILITY:CATEGORY=FEAT|Alertness
ABILITY:CATEGORY=FEAT|Combat Reflexes
ABILITY:CATEGORY=FEAT|Improved Initiative
ABILITY:CATEGORY=FEAT|Improved Critical (bite)
ABILITY:CATEGORY=FEAT|Improved Natural Attack (bite)
ABILITY:CATEGORY=FEAT|Power Attack
ABILITY:CATEGORY=FEAT|Skill Focus (Stealth)

STARTPACK:Crabman Default	TYPE:Default Monster.Monstrous Humanoid	VISIBLE:QUALIFY	EQUIPBUY:0	PREMULT:1,[PRERACE:1,Crabman],[!PRERACE:1,%]
ALIGN:TN
RACE:Crabman	!PRERACE:1,%
NAME:Crabman
STAT:STR=10|DEX=10|CON=10|INT=10|WIS=10|CHA=10
SKILL:Craft (any one)	RANK:3
SKILL:Perception	RANK:3
SKILL:Sense Motive	RANK:1
SKILL:Survival	RANK:3
SKILL:Swim	RANK:3
ABILITY:CATEGORY=FEAT|Alertness
ABILITY:CATEGORY=FEAT|Power Attack

STARTPACK:Crag Man Default	TYPE:Default Monster.Aberration	VISIBLE:QUALIFY	EQUIPBUY:0	PREMULT:1,[PRERACE:1,Crag Man],[!PRERACE:1,%]
ALIGN:CE
RACE:Crag Man	!PRERACE:1,%
NAME:Crag Man
STAT:STR=10|DEX=10|CON=10|INT=10|WIS=10|CHA=10
SKILL:Perception	RANK:6
SKILL:Stealth	RANK:6
ABILITY:CATEGORY=FEAT|Power Attack
ABILITY:CATEGORY=FEAT|Skill Focus (Perception)
ABILITY:CATEGORY=FEAT|Weapon Focus (slam)

STARTPACK:Crimson Basilisk Default	TYPE:Default Monster.Magical Beast	VISIBLE:QUALIFY	EQUIPBUY:0	PREMULT:1,[PRERACE:1,Crimson Basilisk],[!PRERACE:1,%]
ALIGN:TN
RACE:Crimson Basilisk	!PRERACE:1,%
NAME:Crimson Basilisk
STAT:STR=10|DEX=10|CON=10|INT=10|WIS=10|CHA=10
SKILL:Perception	RANK:7
SKILL:Stealth	RANK:4
ABILITY:CATEGORY=FEAT|Blind-Fight
ABILITY:CATEGORY=FEAT|Great Fortitude
ABILITY:CATEGORY=FEAT|Iron Will
ABILITY:CATEGORY=FEAT|Skill Focus (Perception)

STARTPACK:Crucifixion Spirit Default	TYPE:Default Monster.Undead	VISIBLE:QUALIFY	EQUIPBUY:0	PREMULT:1,[PRERACE:1,Crucifixion Spirit],[!PRERACE:1,%]
ALIGN:CE
RACE:Crucifixion Spirit	!PRERACE:1,%
NAME:Crucifixion Spirit
STAT:DEX=10|INT=10|WIS=10|CHA=10
SKILL:Escape Artist	RANK:12
SKILL:Fly	RANK:15
SKILL:Intimidate	RANK:15
SKILL:Perception	RANK:15
SKILL:Sense Motive	RANK:15
SKILL:Stealth	RANK:13
ABILITY:CATEGORY=FEAT|Ability Focus (paralysis)
ABILITY:CATEGORY=FEAT|Alertness
ABILITY:CATEGORY=FEAT|Blind-Fight
ABILITY:CATEGORY=FEAT|Dodge
ABILITY:CATEGORY=FEAT|Improved Initiative
ABILITY:CATEGORY=FEAT|Iron Will
ABILITY:CATEGORY=FEAT|Lightning Reflexes
ABILITY:CATEGORY=FEAT|Mobility

STARTPACK:Crystal Ooze Default	TYPE:Default Monster.Ooze	VISIBLE:QUALIFY	EQUIPBUY:0	PREMULT:1,[PRERACE:1,Crystal Ooze],[!PRERACE:1,%]
ALIGN:TN
RACE:Crystal Ooze	!PRERACE:1,%
NAME:Crystal Ooze
STAT:STR=10|DEX=10|CON=10|WIS=10|CHA=10
SKILL:Swim	RANK:5

STARTPACK:Crystalline Horror Default	TYPE:Default Monster.Aberration	VISIBLE:QUALIFY	EQUIPBUY:0	PREMULT:1,[PRERACE:1,Crystalline Horror],[!PRERACE:1,%]
ALIGN:NE
RACE:Crystalline Horror	!PRERACE:1,%
NAME:Crystalline Horror
STAT:STR=10|DEX=10|CON=10|INT=10|WIS=10|CHA=10
SKILL:Climb	RANK:7
SKILL:Perception	RANK:7
SKILL:Stealth	RANK:7
SKILL:Swim	RANK:7
ABILITY:CATEGORY=FEAT|Ability Focus (shard spray)
ABILITY:CATEGORY=FEAT|Dodge
ABILITY:CATEGORY=FEAT|Improved Initiative
ABILITY:CATEGORY=FEAT|Toughness

STARTPACK:Crystallis Default	TYPE:Default Monster.Outsider	VISIBLE:QUALIFY	EQUIPBUY:0	PREMULT:1,[PRERACE:1,Crystallis],[!PRERACE:1,%]
ALIGN:TN
RACE:Crystallis	!PRERACE:1,%
NAME:Crystallis
STAT:STR=10|DEX=10|CON=10|INT=10|WIS=10|CHA=10
SKILL:Appraise	RANK:11
SKILL:Bluff	RANK:14
SKILL:Intimidate	RANK:14
SKILL:Knowledge (Planes)	RANK:14
SKILL:Perception	RANK:14
SKILL:Sense Motive	RANK:14
ABILITY:CATEGORY=FEAT|Alertness
ABILITY:CATEGORY=FEAT|Blind-Fight
ABILITY:CATEGORY=FEAT|Cleave
ABILITY:CATEGORY=FEAT|Great Fortitude
ABILITY:CATEGORY=FEAT|Iron Will
ABILITY:CATEGORY=FEAT|Power Attack
ABILITY:CATEGORY=FEAT|Weapon Focus (claw)

STARTPACK:Dakon Default	TYPE:Default Monster.Monstrous Humanoid	VISIBLE:QUALIFY	EQUIPBUY:0	PREMULT:1,[PRERACE:1,Dakon],[!PRERACE:1,%]
ALIGN:LN
RACE:Dakon	!PRERACE:1,%
NAME:Dakon
STAT:STR=10|DEX=10|CON=10|INT=10|WIS=10|CHA=10
SKILL:Climb	RANK:2
SKILL:Perception	RANK:2
SKILL:Sense Motive	RANK:1
SKILL:Stealth	RANK:1
ABILITY:CATEGORY=FEAT|Alertness

STARTPACK:Dancer Inphidian Default	TYPE:Default Monster.Monstrous Humanoid	VISIBLE:QUALIFY	EQUIPBUY:0	PREMULT:1,[PRERACE:1,Dancer Inphidian],[!PRERACE:1,%]
ALIGN:NE
RACE:Dancer Inphidian	!PRERACE:1,%
NAME:Dancer Inphidian
STAT:STR=10|DEX=10|CON=10|INT=10|WIS=10|CHA=10
SKILL:Bluff	RANK:1
SKILL:Perception	RANK:4
SKILL:Perform (dance)	RANK:4
SKILL:Sense Motive	RANK:3
SKILL:Stealth	RANK:4
ABILITY:CATEGORY=FEAT|Alertness
ABILITY:CATEGORY=FEAT|Skill Focus (Perform [dance])

STARTPACK:Daraka Demon Default	TYPE:Default Monster.Outsider	VISIBLE:QUALIFY	EQUIPBUY:0	PREMULT:1,[PRERACE:1,Daraka Demon],[!PRERACE:1,%]
ALIGN:CE
RACE:Daraka Demon	!PRERACE:1,%
NAME:Daraka Demon
STAT:STR=10|DEX=10|CON=10|INT=10|WIS=10|CHA=10
SKILL:Bluff	RANK:12
SKILL:Climb	RANK:12
SKILL:Intimidate	RANK:12
SKILL:Knowledge (Planes)	RANK:12
SKILL:Knowledge (Arcana)	RANK:12
SKILL:Perception	RANK:12
SKILL:Sense Motive	RANK:12
SKILL:Spellcraft	RANK:9
SKILL:Stealth	RANK:8
SKILL:Survival	RANK:12
ABILITY:CATEGORY=FEAT|Alertness
ABILITY:CATEGORY=FEAT|Blind-Fight
ABILITY:CATEGORY=FEAT|Cleave
ABILITY:CATEGORY=FEAT|Great Cleave
ABILITY:CATEGORY=FEAT|Power Attack
ABILITY:CATEGORY=FEAT|Weapon Focus (claws)

STARTPACK:Dark Matter Entropic Ooze Default	TYPE:Default Monster.Ooze	VISIBLE:QUALIFY	EQUIPBUY:0	PREMULT:1,[PRERACE:1,Dark Matter Entropic Ooze],[!PRERACE:1,%]
ALIGN:TN
RACE:Dark Matter Entropic Ooze	!PRERACE:1,%
NAME:Dark Matter Entropic Ooze
STAT:STR=10|DEX=10|CON=10|WIS=10|CHA=10
SKILL:Climb	RANK:5

STARTPACK:Darnoc Default	TYPE:Default Monster.Undead	VISIBLE:QUALIFY	EQUIPBUY:0	PREMULT:1,[PRERACE:1,Darnoc],[!PRERACE:1,%]
ALIGN:LE
RACE:Darnoc	!PRERACE:1,%
NAME:Darnoc
STAT:STR=10|DEX=10|INT=10|WIS=10|CHA=10
SKILL:Bluff	RANK:8
SKILL:Diplomacy	RANK:5
SKILL:Intimidate	RANK:8
SKILL:Perception	RANK:8
SKILL:Sense Motive	RANK:7
SKILL:Stealth	RANK:7
ABILITY:CATEGORY=FEAT|Blind-Fight
ABILITY:CATEGORY=FEAT|Combat Reflexes
ABILITY:CATEGORY=FEAT|Improved Initiative
ABILITY:CATEGORY=FEAT|Persuasive

STARTPACK:Deep Hunter Sea Serpent Default	TYPE:Default Monster.Dragon	VISIBLE:QUALIFY	EQUIPBUY:0	PREMULT:1,[PRERACE:1,Deep Hunter Sea Serpent],[!PRERACE:1,%]
ALIGN:LN
RACE:Deep Hunter Sea Serpent	!PRERACE:1,%
NAME:Deep Hunter Sea Serpent
STAT:STR=10|DEX=10|CON=10|INT=10|WIS=10|CHA=10
SKILL:Bluff	RANK:9
SKILL:Diplomacy	RANK:10
SKILL:Intimidate	RANK:24
SKILL:Knowledge (Nature)	RANK:6
SKILL:Perception	RANK:20
SKILL:Sense Motive	RANK:10
SKILL:Stealth	RANK:12
SKILL:Survival	RANK:24
SKILL:Swim	RANK:24
ABILITY:CATEGORY=FEAT|Bleeding Critical
ABILITY:CATEGORY=FEAT|Cleave
ABILITY:CATEGORY=FEAT|Dodge
ABILITY:CATEGORY=FEAT|Great Fortitude
ABILITY:CATEGORY=FEAT|Improved Critical (bite)
ABILITY:CATEGORY=FEAT|Improved Initiative
ABILITY:CATEGORY=FEAT|Improved Natural Armor
ABILITY:CATEGORY=FEAT|Iron Will
ABILITY:CATEGORY=FEAT|Mobility
ABILITY:CATEGORY=FEAT|Power Attack
ABILITY:CATEGORY=FEAT|Spring Attack
ABILITY:CATEGORY=FEAT|Swim-By Attack
ABILITY:CATEGORY=FEAT|Weapon Focus (bite)

STARTPACK:Deer Default	TYPE:Default Monster.Animal	VISIBLE:QUALIFY	EQUIPBUY:0	PREMULT:1,[PRERACE:1,Deer],[!PRERACE:1,%]
ALIGN:TN
RACE:Deer	!PRERACE:1,%
NAME:Deer
STAT:STR=10|DEX=10|CON=10|INT=10|WIS=10|CHA=10
SKILL:Acrobatics	RANK:1
SKILL:Perception	RANK:2
SKILL:Stealth	RANK:2
SKILL:Swim	RANK:1
ABILITY:CATEGORY=FEAT|Dodge
ABILITY:CATEGORY=FEAT|Mobility
ABILITY:CATEGORY=FEAT|Run

STARTPACK:Demi-lich Default	TYPE:Default Monster.Undead	VISIBLE:QUALIFY	EQUIPBUY:0	PREMULT:1,[PRERACE:1,Demi-lich],[!PRERACE:1,%]
ALIGN:NE
RACE:Demi-lich	!PRERACE:1,%
NAME:Demi-lich
STAT:STR=10|DEX=10|INT=10|WIS=10|CHA=10
SKILL:Diplomacy	RANK:11
SKILL:Fly	RANK:9
SKILL:Intimidate	RANK:14
SKILL:Knowledge (Arcana)	RANK:14
SKILL:Knowledge (Religion)	RANK:14
SKILL:Linguistics	RANK:11
SKILL:Perception	RANK:14
SKILL:Sense Motive	RANK:14
SKILL:Spellcraft	RANK:14
SKILL:Stealth	RANK:14
ABILITY:CATEGORY=FEAT|Alertness
ABILITY:CATEGORY=FEAT|Dodge
ABILITY:CATEGORY=FEAT|Defensive Combat Training
ABILITY:CATEGORY=FEAT|Great Fortitude
ABILITY:CATEGORY=FEAT|Improved Initiative
ABILITY:CATEGORY=FEAT|Lightning Reflexes
ABILITY:CATEGORY=FEAT|Skill Focus (Knowledge [arcana])

STARTPACK:Demiurge Default	TYPE:Default Monster.Undead	VISIBLE:QUALIFY	EQUIPBUY:0	PREMULT:1,[PRERACE:1,Demiurge],[!PRERACE:1,%]
ALIGN:CE
RACE:Demiurge	!PRERACE:1,%
NAME:Demiurge
STAT:DEX=10|INT=10|WIS=10|CHA=10
SKILL:Bluff	RANK:3
SKILL:Fly	RANK:8
SKILL:Intimidate	RANK:7
SKILL:Perception	RANK:8
SKILL:Sense Motive	RANK:8
SKILL:Stealth	RANK:7
SKILL:Survival	RANK:4
ABILITY:CATEGORY=FEAT|Alertness
ABILITY:CATEGORY=FEAT|Combat Reflexes
ABILITY:CATEGORY=FEAT|Improved Initiative
ABILITY:CATEGORY=FEAT|Lightning Reflexes

STARTPACK:Demonic Knight Default	TYPE:Default Monster.Outsider	VISIBLE:QUALIFY	EQUIPBUY:0	PREMULT:1,[PRERACE:1,Demonic Knight],[!PRERACE:1,%]
ALIGN:CE
RACE:Demonic Knight	!PRERACE:1,%
NAME:Demonic Knight
STAT:STR=10|DEX=10|CON=10|INT=10|WIS=10|CHA=10
SKILL:Bluff	RANK:9
SKILL:Climb	RANK:3
SKILL:Diplomacy	RANK:9
SKILL:Intimidate	RANK:9
SKILL:Knowledge (Planes)	RANK:9
SKILL:Perception	RANK:9
SKILL:Sense Motive	RANK:9
SKILL:Spellcraft	RANK:6
SKILL:Stealth	RANK:3
SKILL:Survival	RANK:9
ABILITY:CATEGORY=FEAT|Alertness
ABILITY:CATEGORY=FEAT|Blind-Fight
ABILITY:CATEGORY=FEAT|Cleave
ABILITY:CATEGORY=FEAT|Power Attack
ABILITY:CATEGORY=FEAT|Weapon Focus (longsword)

STARTPACK:Demoriel Default	TYPE:Default Monster.Outsider	VISIBLE:QUALIFY	EQUIPBUY:0	PREMULT:1,[PRERACE:1,Demoriel],[!PRERACE:1,%]
ALIGN:LE
RACE:Demoriel	!PRERACE:1,%
NAME:Demoriel
STAT:STR=10|DEX=10|CON=10|INT=10|WIS=10|CHA=10
SKILL:Bluff	RANK:20
SKILL:Diplomacy	RANK:20
SKILL:Disguise	RANK:20
SKILL:Fly	RANK:20
SKILL:Intimidate	RANK:20
SKILL:Knowledge (Arcana)	RANK:20
SKILL:Knowledge (Planes)	RANK:20
SKILL:Knowledge (Religion)	RANK:17
SKILL:Perception	RANK:20
SKILL:Sense Motive	RANK:20
SKILL:Stealth	RANK:20
SKILL:Survival	RANK:17
ABILITY:CATEGORY=FEAT|Alertness
ABILITY:CATEGORY=FEAT|Cleave
ABILITY:CATEGORY=FEAT|Deceitful
ABILITY:CATEGORY=FEAT|Great Cleave
ABILITY:CATEGORY=FEAT|Improved Initiative
ABILITY:CATEGORY=FEAT|Iron Will
ABILITY:CATEGORY=FEAT|Persuasive
ABILITY:CATEGORY=FEAT|Quicken Spell-Like Ability (fireball)
ABILITY:CATEGORY=FEAT|Power Attack
ABILITY:CATEGORY=FEAT|Weapon Focus (short sword)

STARTPACK:Derghodaemon Default	TYPE:Default Monster.Outsider	VISIBLE:QUALIFY	EQUIPBUY:0	PREMULT:1,[PRERACE:1,Derghodaemon],[!PRERACE:1,%]
ALIGN:NE
RACE:Derghodaemon	!PRERACE:1,%
NAME:Derghodaemon
STAT:STR=10|DEX=10|CON=10|INT=10|WIS=10|CHA=10
SKILL:Intimidate	RANK:10
SKILL:Perception	RANK:10
SKILL:Sense Motive	RANK:10
SKILL:Stealth	RANK:6
ABILITY:CATEGORY=FEAT|Combat Reflexes
ABILITY:CATEGORY=FEAT|Improved Initiative
ABILITY:CATEGORY=FEAT|Iron Will
ABILITY:CATEGORY=FEAT|Power Attack
ABILITY:CATEGORY=FEAT|Toughness

STARTPACK:Devil Dog Default	TYPE:Default Monster.Magical Beast	VISIBLE:QUALIFY	EQUIPBUY:0	PREMULT:1,[PRERACE:1,Devil Dog],[!PRERACE:1,%]
ALIGN:CE
RACE:Devil Dog	!PRERACE:1,%
NAME:Devil Dog
STAT:STR=10|DEX=10|CON=10|INT=10|WIS=10|CHA=10
SKILL:Perception	RANK:2
SKILL:Stealth	RANK:2
SKILL:Survival	RANK:1
ABILITY:CATEGORY=FEAT|Improved Initiative
ABILITY:CATEGORY=FEAT|Skill Focus (Perception)
ABILITY:CATEGORY=FEAT|Weapon Focus (bite)

STARTPACK:Diger Default	TYPE:Default Monster.Ooze	VISIBLE:QUALIFY	EQUIPBUY:0	PREMULT:1,[PRERACE:1,Diger],[!PRERACE:1,%]
ALIGN:TN
RACE:Diger	!PRERACE:1,%
NAME:Diger
STAT:STR=10|DEX=10|CON=10|WIS=10|CHA=10
SKILL:Fly	RANK:1
SKILL:Stealth	RANK:1
SKILL:Swim	RANK:3

STARTPACK:Dire Racoon Default	TYPE:Default Monster.Animal	VISIBLE:QUALIFY	EQUIPBUY:0	PREMULT:1,[PRERACE:1,Dire Racoon],[!PRERACE:1,%]
ALIGN:TN
RACE:Dire Racoon	!PRERACE:1,%
NAME:Dire Racoon
STAT:STR=10|DEX=10|CON=10|INT=10|WIS=10|CHA=10
SKILL:Climb	RANK:2
SKILL:Perception	RANK:2
SKILL:Stealth	RANK:2
SKILL:Swim	RANK:1
ABILITY:CATEGORY=FEAT|Weapon Finesse

STARTPACK:Dire Shadow Rat Default	TYPE:Default Monster.Undead	VISIBLE:QUALIFY	EQUIPBUY:0	PREMULT:1,[PRERACE:1,Dire Shadow Rat],[!PRERACE:1,%]
ALIGN:TN
RACE:Dire Shadow Rat	!PRERACE:1,%
NAME:Dire Shadow Rat
STAT:STR=10|DEX=10|INT=10|WIS=10|CHA=10
SKILL:Acrobatics	RANK:1
SKILL:Climb	RANK:1
SKILL:Perception	RANK:1
SKILL:Stealth	RANK:1
ABILITY:CATEGORY=FEAT|Skill Focus (Perception)
ABILITY:CATEGORY=FEAT|Weapon Finesse

STARTPACK:Dire Smilodon Default	TYPE:Default Monster.Animal	VISIBLE:QUALIFY	EQUIPBUY:0	PREMULT:1,[PRERACE:1,Dire Smilodon],[!PRERACE:1,%]
ALIGN:TN
RACE:Dire Smilodon	!PRERACE:1,%
NAME:Dire Smilodon
STAT:STR=10|DEX=10|CON=10|INT=10|WIS=10|CHA=10
SKILL:Acrobatics	RANK:6
SKILL:Perception	RANK:7
SKILL:Stealth	RANK:5
SKILL:Swim	RANK:1
ABILITY:CATEGORY=FEAT|Improved Critical (bite)
ABILITY:CATEGORY=FEAT|Power Attack
ABILITY:CATEGORY=FEAT|Run
ABILITY:CATEGORY=FEAT|Skill Focus (Perception)
ABILITY:CATEGORY=FEAT|Skill Focus(Stealth)

STARTPACK:Doombat Bat Default	TYPE:Default Monster.Magical Beast	VISIBLE:QUALIFY	EQUIPBUY:0	PREMULT:1,[PRERACE:1,Doombat Bat],[!PRERACE:1,%]
ALIGN:NE
RACE:Doombat Bat	!PRERACE:1,%
NAME:Doombat Bat
STAT:STR=10|DEX=10|CON=10|INT=10|WIS=10|CHA=10
SKILL:Escape Artist	RANK:1
SKILL:Fly	RANK:3
SKILL:Perception	RANK:5
SKILL:Stealth	RANK:2
ABILITY:CATEGORY=FEAT|Stealthy
ABILITY:CATEGORY=FEAT|Skill Focus (Perception
ABILITY:CATEGORY=FEAT|Stealth)

STARTPACK:Draconid Default	TYPE:Default Monster.Aberration	VISIBLE:QUALIFY	EQUIPBUY:0	PREMULT:1,[PRERACE:1,Draconid],[!PRERACE:1,%]
ALIGN:NE
RACE:Draconid	!PRERACE:1,%
NAME:Draconid
STAT:STR=10|DEX=10|CON=10|INT=10|WIS=10|CHA=10
SKILL:Climb	RANK:10
SKILL:Perception	RANK:15
SKILL:Sense Motive	RANK:15
ABILITY:CATEGORY=FEAT|Ability Focus (poison)
ABILITY:CATEGORY=FEAT|Ability Focus (web)
ABILITY:CATEGORY=FEAT|Alertness
ABILITY:CATEGORY=FEAT|Improved Initiative
ABILITY:CATEGORY=FEAT|Power Attack
ABILITY:CATEGORY=FEAT|Snatch
ABILITY:CATEGORY=FEAT|Toughness
ABILITY:CATEGORY=FEAT|Weapon Focus (bite)

STARTPACK:Dragonfish Default	TYPE:Default Monster.Animal	VISIBLE:QUALIFY	EQUIPBUY:0	PREMULT:1,[PRERACE:1,Dragonfish],[!PRERACE:1,%]
ALIGN:TN
RACE:Dragonfish	!PRERACE:1,%
NAME:Dragonfish
STAT:STR=10|DEX=10|CON=10|INT=10|WIS=10|CHA=10
SKILL:Perception	RANK:2
SKILL:Stealth	RANK:2
SKILL:Swim	RANK:2
ABILITY:CATEGORY=FEAT|Skill Focus (Perception)

STARTPACK:Dragonnel Default	TYPE:Default Monster.Magical Beast	VISIBLE:QUALIFY	EQUIPBUY:0	PREMULT:1,[PRERACE:1,Dragonnel],[!PRERACE:1,%]
ALIGN:NE
RACE:Dragonnel	!PRERACE:1,%
NAME:Dragonnel
STAT:STR=10|DEX=10|CON=10|INT=10|WIS=10|CHA=10
SKILL:Fly	RANK:3
ABILITY:CATEGORY=FEAT|Cleave
ABILITY:CATEGORY=FEAT|Flyby Attack
ABILITY:CATEGORY=FEAT|Power Attack
ABILITY:CATEGORY=FEAT|Skill Focus (Fly)
ABILITY:CATEGORY=FEAT|Snatch

STARTPACK:Dragonship Default	TYPE:Default Monster.Construct	VISIBLE:QUALIFY	EQUIPBUY:0	PREMULT:1,[PRERACE:1,Dragonship],[!PRERACE:1,%]
ALIGN:TN
RACE:Dragonship	!PRERACE:1,%
NAME:Dragonship
STAT:STR=10|DEX=10|WIS=10|CHA=10
SKILL:Swim	RANK:5

STARTPACK:Draug Default	TYPE:Default Monster.Undead	VISIBLE:QUALIFY	EQUIPBUY:0	PREMULT:1,[PRERACE:1,Draug],[!PRERACE:1,%]
ALIGN:CE
RACE:Draug	!PRERACE:1,%
NAME:Draug
STAT:STR=10|DEX=10|INT=10|WIS=10|CHA=10
SKILL:Acrobatics	RANK:1
SKILL:Climb	RANK:3
SKILL:Escape Artist	RANK:1
SKILL:Perception	RANK:5
SKILL:Profession (sailor)	RANK:1
SKILL:Sense Motive	RANK:1
SKILL:Stealth	RANK:3
SKILL:Survival	RANK:1
SKILL:Swim	RANK:5
ABILITY:CATEGORY=FEAT|Alertness
ABILITY:CATEGORY=FEAT|Great Fortitude
ABILITY:CATEGORY=FEAT|Weapon Focus (cutlass)

STARTPACK:Dream Spectre Default	TYPE:Default Monster.Outsider	VISIBLE:QUALIFY	EQUIPBUY:0	PREMULT:1,[PRERACE:1,Dream Spectre],[!PRERACE:1,%]
ALIGN:NE
RACE:Dream Spectre	!PRERACE:1,%
NAME:Dream Spectre
STAT:DEX=10|CON=10|INT=10|WIS=10|CHA=10
SKILL:Bluff	RANK:8
SKILL:Diplomacy	RANK:5
SKILL:Fly	RANK:9
SKILL:Intimidate	RANK:9
SKILL:Knowledge (Any One)	RANK:8
SKILL:Knowledge (Planes)	RANK:5
SKILL:Perception	RANK:9
SKILL:Sense Motive	RANK:9
SKILL:Stealth	RANK:9
SKILL:Survival	RANK:9
ABILITY:CATEGORY=FEAT|Alertness
ABILITY:CATEGORY=FEAT|Blind-Fight
ABILITY:CATEGORY=FEAT|Dodge
ABILITY:CATEGORY=FEAT|Combat Reflexes
ABILITY:CATEGORY=FEAT|Improved Initiative

STARTPACK:Drelb Default	TYPE:Default Monster.Outsider	VISIBLE:QUALIFY	EQUIPBUY:0	PREMULT:1,[PRERACE:1,Drelb],[!PRERACE:1,%]
ALIGN:NE
RACE:Drelb	!PRERACE:1,%
NAME:Drelb
STAT:DEX=10|CON=10|INT=10|WIS=10|CHA=10
SKILL:Bluff	RANK:6
SKILL:Intimidate	RANK:6
SKILL:Knowledge (The Planes)	RANK:6
SKILL:Perception	RANK:6
SKILL:Sense Motive	RANK:6
SKILL:Stealth	RANK:6
SKILL:Survival	RANK:6
ABILITY:CATEGORY=FEAT|Ability Focus (nether chill)
ABILITY:CATEGORY=FEAT|Great Fortitude
ABILITY:CATEGORY=FEAT|Improved Initiative

STARTPACK:Dun Pudding Default	TYPE:Default Monster.Ooze	VISIBLE:QUALIFY	EQUIPBUY:0	PREMULT:1,[PRERACE:1,Dun Pudding],[!PRERACE:1,%]
ALIGN:TN
RACE:Dun Pudding	!PRERACE:1,%
NAME:Dun Pudding
STAT:STR=10|DEX=10|CON=10|WIS=10|CHA=10
SKILL:Climb	RANK:5

STARTPACK:Dust Ghoul Default	TYPE:Default Monster.Undead	VISIBLE:QUALIFY	EQUIPBUY:0	PREMULT:1,[PRERACE:1,Dust Ghoul],[!PRERACE:1,%]
ALIGN:CE
RACE:Dust Ghoul	!PRERACE:1,%
NAME:Dust Ghoul
STAT:STR=10|DEX=10|INT=10|WIS=10|CHA=10
SKILL:Acrobatics	RANK:9
SKILL:Climb	RANK:12
SKILL:Fly	RANK:10
SKILL:Intimidate	RANK:12
SKILL:Knowledge (Planes)	RANK:7
SKILL:Perception	RANK:12
SKILL:Stealth	RANK:12
ABILITY:CATEGORY=FEAT|Great Fortitude
ABILITY:CATEGORY=FEAT|Improved Initiative
ABILITY:CATEGORY=FEAT|Lightning Reflexes
ABILITY:CATEGORY=FEAT|Toughness
ABILITY:CATEGORY=FEAT|Weapon Focus (bite) Weapon Focus (claw)

STARTPACK:Earth Elemental Construct Default	TYPE:Default Monster.Construct	VISIBLE:QUALIFY	EQUIPBUY:0	PREMULT:1,[PRERACE:1,Earth Elemental Construct],[!PRERACE:1,%]
ALIGN:TN
RACE:Earth Elemental Construct	!PRERACE:1,%
NAME:Earth Elemental Construct
STAT:STR=10|DEX=10|WIS=10|CHA=10

STARTPACK:Eblis Default	TYPE:Default Monster.Magical Beast	VISIBLE:QUALIFY	EQUIPBUY:0	PREMULT:1,[PRERACE:1,Eblis],[!PRERACE:1,%]
ALIGN:NE
RACE:Eblis	!PRERACE:1,%
NAME:Eblis
STAT:STR=10|DEX=10|CON=10|INT=10|WIS=10|CHA=10
SKILL:Acrobatics	RANK:2
SKILL:Diplomacy	RANK:1
SKILL:Fly	RANK:2
SKILL:Intimidate	RANK:1
SKILL:Perception	RANK:2
SKILL:Stealth	RANK:2
ABILITY:CATEGORY=FEAT|Dodge
ABILITY:CATEGORY=FEAT|Lightning Reflexes
ABILITY:CATEGORY=FEAT|Mobility

STARTPACK:Ectoplasm Default	TYPE:Default Monster.Ooze	VISIBLE:QUALIFY	EQUIPBUY:0	PREMULT:1,[PRERACE:1,Ectoplasm],[!PRERACE:1,%]
ALIGN:TN
RACE:Ectoplasm	!PRERACE:1,%
NAME:Ectoplasm
STAT:DEX=10|CON=10|WIS=10|CHA=10
SKILL:Fly	RANK:3

STARTPACK:Elder Acid Quasi-elemental Default	TYPE:Default Monster.Outsider	VISIBLE:QUALIFY	EQUIPBUY:0	PREMULT:1,[PRERACE:1,Elder Acid Quasi-elemental],[!PRERACE:1,%]
ALIGN:TN
RACE:Elder Acid Quasi-elemental	!PRERACE:1,%
NAME:Elder Acid Quasi-elemental
STAT:STR=10|DEX=10|CON=10|INT=10|WIS=10|CHA=10
SKILL:Knowledge (Planes)	RANK:12
SKILL:Perception	RANK:12
SKILL:Stealth	RANK:4
SKILL:Swim	RANK:12
ABILITY:CATEGORY=FEAT|Cleave
ABILITY:CATEGORY=FEAT|Great Cleave
ABILITY:CATEGORY=FEAT|Improved Bull Rush
ABILITY:CATEGORY=FEAT|Improved Initiative
ABILITY:CATEGORY=FEAT|Iron Will
ABILITY:CATEGORY=FEAT|Power Attack

STARTPACK:Elder Gravity Elemental Default	TYPE:Default Monster.Outsider	VISIBLE:QUALIFY	EQUIPBUY:0	PREMULT:1,[PRERACE:1,Elder Gravity Elemental],[!PRERACE:1,%]
ALIGN:TN
RACE:Elder Gravity Elemental	!PRERACE:1,%
NAME:Elder Gravity Elemental
STAT:STR=10|DEX=10|CON=10|INT=10|WIS=10|CHA=10
SKILL:Fly	RANK:16
SKILL:Perception	RANK:16
SKILL:Sense Motive	RANK:16
SKILL:Stealth	RANK:8
ABILITY:CATEGORY=FEAT|Cleave
ABILITY:CATEGORY=FEAT|Dodge
ABILITY:CATEGORY=FEAT|Flyby Attack
ABILITY:CATEGORY=FEAT|Improved Initiative
ABILITY:CATEGORY=FEAT|Mobility
ABILITY:CATEGORY=FEAT|Power Attack
ABILITY:CATEGORY=FEAT|Throw Anything
ABILITY:CATEGORY=FEAT|Weapon Finesse
ABILITY:CATEGORY=FEAT|Weapon Focus (slam)

STARTPACK:Elder Negative Energy Elemental Default	TYPE:Default Monster.Outsider	VISIBLE:QUALIFY	EQUIPBUY:0	PREMULT:1,[PRERACE:1,Elder Negative Energy Elemental],[!PRERACE:1,%]
ALIGN:TN
RACE:Elder Negative Energy Elemental	!PRERACE:1,%
NAME:Elder Negative Energy Elemental
STAT:STR=10|DEX=10|CON=10|INT=10|WIS=10|CHA=10
SKILL:Fly	RANK:16
SKILL:Intimidate	RANK:16
SKILL:Knowledge (Planes)	RANK:16
SKILL:Knowledge (Religion)	RANK:16
SKILL:Perception	RANK:16
SKILL:Stealth	RANK:8
ABILITY:CATEGORY=FEAT|Blind-Fight
ABILITY:CATEGORY=FEAT|Combat Reflexes
ABILITY:CATEGORY=FEAT|Dodge
ABILITY:CATEGORY=FEAT|Extra Channel
ABILITY:CATEGORY=FEAT|Flyby Attack
ABILITY:CATEGORY=FEAT|Improved Initiative
ABILITY:CATEGORY=FEAT|Power Attack
ABILITY:CATEGORY=FEAT|Spring Attack
ABILITY:CATEGORY=FEAT|Weapon Finesse
ABILITY:CATEGORY=FEAT|Weapon Focus (slam)

STARTPACK:Elder Obsidian Quasi-elemental Default	TYPE:Default Monster.Outsider	VISIBLE:QUALIFY	EQUIPBUY:0	PREMULT:1,[PRERACE:1,Elder Obsidian Quasi-elemental],[!PRERACE:1,%]
ALIGN:TN
RACE:Elder Obsidian Quasi-elemental	!PRERACE:1,%
NAME:Elder Obsidian Quasi-elemental
STAT:STR=10|DEX=10|CON=10|INT=10|WIS=10|CHA=10
SKILL:Knowledge (Planes)	RANK:12
SKILL:Perception	RANK:12
SKILL:Sense Motive	RANK:12
SKILL:Stealth	RANK:4
ABILITY:CATEGORY=FEAT|Awesome Blow
ABILITY:CATEGORY=FEAT|Cleave
ABILITY:CATEGORY=FEAT|Great Cleave
ABILITY:CATEGORY=FEAT|Improved Bull Rush
ABILITY:CATEGORY=FEAT|Improved Critical (claw)
ABILITY:CATEGORY=FEAT|Improved Natural Attack
ABILITY:CATEGORY=FEAT|Power Attack

STARTPACK:Elder Positive Energy Elemental Default	TYPE:Default Monster.Outsider	VISIBLE:QUALIFY	EQUIPBUY:0	PREMULT:1,[PRERACE:1,Elder Positive Energy Elemental],[!PRERACE:1,%]
ALIGN:TN
RACE:Elder Positive Energy Elemental	!PRERACE:1,%
NAME:Elder Positive Energy Elemental
STAT:STR=10|DEX=10|CON=10|INT=10|WIS=10|CHA=10
SKILL:Fly	RANK:16
SKILL:Intimidate	RANK:16
SKILL:Knowledge (Planes)	RANK:16
SKILL:Knowledge (Religion)	RANK:16
SKILL:Perception	RANK:16
SKILL:Stealth	RANK:8
ABILITY:CATEGORY=FEAT|Blind-Fight
ABILITY:CATEGORY=FEAT|Combat Reflexes
ABILITY:CATEGORY=FEAT|Dodge
ABILITY:CATEGORY=FEAT|Extra Channel
ABILITY:CATEGORY=FEAT|Flyby Attack
ABILITY:CATEGORY=FEAT|Improved Initiative
ABILITY:CATEGORY=FEAT|Power Attack
ABILITY:CATEGORY=FEAT|Spring Attack
ABILITY:CATEGORY=FEAT|Weapon Finesse
ABILITY:CATEGORY=FEAT|Weapon Focus (slam)

STARTPACK:Elemental Air Dragon Default	TYPE:Default Monster.Outsider	VISIBLE:QUALIFY	EQUIPBUY:0	PREMULT:1,[PRERACE:1,Elemental Air Dragon],[!PRERACE:1,%]
ALIGN:NE
RACE:Elemental Air Dragon	!PRERACE:1,%
NAME:Elemental Air Dragon
STAT:STR=10|DEX=10|CON=10|INT=10|WIS=10|CHA=10
SKILL:Fly	RANK:16
SKILL:Intimidate	RANK:24
SKILL:Knowledge (Arcana)	RANK:24
SKILL:Knowledge (Nature)	RANK:24
SKILL:Knowledge (Planes)	RANK:24
SKILL:Perception	RANK:24
SKILL:Survival	RANK:24
ABILITY:CATEGORY=FEAT|Ability Focus (breath weapon)
ABILITY:CATEGORY=FEAT|Blind-Fight
ABILITY:CATEGORY=FEAT|Cleave
ABILITY:CATEGORY=FEAT|Flyby Attack
ABILITY:CATEGORY=FEAT|Great Cleave
ABILITY:CATEGORY=FEAT|Hover
ABILITY:CATEGORY=FEAT|Multiattack
ABILITY:CATEGORY=FEAT|Power Attack
ABILITY:CATEGORY=FEAT|Snatch
ABILITY:CATEGORY=FEAT|Vital Strike
ABILITY:CATEGORY=FEAT|Weapon Focus (bite)
ABILITY:CATEGORY=FEAT|Weapon Focus (claw)

STARTPACK:Elemental Earth Dragon Default	TYPE:Default Monster.Outsider	VISIBLE:QUALIFY	EQUIPBUY:0	PREMULT:1,[PRERACE:1,Elemental Earth Dragon],[!PRERACE:1,%]
ALIGN:NE
RACE:Elemental Earth Dragon	!PRERACE:1,%
NAME:Elemental Earth Dragon
STAT:STR=10|DEX=10|CON=10|INT=10|WIS=10|CHA=10
SKILL:Fly	RANK:16
SKILL:Intimidate	RANK:24
SKILL:Knowledge (Nature)	RANK:24
SKILL:Knowledge (Planes)	RANK:24
SKILL:Perception	RANK:24
SKILL:Survival	RANK:24
ABILITY:CATEGORY=FEAT|Ability Focus (breath weapon)
ABILITY:CATEGORY=FEAT|Blind-Fight
ABILITY:CATEGORY=FEAT|Cleave
ABILITY:CATEGORY=FEAT|Flyby Attack
ABILITY:CATEGORY=FEAT|Great Cleave
ABILITY:CATEGORY=FEAT|Hover
ABILITY:CATEGORY=FEAT|Multiattack
ABILITY:CATEGORY=FEAT|Power Attack
ABILITY:CATEGORY=FEAT|Snatch
ABILITY:CATEGORY=FEAT|Vital Strike
ABILITY:CATEGORY=FEAT|Weapon Focus (bite)
ABILITY:CATEGORY=FEAT|Weapon Focus (claw)

STARTPACK:Elemental Fire Dragon Default	TYPE:Default Monster.Outsider	VISIBLE:QUALIFY	EQUIPBUY:0	PREMULT:1,[PRERACE:1,Elemental Fire Dragon],[!PRERACE:1,%]
ALIGN:NE
RACE:Elemental Fire Dragon	!PRERACE:1,%
NAME:Elemental Fire Dragon
STAT:STR=10|DEX=10|CON=10|INT=10|WIS=10|CHA=10
SKILL:Fly	RANK:16
SKILL:Intimidate	RANK:24
SKILL:Knowledge (Arcana)	RANK:24
SKILL:Knowledge (Nature)	RANK:24
SKILL:Knowledge (Planes)	RANK:24
SKILL:Perception	RANK:24
SKILL:Survival	RANK:24
ABILITY:CATEGORY=FEAT|Ability Focus (breath weapon)
ABILITY:CATEGORY=FEAT|Blind-Fight
ABILITY:CATEGORY=FEAT|Cleave
ABILITY:CATEGORY=FEAT|Flyby Attack
ABILITY:CATEGORY=FEAT|Great Cleave
ABILITY:CATEGORY=FEAT|Hover
ABILITY:CATEGORY=FEAT|Multiattack
ABILITY:CATEGORY=FEAT|Power Attack
ABILITY:CATEGORY=FEAT|Snatch
ABILITY:CATEGORY=FEAT|Vital Strike
ABILITY:CATEGORY=FEAT|Weapon Focus (bite)
ABILITY:CATEGORY=FEAT|Weapon Focus (claw)

STARTPACK:Elemental Water Dragon Default	TYPE:Default Monster.Outsider	VISIBLE:QUALIFY	EQUIPBUY:0	PREMULT:1,[PRERACE:1,Elemental Water Dragon],[!PRERACE:1,%]
ALIGN:NE
RACE:Elemental Water Dragon	!PRERACE:1,%
NAME:Elemental Water Dragon
STAT:STR=10|DEX=10|CON=10|INT=10|WIS=10|CHA=10
SKILL:Fly	RANK:15
SKILL:Intimidate	RANK:24
SKILL:Knowledge (Nature)	RANK:24
SKILL:Knowledge (Planes)	RANK:24
SKILL:Perception	RANK:24
SKILL:Survival	RANK:24
SKILL:Swim	RANK:9
ABILITY:CATEGORY=FEAT|Ability Focus (breath weapon)
ABILITY:CATEGORY=FEAT|Blind-Fight
ABILITY:CATEGORY=FEAT|Cleave
ABILITY:CATEGORY=FEAT|Flyby Attack
ABILITY:CATEGORY=FEAT|Great Cleave
ABILITY:CATEGORY=FEAT|Hover
ABILITY:CATEGORY=FEAT|Multiattack
ABILITY:CATEGORY=FEAT|Power Attack
ABILITY:CATEGORY=FEAT|Snatch
ABILITY:CATEGORY=FEAT|Vital Strike
ABILITY:CATEGORY=FEAT|Weapon Focus (bite)
ABILITY:CATEGORY=FEAT|Weapon Focus (claw)

STARTPACK:Elusa Hound Default	TYPE:Default Monster.Magical Beast	VISIBLE:QUALIFY	EQUIPBUY:0	PREMULT:1,[PRERACE:1,Elusa Hound],[!PRERACE:1,%]
ALIGN:TN
RACE:Elusa Hound	!PRERACE:1,%
NAME:Elusa Hound
STAT:STR=10|DEX=10|CON=10|INT=10|WIS=10|CHA=10
SKILL:Perception	RANK:4
SKILL:Survival	RANK:4
ABILITY:CATEGORY=FEAT|Skill Focus (Perception)
ABILITY:CATEGORY=FEAT|Skill Focus (Survival)

STARTPACK:Empyreal Default	TYPE:Default Monster.Outsider	VISIBLE:QUALIFY	EQUIPBUY:0	PREMULT:1,[PRERACE:1,Empyreal],[!PRERACE:1,%]
ALIGN:LG
RACE:Empyreal	!PRERACE:1,%
NAME:Empyreal
STAT:STR=10|DEX=10|CON=10|INT=10|WIS=10|CHA=10
SKILL:Diplomacy	RANK:13
SKILL:Fly	RANK:13
SKILL:Heal	RANK:13
SKILL:Intimidate	RANK:10
SKILL:Knowledge (Planes)	RANK:13
SKILL:Knowledge (Religion)	RANK:10
SKILL:Perception	RANK:13
SKILL:Sense Motive	RANK:13
SKILL:Stealth	RANK:9
SKILL:Survival	RANK:13
ABILITY:CATEGORY=FEAT|Alertness
ABILITY:CATEGORY=FEAT|Blind-Fight
ABILITY:CATEGORY=FEAT|Cleave
ABILITY:CATEGORY=FEAT|Great Fortitude
ABILITY:CATEGORY=FEAT|Improved Initiative
ABILITY:CATEGORY=FEAT|Power Attack
ABILITY:CATEGORY=FEAT|Weapon Focus (longsword)

STARTPACK:Encephalon Gorger Default	TYPE:Default Monster.Aberration	VISIBLE:QUALIFY	EQUIPBUY:0	PREMULT:1,[PRERACE:1,Encephalon Gorger],[!PRERACE:1,%]
ALIGN:CE
RACE:Encephalon Gorger	!PRERACE:1,%
NAME:Encephalon Gorger
STAT:STR=10|DEX=10|CON=10|INT=10|WIS=10|CHA=10
SKILL:Bluff	RANK:10
SKILL:Diplomacy	RANK:5
SKILL:Escape Artist	RANK:5
SKILL:Intimidate	RANK:10
SKILL:Knowledge (Any One)	RANK:10
SKILL:Knowledge (Local)	RANK:10
SKILL:Knowledge (Planes)	RANK:10
SKILL:Perception	RANK:10
SKILL:Sense Motive	RANK:10
SKILL:Stealth	RANK:5
SKILL:Survival	RANK:5
ABILITY:CATEGORY=FEAT|Dodge
ABILITY:CATEGORY=FEAT|Improved Initiative
ABILITY:CATEGORY=FEAT|Mobility
ABILITY:CATEGORY=FEAT|Skill Focus (Perception)
ABILITY:CATEGORY=FEAT|Weapon Finesse

STARTPACK:Entropic Ooze Default	TYPE:Default Monster.Ooze	VISIBLE:QUALIFY	EQUIPBUY:0	PREMULT:1,[PRERACE:1,Entropic Ooze],[!PRERACE:1,%]
ALIGN:TN
RACE:Entropic Ooze	!PRERACE:1,%
NAME:Entropic Ooze
STAT:STR=10|DEX=10|CON=10|WIS=10|CHA=10
SKILL:Climb	RANK:5

STARTPACK:Ethereal Rat Default	TYPE:Default Monster.Magical Beast	VISIBLE:QUALIFY	EQUIPBUY:0	PREMULT:1,[PRERACE:1,Ethereal Rat],[!PRERACE:1,%]
ALIGN:TN
RACE:Ethereal Rat	!PRERACE:1,%
NAME:Ethereal Rat
STAT:STR=10|DEX=10|CON=10|INT=10|WIS=10|CHA=10
SKILL:Climb	RANK:2
SKILL:Perception	RANK:2
ABILITY:CATEGORY=FEAT|Weapon Finesse

STARTPACK:Euryale Default	TYPE:Default Monster.Outsider	VISIBLE:QUALIFY	EQUIPBUY:0	PREMULT:1,[PRERACE:1,Euryale],[!PRERACE:1,%]
ALIGN:LE
RACE:Euryale	!PRERACE:1,%
NAME:Euryale
STAT:STR=10|DEX=10|CON=10|INT=10|WIS=10|CHA=10
SKILL:Acrobatics	RANK:20
SKILL:Bluff	RANK:20
SKILL:Craft (alchemy)	RANK:20
SKILL:Diplomacy	RANK:20
SKILL:Fly	RANK:14
SKILL:Intimidate	RANK:20
SKILL:Knowledge (Arcana)	RANK:20
SKILL:Knowledge (Dungeoneering)	RANK:17
SKILL:Knowledge (Planes)	RANK:20
SKILL:Perception	RANK:20
SKILL:Sense Motive	RANK:20
SKILL:Stealth	RANK:16
SKILL:Survival	RANK:17
ABILITY:CATEGORY=FEAT|Cleave
ABILITY:CATEGORY=FEAT|Great Cleave
ABILITY:CATEGORY=FEAT|Improved Initiative
ABILITY:CATEGORY=FEAT|Lightning Reflexes
ABILITY:CATEGORY=FEAT|Multiattack
ABILITY:CATEGORY=FEAT|Power Attack
ABILITY:CATEGORY=FEAT|Vital Strike
ABILITY:CATEGORY=FEAT|Weapon Focus (bite) Weapon Focus (claw)
ABILITY:CATEGORY=FEAT|Weapon Focus (snake bite)

STARTPACK:Eye Killer Default	TYPE:Default Monster.Magical Beast	VISIBLE:QUALIFY	EQUIPBUY:0	PREMULT:1,[PRERACE:1,Eye Killer],[!PRERACE:1,%]
ALIGN:CE
RACE:Eye Killer	!PRERACE:1,%
NAME:Eye Killer
STAT:STR=10|DEX=10|CON=10|INT=10|WIS=10|CHA=10
SKILL:Perception	RANK:6
SKILL:Stealth	RANK:3
ABILITY:CATEGORY=FEAT|Improved Natural Attack (tail slap)
ABILITY:CATEGORY=FEAT|Power Attack
ABILITY:CATEGORY=FEAT|Weapon Focus (tail slap)

STARTPACK:Eye Of The Deep Default	TYPE:Default Monster.Aberration	VISIBLE:QUALIFY	EQUIPBUY:0	PREMULT:1,[PRERACE:1,Eye Of The Deep],[!PRERACE:1,%]
ALIGN:LE
RACE:Eye Of The Deep	!PRERACE:1,%
NAME:Eye Of The Deep
STAT:STR=10|DEX=10|CON=10|INT=10|WIS=10|CHA=10
SKILL:Knowledge (Nature)	RANK:10
SKILL:Perception	RANK:10
SKILL:Stealth	RANK:10
SKILL:Survival	RANK:10
SKILL:Swim	RANK:10
ABILITY:CATEGORY=FEAT|Flyby Attack
ABILITY:CATEGORY=FEAT|Improved Initiative
ABILITY:CATEGORY=FEAT|Improved Natural Attack (pincers)
ABILITY:CATEGORY=FEAT|Iron Will
ABILITY:CATEGORY=FEAT|Lightning Reflexes

STARTPACK:Fanged Sea Serpent Default	TYPE:Default Monster.Dragon	VISIBLE:QUALIFY	EQUIPBUY:0	PREMULT:1,[PRERACE:1,Fanged Sea Serpent],[!PRERACE:1,%]
ALIGN:TN
RACE:Fanged Sea Serpent	!PRERACE:1,%
NAME:Fanged Sea Serpent
STAT:STR=10|DEX=10|CON=10|INT=10|WIS=10|CHA=10
SKILL:Perception	RANK:6
SKILL:Stealth	RANK:2
SKILL:Survival	RANK:6
SKILL:Swim	RANK:8
ABILITY:CATEGORY=FEAT|Cleave
ABILITY:CATEGORY=FEAT|Great Cleave
ABILITY:CATEGORY=FEAT|Power Attack
ABILITY:CATEGORY=FEAT|Swim-By Attack
ABILITY:CATEGORY=FEAT|Weapon Focus (bite)

STARTPACK:Fear Guard Default	TYPE:Default Monster.Undead	VISIBLE:QUALIFY	EQUIPBUY:0	PREMULT:1,[PRERACE:1,Fear Guard],[!PRERACE:1,%]
ALIGN:CE
RACE:Fear Guard	!PRERACE:1,%
NAME:Fear Guard
STAT:DEX=10|INT=10|WIS=10|CHA=10
SKILL:Fly	RANK:6
SKILL:Perception	RANK:6
SKILL:Sense Motive	RANK:6
SKILL:Stealth	RANK:5
ABILITY:CATEGORY=FEAT|Dodge
ABILITY:CATEGORY=FEAT|Improved Initiative
ABILITY:CATEGORY=FEAT|Weapon Focus (incorporeal touch)

STARTPACK:Fen Witch Default	TYPE:Default Monster.Monstrous Humanoid	VISIBLE:QUALIFY	EQUIPBUY:0	PREMULT:1,[PRERACE:1,Fen Witch],[!PRERACE:1,%]
ALIGN:CE
RACE:Fen Witch	!PRERACE:1,%
NAME:Fen Witch
STAT:STR=10|DEX=10|CON=10|INT=10|WIS=10|CHA=10
SKILL:Climb	RANK:6
SKILL:Intimidate	RANK:6
SKILL:Perception	RANK:6
SKILL:Stealth	RANK:6
SKILL:Survival	RANK:5
SKILL:Swim	RANK:6
ABILITY:CATEGORY=FEAT|Alertness
ABILITY:CATEGORY=FEAT|Blind-Fight
ABILITY:CATEGORY=FEAT|Great Fortitude

STARTPACK:Ferrous Giant Default	TYPE:Default Monster.Humanoid	VISIBLE:QUALIFY	EQUIPBUY:0	PREMULT:1,[PRERACE:1,Ferrous Giant],[!PRERACE:1,%]
ALIGN:TN
RACE:Ferrous Giant	!PRERACE:1,%
NAME:Ferrous Giant
STAT:STR=10|DEX=10|CON=10|INT=10|WIS=10|CHA=10
SKILL:Craft (any one)	RANK:25
SKILL:Craft (weaponsmithing)	RANK:25
SKILL:Perception	RANK:25
SKILL:Spellcraft	RANK:22
ABILITY:CATEGORY=FEAT|Awesome Blow
ABILITY:CATEGORY=FEAT|Cleave
ABILITY:CATEGORY=FEAT|Critical Focus
ABILITY:CATEGORY=FEAT|Great Cleave
ABILITY:CATEGORY=FEAT|Greater Bull Rush
ABILITY:CATEGORY=FEAT|Greater Sunder
ABILITY:CATEGORY=FEAT|Improved Bull Rush
ABILITY:CATEGORY=FEAT|Improved Critical (greatsword or greataxe)
ABILITY:CATEGORY=FEAT|Improved Sunder
ABILITY:CATEGORY=FEAT|Iron Will
ABILITY:CATEGORY=FEAT|Power Attack
ABILITY:CATEGORY=FEAT|Skill Focus (Craft [weaponsmithing])
ABILITY:CATEGORY=FEAT|Staggering Critical

STARTPACK:Fetch Default	TYPE:Default Monster.Undead	VISIBLE:QUALIFY	EQUIPBUY:0	PREMULT:1,[PRERACE:1,Fetch],[!PRERACE:1,%]
ALIGN:LE
RACE:Fetch	!PRERACE:1,%
NAME:Fetch
STAT:STR=10|DEX=10|INT=10|WIS=10|CHA=10
SKILL:Climb	RANK:3
SKILL:Intimidate	RANK:3
SKILL:Perception	RANK:3
SKILL:Stealth	RANK:3
ABILITY:CATEGORY=FEAT|Toughness
ABILITY:CATEGORY=FEAT|Weapon Focus (claw)

STARTPACK:Filcher Gremlin Default	TYPE:Default Monster.Fey	VISIBLE:QUALIFY	EQUIPBUY:0	PREMULT:1,[PRERACE:1,Filcher Gremlin],[!PRERACE:1,%]
ALIGN:CE
RACE:Filcher Gremlin	!PRERACE:1,%
NAME:Filcher Gremlin
STAT:STR=10|DEX=10|CON=10|INT=10|WIS=10|CHA=10
SKILL:Acrobatics	RANK:1
SKILL:Bluff	RANK:1
SKILL:Climb	RANK:1
SKILL:Craft (traps)	RANK:1
SKILL:Disable Device	RANK:1
SKILL:Escape Artist	RANK:1
SKILL:Perception	RANK:1
SKILL:Sleight of Hand	RANK:1
SKILL:Stealth	RANK:1
ABILITY:CATEGORY=FEAT|Dodge
ABILITY:CATEGORY=FEAT|Mobility
ABILITY:CATEGORY=FEAT|Spring Attack
ABILITY:CATEGORY=FEAT|Weapon Finesse

STARTPACK:Fire Drake Default	TYPE:Default Monster.Dragon	VISIBLE:QUALIFY	EQUIPBUY:0	PREMULT:1,[PRERACE:1,Fire Drake],[!PRERACE:1,%]
ALIGN:CE
RACE:Fire Drake	!PRERACE:1,%
NAME:Fire Drake
STAT:STR=10|DEX=10|CON=10|INT=10|WIS=10|CHA=10
SKILL:Fly	RANK:4
SKILL:Perception	RANK:4
SKILL:Stealth	RANK:4
ABILITY:CATEGORY=FEAT|Flyby Attack
ABILITY:CATEGORY=FEAT|Weapon Focus (bite)

STARTPACK:Fire Elemental Construct Default	TYPE:Default Monster.Construct	VISIBLE:QUALIFY	EQUIPBUY:0	PREMULT:1,[PRERACE:1,Fire Elemental Construct],[!PRERACE:1,%]
ALIGN:TN
RACE:Fire Elemental Construct	!PRERACE:1,%
NAME:Fire Elemental Construct
STAT:STR=10|DEX=10|WIS=10|CHA=10

STARTPACK:Fire Lizard Default	TYPE:Default Monster.Magical Beast	VISIBLE:QUALIFY	EQUIPBUY:0	PREMULT:1,[PRERACE:1,Fire Lizard],[!PRERACE:1,%]
ALIGN:TN
RACE:Fire Lizard	!PRERACE:1,%
NAME:Fire Lizard
STAT:STR=10|DEX=10|CON=10|INT=10|WIS=10|CHA=10
SKILL:Stealth	RANK:8
ABILITY:CATEGORY=FEAT|Ability Focus (breath weapon)
ABILITY:CATEGORY=FEAT|Cleave
ABILITY:CATEGORY=FEAT|Power Attack
ABILITY:CATEGORY=FEAT|Skill Focus (Stealth)
ABILITY:CATEGORY=FEAT|Weapon Focus (bite)

STARTPACK:Fire Nymph Default	TYPE:Default Monster.Outsider	VISIBLE:QUALIFY	EQUIPBUY:0	PREMULT:1,[PRERACE:1,Fire Nymph],[!PRERACE:1,%]
ALIGN:CN
RACE:Fire Nymph	!PRERACE:1,%
NAME:Fire Nymph
STAT:STR=10|DEX=10|CON=10|INT=10|WIS=10|CHA=10
SKILL:Bluff	RANK:2
SKILL:Diplomacy	RANK:2
SKILL:Escape Artist	RANK:2
SKILL:Knowledge (Nature)	RANK:2
SKILL:Knowledge (Planes)	RANK:2
SKILL:Perception	RANK:2
SKILL:Sense Motive	RANK:2
SKILL:Stealth	RANK:2
SKILL:Survival	RANK:2
ABILITY:CATEGORY=FEAT|Dodge

STARTPACK:Fire Phantom Default	TYPE:Default Monster.Undead	VISIBLE:QUALIFY	EQUIPBUY:0	PREMULT:1,[PRERACE:1,Fire Phantom],[!PRERACE:1,%]
ALIGN:CE
RACE:Fire Phantom	!PRERACE:1,%
NAME:Fire Phantom
STAT:STR=10|DEX=10|INT=10|WIS=10|CHA=10
SKILL:Intimidate	RANK:4
SKILL:Perception	RANK:6
ABILITY:CATEGORY=FEAT|Improved Initiative
ABILITY:CATEGORY=FEAT|Skill Focus (Perception)
ABILITY:CATEGORY=FEAT|Toughness
ABILITY:CATEGORY=FEAT|Weapon Focus (slam)

STARTPACK:Fire Snake Default	TYPE:Default Monster.Outsider	VISIBLE:QUALIFY	EQUIPBUY:0	PREMULT:1,[PRERACE:1,Fire Snake],[!PRERACE:1,%]
ALIGN:TN
RACE:Fire Snake	!PRERACE:1,%
NAME:Fire Snake
STAT:STR=10|DEX=10|CON=10|INT=10|WIS=10|CHA=10
SKILL:Acrobatics	RANK:2
SKILL:Climb	RANK:2
SKILL:Perception	RANK:2
SKILL:Stealth	RANK:2
ABILITY:CATEGORY=FEAT|Weapon Finesse

STARTPACK:Fire Whale Default	TYPE:Default Monster.Magical Beast	VISIBLE:QUALIFY	EQUIPBUY:0	PREMULT:1,[PRERACE:1,Fire Whale],[!PRERACE:1,%]
ALIGN:TN
RACE:Fire Whale	!PRERACE:1,%
NAME:Fire Whale
STAT:STR=10|DEX=10|CON=10|INT=10|WIS=10|CHA=10
SKILL:Perception	RANK:10
SKILL:Swim	RANK:12
ABILITY:CATEGORY=FEAT|Awesome Blow
ABILITY:CATEGORY=FEAT|Diehard
ABILITY:CATEGORY=FEAT|Endurance
ABILITY:CATEGORY=FEAT|Improved Bull Rush
ABILITY:CATEGORY=FEAT|Iron Will
ABILITY:CATEGORY=FEAT|Power Attack

STARTPACK:Flagstone Golem Default	TYPE:Default Monster.Construct	VISIBLE:QUALIFY	EQUIPBUY:0	PREMULT:1,[PRERACE:1,Flagstone Golem],[!PRERACE:1,%]
ALIGN:TN
RACE:Flagstone Golem	!PRERACE:1,%
NAME:Flagstone Golem
STAT:STR=10|DEX=10|WIS=10|CHA=10

STARTPACK:Flayer Devil Default	TYPE:Default Monster.Outsider	VISIBLE:QUALIFY	EQUIPBUY:0	PREMULT:1,[PRERACE:1,Flayer Devil],[!PRERACE:1,%]
ALIGN:LE
RACE:Flayer Devil	!PRERACE:1,%
NAME:Flayer Devil
STAT:STR=10|DEX=10|CON=10|INT=10|WIS=10|CHA=10
SKILL:Climb	RANK:12
SKILL:Escape Artist	RANK:12
SKILL:Intimidate	RANK:12
SKILL:Knowledge (Planes)	RANK:12
SKILL:Perception	RANK:12
SKILL:Sense Motive	RANK:12
SKILL:Stealth	RANK:8
SKILL:Survival	RANK:12
ABILITY:CATEGORY=FEAT|Alertness
ABILITY:CATEGORY=FEAT|Cleave
ABILITY:CATEGORY=FEAT|Improved Critical (claw)
ABILITY:CATEGORY=FEAT|Power Attack
ABILITY:CATEGORY=FEAT|Weapon Focus (bite)
ABILITY:CATEGORY=FEAT|Weapon Focus (claw)

STARTPACK:Flind Default	TYPE:Default Monster.Humanoid	VISIBLE:QUALIFY	EQUIPBUY:0	PREMULT:1,[PRERACE:1,Flind],[!PRERACE:1,%]
ALIGN:LE
RACE:Flind	!PRERACE:1,%
NAME:Flind
STAT:STR=10|DEX=10|CON=10|INT=10|WIS=10|CHA=10
SKILL:Handle Animal	RANK:2
SKILL:Intimidate	RANK:1
SKILL:Perception	RANK:1
ABILITY:CATEGORY=FEAT|Power Attack

STARTPACK:Floating Eye Default	TYPE:Default Monster.Magical Beast	VISIBLE:QUALIFY	EQUIPBUY:0	PREMULT:1,[PRERACE:1,Floating Eye],[!PRERACE:1,%]
ALIGN:TN
RACE:Floating Eye	!PRERACE:1,%
NAME:Floating Eye
STAT:STR=10|DEX=10|CON=10|INT=10|WIS=10|CHA=10
SKILL:Perception	RANK:1
SKILL:Stealth	RANK:1
SKILL:Swim	RANK:1
ABILITY:CATEGORY=FEAT|Skill Focus (Perception)

STARTPACK:Fogwarden Default	TYPE:Default Monster.Aberration	VISIBLE:QUALIFY	EQUIPBUY:0	PREMULT:1,[PRERACE:1,Fogwarden],[!PRERACE:1,%]
ALIGN:NE
RACE:Fogwarden	!PRERACE:1,%
NAME:Fogwarden
STAT:STR=10|DEX=10|CON=10|INT=10|WIS=10|CHA=10
SKILL:Fly	RANK:4
SKILL:Intimidate	RANK:4
SKILL:Perception	RANK:4
SKILL:Sense Motive	RANK:1
SKILL:Stealth	RANK:4
ABILITY:CATEGORY=FEAT|Ability Focus (lightning bolt)
ABILITY:CATEGORY=FEAT|Dodge

STARTPACK:Forester's Bane Default	TYPE:Default Monster.Plant	VISIBLE:QUALIFY	EQUIPBUY:0	PREMULT:1,[PRERACE:1,Forester's Bane],[!PRERACE:1,%]
ALIGN:TN
RACE:Forester's Bane	!PRERACE:1,%
NAME:Forester's Bane
STAT:STR=10|DEX=10|CON=10|WIS=10|CHA=10

STARTPACK:Forgotten One Default	TYPE:Default Monster.Fey	VISIBLE:QUALIFY	EQUIPBUY:0	PREMULT:1,[PRERACE:1,Forgotten One],[!PRERACE:1,%]
ALIGN:TN
RACE:Forgotten One	!PRERACE:1,%
NAME:Forgotten One
STAT:STR=10|DEX=10|CON=10|INT=10|WIS=10|CHA=10
SKILL:Acrobatics	RANK:3
SKILL:Climb	RANK:3
SKILL:Craft (alchemy)	RANK:3
SKILL:Escape Artist	RANK:3
SKILL:Knowledge (Nature)	RANK:3
SKILL:Perception	RANK:3
SKILL:Sense Motive	RANK:3
SKILL:Stealth	RANK:3
SKILL:Survival	RANK:1
ABILITY:CATEGORY=FEAT|Skill Focus (Knowledge [nature])
ABILITY:CATEGORY=FEAT|Weapon Finesse

STARTPACK:Four-armed Gargoyle Default	TYPE:Default Monster.Monstrous Humanoid	VISIBLE:QUALIFY	EQUIPBUY:0	PREMULT:1,[PRERACE:1,Four-armed Gargoyle],[!PRERACE:1,%]
ALIGN:CE
RACE:Four-armed Gargoyle	!PRERACE:1,%
NAME:Four-armed Gargoyle
STAT:STR=10|DEX=10|CON=10|INT=10|WIS=10|CHA=10
SKILL:Fly	RANK:6
SKILL:Perception	RANK:6
SKILL:Stealth	RANK:6
ABILITY:CATEGORY=FEAT|Hover
ABILITY:CATEGORY=FEAT|Improved Initiative
ABILITY:CATEGORY=FEAT|Skill Focus (Fly)

STARTPACK:Fraz-urb'luu Default	TYPE:Default Monster.Outsider	VISIBLE:QUALIFY	EQUIPBUY:0	PREMULT:1,[PRERACE:1,Fraz-urb'luu],[!PRERACE:1,%]
ALIGN:CE
RACE:Fraz-urb'luu	!PRERACE:1,%
NAME:Fraz-urb'luu
STAT:STR=10|DEX=10|CON=10|INT=10|WIS=10|CHA=10
SKILL:Bluff	RANK:40
SKILL:Diplomacy	RANK:40
SKILL:Disguise	RANK:1
SKILL:Escape Artist	RANK:37
SKILL:Fly	RANK:40
SKILL:Knowledge (Arcana)	RANK:40
SKILL:Knowledge (History)	RANK:37
SKILL:Knowledge (Nobility)	RANK:40
SKILL:Knowledge (Planes)	RANK:40
SKILL:Knowledge (Religion)	RANK:37
SKILL:Perception	RANK:40
SKILL:Sense Motive	RANK:40
SKILL:Spellcraft	RANK:40
SKILL:Survival	RANK:37
ABILITY:CATEGORY=FEAT|Awesome Blow
ABILITY:CATEGORY=FEAT|Cleave
ABILITY:CATEGORY=FEAT|Craft Staff
ABILITY:CATEGORY=FEAT|Critical Focus
ABILITY:CATEGORY=FEAT|Deceitful
ABILITY:CATEGORY=FEAT|Extend Spell
ABILITY:CATEGORY=FEAT|Empower Spell
ABILITY:CATEGORY=FEAT|Enlarge Spell
ABILITY:CATEGORY=FEAT|Great Fortitude
ABILITY:CATEGORY=FEAT|Improved Bull Rush
ABILITY:CATEGORY=FEAT|Improved Critical (slam)
ABILITY:CATEGORY=FEAT|Improved Initiative
ABILITY:CATEGORY=FEAT|Improved Sunder
ABILITY:CATEGORY=FEAT|Maximize Spell
ABILITY:CATEGORY=FEAT|Power Attack
ABILITY:CATEGORY=FEAT|Quicken Spell-Like Ability (prismatic spray)
ABILITY:CATEGORY=FEAT|Staggering Critical
ABILITY:CATEGORY=FEAT|Stunning Critical
ABILITY:CATEGORY=FEAT|Weapon Focus (slam)
ABILITY:CATEGORY=FEAT|Widen Spell

STARTPACK:Frost Man Default	TYPE:Default Monster.Humanoid	VISIBLE:QUALIFY	EQUIPBUY:0	PREMULT:1,[PRERACE:1,Frost Man],[!PRERACE:1,%]
ALIGN:LE
RACE:Frost Man	!PRERACE:1,%
NAME:Frost Man
STAT:STR=10|DEX=10|CON=10|INT=10|WIS=10|CHA=10
SKILL:Perception	RANK:1
SKILL:Stealth	RANK:1
SKILL:Survival	RANK:4
ABILITY:CATEGORY=FEAT|Blind-Fight
ABILITY:CATEGORY=FEAT|Skill Focus (Survival)

STARTPACK:Fungoid Default	TYPE:Default Monster.Plant	VISIBLE:QUALIFY	EQUIPBUY:0	PREMULT:1,[PRERACE:1,Fungoid],[!PRERACE:1,%]
ALIGN:NE
RACE:Fungoid	!PRERACE:1,%
NAME:Fungoid
STAT:STR=10|DEX=10|CON=10|INT=10|WIS=10|CHA=10
SKILL:Perception	RANK:5
SKILL:Stealth	RANK:2
ABILITY:CATEGORY=FEAT|Improved Initiative
ABILITY:CATEGORY=FEAT|Power Attack
ABILITY:CATEGORY=FEAT|Weapon Focus (slam)

STARTPACK:Fungus Gargoyle Default	TYPE:Default Monster.Plant	VISIBLE:QUALIFY	EQUIPBUY:0	PREMULT:1,[PRERACE:1,Fungus Gargoyle],[!PRERACE:1,%]
ALIGN:NE
RACE:Fungus Gargoyle	!PRERACE:1,%
NAME:Fungus Gargoyle
STAT:STR=10|DEX=10|CON=10|INT=10|WIS=10|CHA=10
SKILL:Fly	RANK:1
SKILL:Perception	RANK:7
SKILL:Stealth	RANK:5
ABILITY:CATEGORY=FEAT|Power Attack
ABILITY:CATEGORY=FEAT|Iron Will
ABILITY:CATEGORY=FEAT|Skill Focus (Perception)
ABILITY:CATEGORY=FEAT|Toughness

STARTPACK:Fungus Weird Default	TYPE:Default Monster.Plant	VISIBLE:QUALIFY	EQUIPBUY:0	PREMULT:1,[PRERACE:1,Fungus Weird],[!PRERACE:1,%]
ALIGN:TN
RACE:Fungus Weird	!PRERACE:1,%
NAME:Fungus Weird
STAT:STR=10|DEX=10|CON=10|INT=10|WIS=10|CHA=10
SKILL:Perception	RANK:6
SKILL:Sense Motive	RANK:1
SKILL:Stealth	RANK:2
ABILITY:CATEGORY=FEAT|Alertness
ABILITY:CATEGORY=FEAT|Improved Initiative
ABILITY:CATEGORY=FEAT|Weapon Focus (bite)

STARTPACK:Furnace Golem Default	TYPE:Default Monster.Construct	VISIBLE:QUALIFY	EQUIPBUY:0	PREMULT:1,[PRERACE:1,Furnace Golem],[!PRERACE:1,%]
ALIGN:TN
RACE:Furnace Golem	!PRERACE:1,%
NAME:Furnace Golem
STAT:STR=10|DEX=10|WIS=10|CHA=10

STARTPACK:Fye Default	TYPE:Default Monster.Undead	VISIBLE:QUALIFY	EQUIPBUY:0	PREMULT:1,[PRERACE:1,Fye],[!PRERACE:1,%]
ALIGN:TN
RACE:Fye	!PRERACE:1,%
NAME:Fye
STAT:DEX=10|WIS=10|CHA=10
SKILL:Fly	RANK:4

STARTPACK:Fyr Default	TYPE:Default Monster.Fey	VISIBLE:QUALIFY	EQUIPBUY:0	PREMULT:1,[PRERACE:1,Fyr],[!PRERACE:1,%]
ALIGN:TN
RACE:Fyr	!PRERACE:1,%
NAME:Fyr
STAT:STR=10|DEX=10|CON=10|INT=10|WIS=10|CHA=10
SKILL:Appraise	RANK:1
SKILL:Bluff	RANK:1
SKILL:Craft (jewelry)	RANK:2
SKILL:Handle Animal	RANK:2
SKILL:Knowledge (Nature)	RANK:2
SKILL:Perception	RANK:2
SKILL:Sense Motive	RANK:2
SKILL:Stealth	RANK:2
SKILL:Survival	RANK:1
ABILITY:CATEGORY=FEAT|Alertness

STARTPACK:Gallows Tree Default	TYPE:Default Monster.Plant	VISIBLE:QUALIFY	EQUIPBUY:0	PREMULT:1,[PRERACE:1,Gallows Tree],[!PRERACE:1,%]
ALIGN:TN
RACE:Gallows Tree	!PRERACE:1,%
NAME:Gallows Tree
STAT:STR=10|DEX=10|CON=10|INT=10|WIS=10|CHA=10
SKILL:Perception	RANK:19
SKILL:Stealth	RANK:11
ABILITY:CATEGORY=FEAT|Cleave
ABILITY:CATEGORY=FEAT|Critical Focus
ABILITY:CATEGORY=FEAT|Great Cleave
ABILITY:CATEGORY=FEAT|Improved Critical (slam)
ABILITY:CATEGORY=FEAT|Improved Initiative
ABILITY:CATEGORY=FEAT|Improved Sunder
ABILITY:CATEGORY=FEAT|Power Attack
ABILITY:CATEGORY=FEAT|Staggering Critical
ABILITY:CATEGORY=FEAT|Toughness
ABILITY:CATEGORY=FEAT|Weapon Focus (slam)

STARTPACK:Gallows Tree Zombie Default	TYPE:Default Monster.Plant	VISIBLE:QUALIFY	EQUIPBUY:0	PREMULT:1,[PRERACE:1,Gallows Tree Zombie],[!PRERACE:1,%]
ALIGN:TN
RACE:Gallows Tree Zombie	!PRERACE:1,%
NAME:Gallows Tree Zombie
STAT:STR=10|DEX=10|CON=10|INT=10|WIS=10|CHA=10
SKILL:Perception	RANK:6
SKILL:Stealth	RANK:3
ABILITY:CATEGORY=FEAT|Improved Initiative
ABILITY:CATEGORY=FEAT|Power Attack
ABILITY:CATEGORY=FEAT|Skill Focus (Perception)

STARTPACK:Gallu-Demon Default	TYPE:Default Monster.Outsider	VISIBLE:QUALIFY	EQUIPBUY:0	PREMULT:1,[PRERACE:1,Gallu-Demon],[!PRERACE:1,%]
ALIGN:CE
RACE:Gallu-Demon	!PRERACE:1,%
NAME:Gallu-Demon
STAT:STR=10|DEX=10|CON=10|INT=10|WIS=10|CHA=10
SKILL:Bluff	RANK:7
SKILL:Diplomacy	RANK:7
SKILL:Disguise	RANK:7
SKILL:Intimidate	RANK:7
SKILL:Perception	RANK:7
SKILL:Sense Motive	RANK:7
SKILL:Stealth	RANK:3
ABILITY:CATEGORY=FEAT|Cleave
ABILITY:CATEGORY=FEAT|Improved Initiative
ABILITY:CATEGORY=FEAT|Lightning Reflexes
ABILITY:CATEGORY=FEAT|Power Attack

STARTPACK:Gambado Default	TYPE:Default Monster.Aberration	VISIBLE:QUALIFY	EQUIPBUY:0	PREMULT:1,[PRERACE:1,Gambado],[!PRERACE:1,%]
ALIGN:CN
RACE:Gambado	!PRERACE:1,%
NAME:Gambado
STAT:STR=10|DEX=10|CON=10|INT=10|WIS=10|CHA=10
SKILL:Acrobatics	RANK:2
SKILL:Perception	RANK:4
SKILL:Sense Motive	RANK:1
SKILL:Stealth	RANK:4
ABILITY:CATEGORY=FEAT|Alertness
ABILITY:CATEGORY=FEAT|Skill Focus (Stealth)

STARTPACK:Gargantuan Monstrous Sea Wasp Default	TYPE:Default Monster.Vermin	VISIBLE:QUALIFY	EQUIPBUY:0	PREMULT:1,[PRERACE:1,Gargantuan Monstrous Sea Wasp],[!PRERACE:1,%]
ALIGN:TN
RACE:Gargantuan Monstrous Sea Wasp	!PRERACE:1,%
NAME:Gargantuan Monstrous Sea Wasp
STAT:STR=10|DEX=10|CON=10|WIS=10|CHA=10
SKILL:Escape Artist	RANK:7
SKILL:Perception	RANK:1
SKILL:Stealth	RANK:1
SKILL:Swim	RANK:3

STARTPACK:Gelatinous Golem Default	TYPE:Default Monster.Construct	VISIBLE:QUALIFY	EQUIPBUY:0	PREMULT:1,[PRERACE:1,Gelatinous Golem],[!PRERACE:1,%]
ALIGN:TN
RACE:Gelatinous Golem	!PRERACE:1,%
NAME:Gelatinous Golem
STAT:STR=10|DEX=10|INT=10|WIS=10|CHA=10
SKILL:Perception	RANK:13
ABILITY:CATEGORY=FEAT|Great Fortitude
ABILITY:CATEGORY=FEAT|Iron Will
ABILITY:CATEGORY=FEAT|Lighting Reflexes
ABILITY:CATEGORY=FEAT|Power Attack
ABILITY:CATEGORY=FEAT|Skill Focus (Perception)
ABILITY:CATEGORY=FEAT|Toughness
ABILITY:CATEGORY=FEAT|Weapon Focus (slam)

STARTPACK:Geon Default	TYPE:Default Monster.Outsider	VISIBLE:QUALIFY	EQUIPBUY:0	PREMULT:1,[PRERACE:1,Geon],[!PRERACE:1,%]
ALIGN:TN
RACE:Geon	!PRERACE:1,%
NAME:Geon
STAT:STR=10|DEX=10|CON=10|INT=10|WIS=10|CHA=10
SKILL:Appraise	RANK:8
SKILL:Climb	RANK:7
SKILL:Knowledge (Planes)	RANK:8
SKILL:Perception	RANK:8
SKILL:Stealth	RANK:6
SKILL:Survival	RANK:8
ABILITY:CATEGORY=FEAT|Greater Bull Rush
ABILITY:CATEGORY=FEAT|Improved Bull Rush
ABILITY:CATEGORY=FEAT|Power Attack
ABILITY:CATEGORY=FEAT|Weapon Focus (slam)

STARTPACK:Geruzou Demon Default	TYPE:Default Monster.Outsider	VISIBLE:QUALIFY	EQUIPBUY:0	PREMULT:1,[PRERACE:1,Geruzou Demon],[!PRERACE:1,%]
ALIGN:CE
RACE:Geruzou Demon	!PRERACE:1,%
NAME:Geruzou Demon
STAT:STR=10|DEX=10|CON=10|INT=10|WIS=10|CHA=10
SKILL:Escape Artist	RANK:6
SKILL:Fly	RANK:6
SKILL:Perception	RANK:6
SKILL:Stealth	RANK:6
SKILL:Survival	RANK:6
ABILITY:CATEGORY=FEAT|Weapon Finesse
ABILITY:CATEGORY=FEAT|Weapon Focus (bite)
ABILITY:CATEGORY=FEAT|Weapon Focus (claw)

STARTPACK:Geryon Default	TYPE:Default Monster.Outsider	VISIBLE:QUALIFY	EQUIPBUY:0	PREMULT:1,[PRERACE:1,Geryon],[!PRERACE:1,%]
ALIGN:LE
RACE:Geryon	!PRERACE:1,%
NAME:Geryon
STAT:STR=10|DEX=10|CON=10|INT=10|WIS=10|CHA=10
SKILL:Appraise	RANK:32
SKILL:Bluff	RANK:35
SKILL:Diplomacy	RANK:35
SKILL:Escape Artist	RANK:32
SKILL:Fly	RANK:31
SKILL:Intimidate	RANK:35
SKILL:Knowledge (Arcana)	RANK:35
SKILL:Knowledge (Planes)	RANK:35
SKILL:Knowledge (Religion)	RANK:32
SKILL:Perception	RANK:35
SKILL:Sense Motive	RANK:35
SKILL:Spellcraft	RANK:35
SKILL:Stealth	RANK:27
SKILL:Survival	RANK:32
ABILITY:CATEGORY=FEAT|Alertness
ABILITY:CATEGORY=FEAT|Bleeding Critical
ABILITY:CATEGORY=FEAT|Cleave
ABILITY:CATEGORY=FEAT|Combat Casting
ABILITY:CATEGORY=FEAT|Critical Focus
ABILITY:CATEGORY=FEAT|Extend Spell
ABILITY:CATEGORY=FEAT|Enlarge Spell
ABILITY:CATEGORY=FEAT|Great Fortitude
ABILITY:CATEGORY=FEAT|Improved Critical (sting)
ABILITY:CATEGORY=FEAT|Improved Initiative
ABILITY:CATEGORY=FEAT|Improved Vital Strike
ABILITY:CATEGORY=FEAT|Iron Will
ABILITY:CATEGORY=FEAT|Maximize Spell
ABILITY:CATEGORY=FEAT|Power Attack
ABILITY:CATEGORY=FEAT|Quicken Spell- Like Ability (ice storm)
ABILITY:CATEGORY=FEAT|Vital Strike
ABILITY:CATEGORY=FEAT|Weapon Focus (claw)
ABILITY:CATEGORY=FEAT|Weapon Focus (sting)

STARTPACK:Ghaddar Devil Default	TYPE:Default Monster.Outsider	VISIBLE:QUALIFY	EQUIPBUY:0	PREMULT:1,[PRERACE:1,Ghaddar Devil],[!PRERACE:1,%]
ALIGN:LE
RACE:Ghaddar Devil	!PRERACE:1,%
NAME:Ghaddar Devil
STAT:STR=10|DEX=10|CON=10|INT=10|WIS=10|CHA=10
SKILL:Climb	RANK:16
SKILL:Intimidate	RANK:16
SKILL:Knowledge (Planes)	RANK:16
SKILL:Perception	RANK:16
SKILL:Sense Motive	RANK:16
SKILL:Stealth	RANK:8
SKILL:Survival	RANK:16
ABILITY:CATEGORY=FEAT|Alertness
ABILITY:CATEGORY=FEAT|Cleave
ABILITY:CATEGORY=FEAT|Great Cleave
ABILITY:CATEGORY=FEAT|Great Fortitude
ABILITY:CATEGORY=FEAT|Improved Initiative
ABILITY:CATEGORY=FEAT|Power Attack
ABILITY:CATEGORY=FEAT|Vital Strike
ABILITY:CATEGORY=FEAT|Weapon Focus (claw)

STARTPACK:Gharros Demon Default	TYPE:Default Monster.Outsider	VISIBLE:QUALIFY	EQUIPBUY:0	PREMULT:1,[PRERACE:1,Gharros Demon],[!PRERACE:1,%]
ALIGN:CE
RACE:Gharros Demon	!PRERACE:1,%
NAME:Gharros Demon
STAT:STR=10|DEX=10|CON=10|INT=10|WIS=10|CHA=10
SKILL:Acrobatics	RANK:7
SKILL:Bluff	RANK:16
SKILL:Climb	RANK:16
SKILL:Diplomacy	RANK:13
SKILL:Escape Artist	RANK:13
SKILL:Intimidate	RANK:16
SKILL:Knowledge (Planes)	RANK:13
SKILL:Perception	RANK:16
SKILL:Sense Motive	RANK:8
SKILL:Spellcraft	RANK:7
SKILL:Stealth	RANK:6
SKILL:Survival	RANK:16
ABILITY:CATEGORY=FEAT|Blind-Fight
ABILITY:CATEGORY=FEAT|Cleave
ABILITY:CATEGORY=FEAT|Great Cleave
ABILITY:CATEGORY=FEAT|Improved Critical (battleaxe)
ABILITY:CATEGORY=FEAT|Improved Critical (tail sting)
ABILITY:CATEGORY=FEAT|Improved Initiative
ABILITY:CATEGORY=FEAT|Power Attack
ABILITY:CATEGORY=FEAT|Weapon Focus (sting)

STARTPACK:Ghost-faced Orc Default	TYPE:Default Monster.Humanoid	VISIBLE:QUALIFY	EQUIPBUY:0	PREMULT:1,[PRERACE:1,Ghost-faced Orc],[!PRERACE:1,%]
ALIGN:CE
RACE:Ghost-faced Orc	!PRERACE:1,%
NAME:Ghost-faced Orc
STAT:STR=10|DEX=10|CON=10|INT=10|WIS=10|CHA=10
SKILL:Stealth	RANK:1
ABILITY:CATEGORY=FEAT|Skill Focus (Stealth)

STARTPACK:Ghoul Dire Wolf Default	TYPE:Default Monster.Undead	VISIBLE:QUALIFY	EQUIPBUY:0	PREMULT:1,[PRERACE:1,Ghoul Dire Wolf],[!PRERACE:1,%]
ALIGN:NE
RACE:Ghoul Dire Wolf	!PRERACE:1,%
NAME:Ghoul Dire Wolf
STAT:STR=10|DEX=10|INT=10|WIS=10|CHA=10
SKILL:Perception	RANK:11
SKILL:Stealth	RANK:4
SKILL:Survival	RANK:5
ABILITY:CATEGORY=FEAT|Improved Initiative
ABILITY:CATEGORY=FEAT|Improved Natural Attack (bite)
ABILITY:CATEGORY=FEAT|Run
ABILITY:CATEGORY=FEAT|Skill Focus (Perception)
ABILITY:CATEGORY=FEAT|Toughness
ABILITY:CATEGORY=FEAT|Weapon Focus (bite)

STARTPACK:Ghoul Wolf Default	TYPE:Default Monster.Undead	VISIBLE:QUALIFY	EQUIPBUY:0	PREMULT:1,[PRERACE:1,Ghoul Wolf],[!PRERACE:1,%]
ALIGN:NE
RACE:Ghoul Wolf	!PRERACE:1,%
NAME:Ghoul Wolf
STAT:STR=10|DEX=10|INT=10|WIS=10|CHA=10
SKILL:Perception	RANK:4
SKILL:Stealth	RANK:1
SKILL:Survival	RANK:1
SKILL:Swim	RANK:1
ABILITY:CATEGORY=FEAT|Skill Focus (Perception)
ABILITY:CATEGORY=FEAT|Weapon Focus (bite)

STARTPACK:Ghoul-stirge Default	TYPE:Default Monster.Undead	VISIBLE:QUALIFY	EQUIPBUY:0	PREMULT:1,[PRERACE:1,Ghoul-stirge],[!PRERACE:1,%]
ALIGN:CE
RACE:Ghoul-stirge	!PRERACE:1,%
NAME:Ghoul-stirge
STAT:STR=10|DEX=10|INT=10|WIS=10|CHA=10
SKILL:Fly	RANK:1
SKILL:Perception	RANK:4
SKILL:Stealth	RANK:4
ABILITY:CATEGORY=FEAT|Skill Focus (Perception)
ABILITY:CATEGORY=FEAT|Weapon Finesse

STARTPACK:Giant Abyssal Dire Frog Default	TYPE:Default Monster.Outsider	VISIBLE:QUALIFY	EQUIPBUY:0	PREMULT:1,[PRERACE:1,Giant Abyssal Dire Frog],[!PRERACE:1,%]
ALIGN:CE
RACE:Giant Abyssal Dire Frog	!PRERACE:1,%
NAME:Giant Abyssal Dire Frog
STAT:STR=10|DEX=10|CON=10|INT=10|WIS=10|CHA=10
SKILL:Acrobatics	RANK:4
SKILL:Perception	RANK:2
SKILL:Stealth	RANK:1
SKILL:Swim	RANK:4
ABILITY:CATEGORY=FEAT|Improved Initiative
ABILITY:CATEGORY=FEAT|Lightning Reflexes

STARTPACK:Giant Archerfish Default	TYPE:Default Monster.Animal	VISIBLE:QUALIFY	EQUIPBUY:0	PREMULT:1,[PRERACE:1,Giant Archerfish],[!PRERACE:1,%]
ALIGN:TN
RACE:Giant Archerfish	!PRERACE:1,%
NAME:Giant Archerfish
STAT:STR=10|DEX=10|CON=10|INT=10|WIS=10|CHA=10
SKILL:Perception	RANK:2
SKILL:Swim	RANK:2
ABILITY:CATEGORY=FEAT|Weapon Finesse

STARTPACK:Giant Barracuda Default	TYPE:Default Monster.Animal	VISIBLE:QUALIFY	EQUIPBUY:0	PREMULT:1,[PRERACE:1,Giant Barracuda],[!PRERACE:1,%]
ALIGN:TN
RACE:Giant Barracuda	!PRERACE:1,%
NAME:Giant Barracuda
STAT:STR=10|DEX=10|CON=10|INT=10|WIS=10|CHA=10
SKILL:Perception	RANK:7
SKILL:Swim	RANK:7
ABILITY:CATEGORY=FEAT|Improved Critical (bite)
ABILITY:CATEGORY=FEAT|Power Attack
ABILITY:CATEGORY=FEAT|Skill Focus (Perception)
ABILITY:CATEGORY=FEAT|Toughness
ABILITY:CATEGORY=FEAT|Weapon Focus (bite)

STARTPACK:Giant Blister Beetle Default	TYPE:Default Monster.Vermin	VISIBLE:QUALIFY	EQUIPBUY:0	PREMULT:1,[PRERACE:1,Giant Blister Beetle],[!PRERACE:1,%]
ALIGN:TN
RACE:Giant Blister Beetle	!PRERACE:1,%
NAME:Giant Blister Beetle
STAT:STR=10|DEX=10|CON=10|WIS=10|CHA=10
SKILL:Stealth	RANK:1

STARTPACK:Giant Bog Turtle Default	TYPE:Default Monster.Magical Beast	VISIBLE:QUALIFY	EQUIPBUY:0	PREMULT:1,[PRERACE:1,Giant Bog Turtle],[!PRERACE:1,%]
ALIGN:TN
RACE:Giant Bog Turtle	!PRERACE:1,%
NAME:Giant Bog Turtle
STAT:STR=10|DEX=10|CON=10|INT=10|WIS=10|CHA=10
SKILL:Perception	RANK:11
SKILL:Swim	RANK:16
ABILITY:CATEGORY=FEAT|Endurance
ABILITY:CATEGORY=FEAT|Improved Critical (bite)
ABILITY:CATEGORY=FEAT|Improved Initiative
ABILITY:CATEGORY=FEAT|Improved Natural Attack (bite)
ABILITY:CATEGORY=FEAT|Power Attack
ABILITY:CATEGORY=FEAT|Skill Focus (Perception)
ABILITY:CATEGORY=FEAT|Toughness
ABILITY:CATEGORY=FEAT|Weapon Focus (bite)

STARTPACK:Giant Boring Beetle Default	TYPE:Default Monster.Vermin	VISIBLE:QUALIFY	EQUIPBUY:0	PREMULT:1,[PRERACE:1,Giant Boring Beetle],[!PRERACE:1,%]
ALIGN:TN
RACE:Giant Boring Beetle	!PRERACE:1,%
NAME:Giant Boring Beetle
STAT:STR=10|DEX=10|CON=10|WIS=10|CHA=10

STARTPACK:Giant Bumblebee, Queen Default	TYPE:Default Monster.Vermin	VISIBLE:QUALIFY	EQUIPBUY:0	PREMULT:1,[PRERACE:1,Giant Bumblebee, Queen],[!PRERACE:1,%]
ALIGN:TN
RACE:Giant Bumblebee, Queen	!PRERACE:1,%
NAME:Giant Bumblebee, Queen
STAT:STR=10|DEX=10|CON=10|WIS=10|CHA=10
SKILL:Fly	RANK:1
SKILL:Perception	RANK:1
SKILL:Survival	RANK:1

STARTPACK:Giant Bumblebee, Worker Default	TYPE:Default Monster.Vermin	VISIBLE:QUALIFY	EQUIPBUY:0	PREMULT:1,[PRERACE:1,Giant Bumblebee, Worker],[!PRERACE:1,%]
ALIGN:TN
RACE:Giant Bumblebee, Worker	!PRERACE:1,%
NAME:Giant Bumblebee, Worker
STAT:STR=10|DEX=10|CON=10|WIS=10|CHA=10
SKILL:Fly	RANK:1
SKILL:Perception	RANK:1
SKILL:Survival	RANK:1

STARTPACK:Giant Caribe Default	TYPE:Default Monster.Animal	VISIBLE:QUALIFY	EQUIPBUY:0	PREMULT:1,[PRERACE:1,Giant Caribe],[!PRERACE:1,%]
ALIGN:TN
RACE:Giant Caribe	!PRERACE:1,%
NAME:Giant Caribe
STAT:STR=10|DEX=10|CON=10|INT=10|WIS=10|CHA=10
SKILL:Perception	RANK:3
SKILL:Swim	RANK:3
ABILITY:CATEGORY=FEAT|Skill Focus (Perception)
ABILITY:CATEGORY=FEAT|Weapon Finesse

STARTPACK:Giant Clam Default	TYPE:Default Monster.Vermin	VISIBLE:QUALIFY	EQUIPBUY:0	PREMULT:1,[PRERACE:1,Giant Clam],[!PRERACE:1,%]
ALIGN:TN
RACE:Giant Clam	!PRERACE:1,%
NAME:Giant Clam
STAT:STR=10|DEX=10|CON=10|WIS=10|CHA=10

STARTPACK:Giant Death Watch Beetle Default	TYPE:Default Monster.Vermin	VISIBLE:QUALIFY	EQUIPBUY:0	PREMULT:1,[PRERACE:1,Giant Death Watch Beetle],[!PRERACE:1,%]
ALIGN:TN
RACE:Giant Death Watch Beetle	!PRERACE:1,%
NAME:Giant Death Watch Beetle
STAT:STR=10|DEX=10|CON=10|WIS=10|CHA=10
SKILL:Stealth	RANK:1

STARTPACK:Giant Dire Frog Default	TYPE:Default Monster.Animal	VISIBLE:QUALIFY	EQUIPBUY:0	PREMULT:1,[PRERACE:1,Giant Dire Frog],[!PRERACE:1,%]
ALIGN:TN
RACE:Giant Dire Frog	!PRERACE:1,%
NAME:Giant Dire Frog
STAT:STR=10|DEX=10|CON=10|INT=10|WIS=10|CHA=10
SKILL:Acrobatics	RANK:4
SKILL:Perception	RANK:2
SKILL:Stealth	RANK:1
SKILL:Swim	RANK:4
ABILITY:CATEGORY=FEAT|Improved Initiative
ABILITY:CATEGORY=FEAT|Lightning Reflexes

STARTPACK:Giant Electric Catfish Default	TYPE:Default Monster.Animal	VISIBLE:QUALIFY	EQUIPBUY:0	PREMULT:1,[PRERACE:1,Giant Electric Catfish],[!PRERACE:1,%]
ALIGN:TN
RACE:Giant Electric Catfish	!PRERACE:1,%
NAME:Giant Electric Catfish
STAT:STR=10|DEX=10|CON=10|INT=10|WIS=10|CHA=10
SKILL:Perception	RANK:10
SKILL:Swim	RANK:9
ABILITY:CATEGORY=FEAT|Ability Focus (electricity discharge)
ABILITY:CATEGORY=FEAT|Iron Will
ABILITY:CATEGORY=FEAT|Power Attack
ABILITY:CATEGORY=FEAT|Skill Focus (Perception)
ABILITY:CATEGORY=FEAT|Weapon Focus (bite)

STARTPACK:Giant Falcon Default	TYPE:Default Monster.Animal	VISIBLE:QUALIFY	EQUIPBUY:0	PREMULT:1,[PRERACE:1,Giant Falcon],[!PRERACE:1,%]
ALIGN:TN
RACE:Giant Falcon	!PRERACE:1,%
NAME:Giant Falcon
STAT:STR=10|DEX=10|CON=10|INT=10|WIS=10|CHA=10
SKILL:Fly	RANK:1
SKILL:Perception	RANK:3
ABILITY:CATEGORY=FEAT|Flyby Attack
ABILITY:CATEGORY=FEAT|Skill Focus (Perception)

STARTPACK:Giant Hamster Default	TYPE:Default Monster.Animal	VISIBLE:QUALIFY	EQUIPBUY:0	PREMULT:1,[PRERACE:1,Giant Hamster],[!PRERACE:1,%]
ALIGN:TN
RACE:Giant Hamster	!PRERACE:1,%
NAME:Giant Hamster
STAT:STR=10|DEX=10|CON=10|INT=10|WIS=10|CHA=10
SKILL:Climb	RANK:2
SKILL:Perception	RANK:4
ABILITY:CATEGORY=FEAT|Endurance
ABILITY:CATEGORY=FEAT|Skill Focus (Perception)

STARTPACK:Giant Hornet Default	TYPE:Default Monster.Vermin	VISIBLE:QUALIFY	EQUIPBUY:0	PREMULT:1,[PRERACE:1,Giant Hornet],[!PRERACE:1,%]
ALIGN:TN
RACE:Giant Hornet	!PRERACE:1,%
NAME:Giant Hornet
STAT:STR=10|DEX=10|CON=10|WIS=10|CHA=10
SKILL:Perception	RANK:5
SKILL:Survival	RANK:1

STARTPACK:Giant Horsefly Default	TYPE:Default Monster.Vermin	VISIBLE:QUALIFY	EQUIPBUY:0	PREMULT:1,[PRERACE:1,Giant Horsefly],[!PRERACE:1,%]
ALIGN:TN
RACE:Giant Horsefly	!PRERACE:1,%
NAME:Giant Horsefly
STAT:STR=10|DEX=10|CON=10|WIS=10|CHA=10
SKILL:Fly	RANK:1
SKILL:Perception	RANK:1

STARTPACK:Giant Marmoset Default	TYPE:Default Monster.Animal	VISIBLE:QUALIFY	EQUIPBUY:0	PREMULT:1,[PRERACE:1,Giant Marmoset],[!PRERACE:1,%]
ALIGN:TN
RACE:Giant Marmoset	!PRERACE:1,%
NAME:Giant Marmoset
STAT:STR=10|DEX=10|CON=10|INT=10|WIS=10|CHA=10
SKILL:Climb	RANK:3
SKILL:Perception	RANK:3
SKILL:Stealth	RANK:1
ABILITY:CATEGORY=FEAT|Skill Focus (Perception)
ABILITY:CATEGORY=FEAT|Weapon Finesse

STARTPACK:Giant Mosquito Default	TYPE:Default Monster.Vermin	VISIBLE:QUALIFY	EQUIPBUY:0	PREMULT:1,[PRERACE:1,Giant Mosquito],[!PRERACE:1,%]
ALIGN:TN
RACE:Giant Mosquito	!PRERACE:1,%
NAME:Giant Mosquito
STAT:STR=10|DEX=10|CON=10|WIS=10|CHA=10
SKILL:Fly	RANK:1
SKILL:Perception	RANK:1
SKILL:Stealth	RANK:1
ABILITY:CATEGORY=FEAT|Weapon Finesse

STARTPACK:Giant Pike Default	TYPE:Default Monster.Animal	VISIBLE:QUALIFY	EQUIPBUY:0	PREMULT:1,[PRERACE:1,Giant Pike],[!PRERACE:1,%]
ALIGN:TN
RACE:Giant Pike	!PRERACE:1,%
NAME:Giant Pike
STAT:STR=10|DEX=10|CON=10|INT=10|WIS=10|CHA=10
SKILL:Perception	RANK:6
SKILL:Swim	RANK:6
ABILITY:CATEGORY=FEAT|Improved Initiative
ABILITY:CATEGORY=FEAT|Skill Focus (Perception)
ABILITY:CATEGORY=FEAT|Weapon Finesse

STARTPACK:Giant Rhinoceros Beetle Default	TYPE:Default Monster.Vermin	VISIBLE:QUALIFY	EQUIPBUY:0	PREMULT:1,[PRERACE:1,Giant Rhinoceros Beetle],[!PRERACE:1,%]
ALIGN:TN
RACE:Giant Rhinoceros Beetle	!PRERACE:1,%
NAME:Giant Rhinoceros Beetle
STAT:STR=10|DEX=10|CON=10|WIS=10|CHA=10

STARTPACK:Giant Rock-horned Lizard Default	TYPE:Default Monster.Animal	VISIBLE:QUALIFY	EQUIPBUY:0	PREMULT:1,[PRERACE:1,Giant Rock-horned Lizard],[!PRERACE:1,%]
ALIGN:TN
RACE:Giant Rock-horned Lizard	!PRERACE:1,%
NAME:Giant Rock-horned Lizard
STAT:STR=10|DEX=10|CON=10|INT=10|WIS=10|CHA=10
SKILL:Climb	RANK:4
SKILL:Perception	RANK:4
SKILL:Stealth	RANK:4
SKILL:Swim	RANK:4
ABILITY:CATEGORY=FEAT|Skill Focus (Perception)
ABILITY:CATEGORY=FEAT|Weapon Focus (bite)

STARTPACK:Giant Saw-toothed Beetle Default	TYPE:Default Monster.Vermin	VISIBLE:QUALIFY	EQUIPBUY:0	PREMULT:1,[PRERACE:1,Giant Saw-toothed Beetle],[!PRERACE:1,%]
ALIGN:TN
RACE:Giant Saw-toothed Beetle	!PRERACE:1,%
NAME:Giant Saw-toothed Beetle
STAT:STR=10|DEX=10|CON=10|WIS=10|CHA=10

STARTPACK:Giant Sea Slug Default	TYPE:Default Monster.Vermin	VISIBLE:QUALIFY	EQUIPBUY:0	PREMULT:1,[PRERACE:1,Giant Sea Slug],[!PRERACE:1,%]
ALIGN:TN
RACE:Giant Sea Slug	!PRERACE:1,%
NAME:Giant Sea Slug
STAT:STR=10|DEX=10|CON=10|INT=10|WIS=10|CHA=10
SKILL:Perception	RANK:3
SKILL:Swim	RANK:15
ABILITY:CATEGORY=FEAT|Cleave
ABILITY:CATEGORY=FEAT|Diehard
ABILITY:CATEGORY=FEAT|Endurance
ABILITY:CATEGORY=FEAT|Power Attack
ABILITY:CATEGORY=FEAT|Toughness
ABILITY:CATEGORY=FEAT|Weapon Focus (bite)
ABILITY:CATEGORY=FEAT|Vital Strike
ABILITY:CATEGORY=FEAT|Weapon Focus (slam)

STARTPACK:Giant Slicer Beetle Default	TYPE:Default Monster.Vermin	VISIBLE:QUALIFY	EQUIPBUY:0	PREMULT:1,[PRERACE:1,Giant Slicer Beetle],[!PRERACE:1,%]
ALIGN:TN
RACE:Giant Slicer Beetle	!PRERACE:1,%
NAME:Giant Slicer Beetle
STAT:STR=10|DEX=10|CON=10|WIS=10|CHA=10
ABILITY:CATEGORY=FEAT|Improved Critical (bite)

STARTPACK:Giant Tiger Barb Default	TYPE:Default Monster.Animal	VISIBLE:QUALIFY	EQUIPBUY:0	PREMULT:1,[PRERACE:1,Giant Tiger Barb],[!PRERACE:1,%]
ALIGN:TN
RACE:Giant Tiger Barb	!PRERACE:1,%
NAME:Giant Tiger Barb
STAT:STR=10|DEX=10|CON=10|INT=10|WIS=10|CHA=10
SKILL:Perception	RANK:4
SKILL:Swim	RANK:4
ABILITY:CATEGORY=FEAT|Skill Focus (Perception)
ABILITY:CATEGORY=FEAT|Weapon Focus (bite)

STARTPACK:Giant Tuatara Default	TYPE:Default Monster.Animal	VISIBLE:QUALIFY	EQUIPBUY:0	PREMULT:1,[PRERACE:1,Giant Tuatara],[!PRERACE:1,%]
ALIGN:TN
RACE:Giant Tuatara	!PRERACE:1,%
NAME:Giant Tuatara
STAT:STR=10|DEX=10|CON=10|INT=10|WIS=10|CHA=10
SKILL:Acrobatics	RANK:1
SKILL:Climb	RANK:1
SKILL:Perception	RANK:4
SKILL:Stealth	RANK:1
SKILL:Swim	RANK:1
ABILITY:CATEGORY=FEAT|Great Fortitude
ABILITY:CATEGORY=FEAT|Lightning Reflexes
ABILITY:CATEGORY=FEAT|Skill Focus (Perception)

STARTPACK:Giant Water Beetle Default	TYPE:Default Monster.Vermin	VISIBLE:QUALIFY	EQUIPBUY:0	PREMULT:1,[PRERACE:1,Giant Water Beetle],[!PRERACE:1,%]
ALIGN:TN
RACE:Giant Water Beetle	!PRERACE:1,%
NAME:Giant Water Beetle
STAT:STR=10|DEX=10|CON=10|WIS=10|CHA=10
SKILL:Perception	RANK:1
SKILL:Stealth	RANK:1
SKILL:Swim	RANK:4

STARTPACK:Giant Yellowjacket Default	TYPE:Default Monster.Vermin	VISIBLE:QUALIFY	EQUIPBUY:0	PREMULT:1,[PRERACE:1,Giant Yellowjacket],[!PRERACE:1,%]
ALIGN:TN
RACE:Giant Yellowjacket	!PRERACE:1,%
NAME:Giant Yellowjacket
STAT:STR=10|DEX=10|CON=10|WIS=10|CHA=10
SKILL:Fly	RANK:1
SKILL:Perception	RANK:5
SKILL:Survival	RANK:1

STARTPACK:Gilded Sea Serpent Default	TYPE:Default Monster.Dragon	VISIBLE:QUALIFY	EQUIPBUY:0	PREMULT:1,[PRERACE:1,Gilded Sea Serpent],[!PRERACE:1,%]
ALIGN:TN
RACE:Gilded Sea Serpent	!PRERACE:1,%
NAME:Gilded Sea Serpent
STAT:STR=10|DEX=10|CON=10|INT=10|WIS=10|CHA=10
SKILL:Perception	RANK:5
SKILL:Stealth	RANK:5
SKILL:Survival	RANK:5
SKILL:Swim	RANK:5
ABILITY:CATEGORY=FEAT|Great Fortitude
ABILITY:CATEGORY=FEAT|Swim-By Attack
ABILITY:CATEGORY=FEAT|Toughness
ABILITY:CATEGORY=FEAT|Weapon Finesse

STARTPACK:Glacial Ooze Default	TYPE:Default Monster.Ooze	VISIBLE:QUALIFY	EQUIPBUY:0	PREMULT:1,[PRERACE:1,Glacial Ooze],[!PRERACE:1,%]
ALIGN:TN
RACE:Glacial Ooze	!PRERACE:1,%
NAME:Glacial Ooze
STAT:STR=10|DEX=10|CON=10|WIS=10|CHA=10
SKILL:Swim	RANK:5

STARTPACK:Glass Wyrm Default	TYPE:Default Monster.Dragon	VISIBLE:QUALIFY	EQUIPBUY:0	PREMULT:1,[PRERACE:1,Glass Wyrm],[!PRERACE:1,%]
ALIGN:TN
RACE:Glass Wyrm	!PRERACE:1,%
NAME:Glass Wyrm
STAT:STR=10|DEX=10|CON=10|INT=10|WIS=10|CHA=10
SKILL:Diplomacy	RANK:16
SKILL:Escape Artist	RANK:13
SKILL:Knowledge (Planes)	RANK:16
SKILL:Perception	RANK:16
SKILL:Sense Motive	RANK:16
SKILL:Stealth	RANK:11
ABILITY:CATEGORY=FEAT|Alertness
ABILITY:CATEGORY=FEAT|Cleave
ABILITY:CATEGORY=FEAT|Critical Focus
ABILITY:CATEGORY=FEAT|Improved Critical (bite)
ABILITY:CATEGORY=FEAT|Improved Initiative
ABILITY:CATEGORY=FEAT|Multiattack
ABILITY:CATEGORY=FEAT|Power Attack
ABILITY:CATEGORY=FEAT|Vital Strike

STARTPACK:Gloom Crawler Default	TYPE:Default Monster.Magical Beast	VISIBLE:QUALIFY	EQUIPBUY:0	PREMULT:1,[PRERACE:1,Gloom Crawler],[!PRERACE:1,%]
ALIGN:TN
RACE:Gloom Crawler	!PRERACE:1,%
NAME:Gloom Crawler
STAT:STR=10|DEX=10|CON=10|INT=10|WIS=10|CHA=10
SKILL:Perception	RANK:10
ABILITY:CATEGORY=FEAT|Improved Initiative
ABILITY:CATEGORY=FEAT|Iron Will
ABILITY:CATEGORY=FEAT|Toughness
ABILITY:CATEGORY=FEAT|Weapon Focus (bite)
ABILITY:CATEGORY=FEAT|Weapon Focus (tentacle)

STARTPACK:Gnarlwood Default	TYPE:Default Monster.Plant	VISIBLE:QUALIFY	EQUIPBUY:0	PREMULT:1,[PRERACE:1,Gnarlwood],[!PRERACE:1,%]
ALIGN:NE
RACE:Gnarlwood	!PRERACE:1,%
NAME:Gnarlwood
STAT:STR=10|DEX=10|CON=10|INT=10|WIS=10|CHA=10
SKILL:Perception	RANK:12
SKILL:Stealth	RANK:1
ABILITY:CATEGORY=FEAT|Alertness
ABILITY:CATEGORY=FEAT|Cleave
ABILITY:CATEGORY=FEAT|Improved Initiative
ABILITY:CATEGORY=FEAT|Lightning Reflexes
ABILITY:CATEGORY=FEAT|Power Attack
ABILITY:CATEGORY=FEAT|Skill Focus (Perception)
ABILITY:CATEGORY=FEAT|Weapon Focus (claw)

STARTPACK:Gnasher Lizard Default	TYPE:Default Monster.Magical Beast	VISIBLE:QUALIFY	EQUIPBUY:0	PREMULT:1,[PRERACE:1,Gnasher Lizard],[!PRERACE:1,%]
ALIGN:TN
RACE:Gnasher Lizard	!PRERACE:1,%
NAME:Gnasher Lizard
STAT:STR=10|DEX=10|CON=10|INT=10|WIS=10|CHA=10
SKILL:Perception	RANK:10
SKILL:Stealth	RANK:5
ABILITY:CATEGORY=FEAT|Improved Initiative
ABILITY:CATEGORY=FEAT|Power Attack
ABILITY:CATEGORY=FEAT|Skill Focus (Perception)
ABILITY:CATEGORY=FEAT|Vital Strike
ABILITY:CATEGORY=FEAT|Weapon Focus (bite)

STARTPACK:Gohl Default	TYPE:Default Monster.Aberration	VISIBLE:QUALIFY	EQUIPBUY:0	PREMULT:1,[PRERACE:1,Gohl],[!PRERACE:1,%]
ALIGN:CE
RACE:Gohl	!PRERACE:1,%
NAME:Gohl
STAT:STR=10|DEX=10|CON=10|INT=10|WIS=10|CHA=10
SKILL:Fly	RANK:3
SKILL:Intimidate	RANK:9
SKILL:Knowledge (Dungeoneering)	RANK:4
SKILL:Perception	RANK:14
ABILITY:CATEGORY=FEAT|Improved Initiative
ABILITY:CATEGORY=FEAT|Iron Will
ABILITY:CATEGORY=FEAT|Lightning Reflexes
ABILITY:CATEGORY=FEAT|Multiattack
ABILITY:CATEGORY=FEAT|Power Attack
ABILITY:CATEGORY=FEAT|Skill Focus (Perception)
ABILITY:CATEGORY=FEAT|Weapon Focus (bite)

STARTPACK:Golden Cat Default	TYPE:Default Monster.Magical Beast	VISIBLE:QUALIFY	EQUIPBUY:0	PREMULT:1,[PRERACE:1,Golden Cat],[!PRERACE:1,%]
ALIGN:TN
RACE:Golden Cat	!PRERACE:1,%
NAME:Golden Cat
STAT:STR=10|DEX=10|CON=10|INT=10|WIS=10|CHA=10
SKILL:Acrobatics	RANK:1
SKILL:Climb	RANK:2
SKILL:Perception	RANK:2
SKILL:Stealth	RANK:2
ABILITY:CATEGORY=FEAT|Weapon Finesse

STARTPACK:Gorbel Default	TYPE:Default Monster.Aberration	VISIBLE:QUALIFY	EQUIPBUY:0	PREMULT:1,[PRERACE:1,Gorbel],[!PRERACE:1,%]
ALIGN:TN
RACE:Gorbel	!PRERACE:1,%
NAME:Gorbel
STAT:STR=10|DEX=10|CON=10|INT=10|WIS=10|CHA=10
SKILL:Fly	RANK:2
SKILL:Perception	RANK:2
SKILL:Stealth	RANK:2
ABILITY:CATEGORY=FEAT|Flyby Attack

STARTPACK:Gorgimera Default	TYPE:Default Monster.Magical Beast	VISIBLE:QUALIFY	EQUIPBUY:0	PREMULT:1,[PRERACE:1,Gorgimera],[!PRERACE:1,%]
ALIGN:TN
RACE:Gorgimera	!PRERACE:1,%
NAME:Gorgimera
STAT:STR=10|DEX=10|CON=10|INT=10|WIS=10|CHA=10
SKILL:Fly	RANK:1
SKILL:Perception	RANK:2
SKILL:Stealth	RANK:1
ABILITY:CATEGORY=FEAT|Ability Focus (dragon breath weapon)
ABILITY:CATEGORY=FEAT|Flyby Attack
ABILITY:CATEGORY=FEAT|Hover
ABILITY:CATEGORY=FEAT|Power Attack
ABILITY:CATEGORY=FEAT|Weapon Focus (bite)

STARTPACK:Gorilla Bear Default	TYPE:Default Monster.Magical Beast	VISIBLE:QUALIFY	EQUIPBUY:0	PREMULT:1,[PRERACE:1,Gorilla Bear],[!PRERACE:1,%]
ALIGN:TN
RACE:Gorilla Bear	!PRERACE:1,%
NAME:Gorilla Bear
STAT:STR=10|DEX=10|CON=10|INT=10|WIS=10|CHA=10
SKILL:Climb	RANK:3
SKILL:Perception	RANK:4
SKILL:Swim	RANK:3
ABILITY:CATEGORY=FEAT|Skill Focus (Perception)
ABILITY:CATEGORY=FEAT|Toughness

STARTPACK:Gorson Default	TYPE:Default Monster.Outsider	VISIBLE:QUALIFY	EQUIPBUY:0	PREMULT:1,[PRERACE:1,Gorson],[!PRERACE:1,%]
ALIGN:LE
RACE:Gorson	!PRERACE:1,%
NAME:Gorson
STAT:STR=10|DEX=10|CON=10|INT=10|WIS=10|CHA=10
SKILL:Acrobatics	RANK:24
SKILL:Bluff	RANK:24
SKILL:Diplomacy	RANK:24
SKILL:Escape Artist	RANK:21
SKILL:Intimidate	RANK:24
SKILL:Knowledge (Local)	RANK:21
SKILL:Knowledge (Nature)	RANK:21
SKILL:Knowledge (Planes)	RANK:24
SKILL:Knowledge (Religion)	RANK:21
SKILL:Perception	RANK:24
SKILL:Sense Motive	RANK:24
SKILL:Survival	RANK:24
ABILITY:CATEGORY=FEAT|Cleave
ABILITY:CATEGORY=FEAT|Critical Focus
ABILITY:CATEGORY=FEAT|Great Cleave
ABILITY:CATEGORY=FEAT|Improved Bull Rush
ABILITY:CATEGORY=FEAT|Improved Overrun
ABILITY:CATEGORY=FEAT|Improved Critical (battleaxe)
ABILITY:CATEGORY=FEAT|Improved Initiative
ABILITY:CATEGORY=FEAT|Improved Sunder
ABILITY:CATEGORY=FEAT|Improved Vital Strike
ABILITY:CATEGORY=FEAT|Power Attack
ABILITY:CATEGORY=FEAT|Vital Strike
ABILITY:CATEGORY=FEAT|Weapon Focus (battleaxe)

STARTPACK:Grave Risen Default	TYPE:Default Monster.Undead	VISIBLE:QUALIFY	EQUIPBUY:0	PREMULT:1,[PRERACE:1,Grave Risen],[!PRERACE:1,%]
ALIGN:CE
RACE:Grave Risen	!PRERACE:1,%
NAME:Grave Risen
STAT:STR=10|DEX=10|INT=10|WIS=10|CHA=10
SKILL:Acrobatics	RANK:2
SKILL:Climb	RANK:5
SKILL:Escape Artist	RANK:2
SKILL:Perception	RANK:5
SKILL:Stealth	RANK:5
ABILITY:CATEGORY=FEAT|Improved Initiative
ABILITY:CATEGORY=FEAT|Toughness
ABILITY:CATEGORY=FEAT|Weapon Focus (claw)

STARTPACK:Gray Nisp Default	TYPE:Default Monster.Fey	VISIBLE:QUALIFY	EQUIPBUY:0	PREMULT:1,[PRERACE:1,Gray Nisp],[!PRERACE:1,%]
ALIGN:CN
RACE:Gray Nisp	!PRERACE:1,%
NAME:Gray Nisp
STAT:STR=10|DEX=10|CON=10|INT=10|WIS=10|CHA=10
SKILL:Perception	RANK:8
SKILL:Sense Motive	RANK:1
SKILL:Stealth	RANK:4
SKILL:Swim	RANK:8
ABILITY:CATEGORY=FEAT|Alertness
ABILITY:CATEGORY=FEAT|Cleave
ABILITY:CATEGORY=FEAT|Power Attack
ABILITY:CATEGORY=FEAT|Weapon Focus (claw)

STARTPACK:Great Sea Anemone Default	TYPE:Default Monster.Vermin	VISIBLE:QUALIFY	EQUIPBUY:0	PREMULT:1,[PRERACE:1,Great Sea Anemone],[!PRERACE:1,%]
ALIGN:TN
RACE:Great Sea Anemone	!PRERACE:1,%
NAME:Great Sea Anemone
STAT:STR=10|DEX=10|CON=10|WIS=10|CHA=10
SKILL:Perception	RANK:5
SKILL:Stealth	RANK:1
ABILITY:CATEGORY=FEAT|Improved Initiative
ABILITY:CATEGORY=FEAT|Lightning Reflexes

STARTPACK:Greater Acid Quasi-elemental Default	TYPE:Default Monster.Outsider	VISIBLE:QUALIFY	EQUIPBUY:0	PREMULT:1,[PRERACE:1,Greater Acid Quasi-elemental],[!PRERACE:1,%]
ALIGN:TN
RACE:Greater Acid Quasi-elemental	!PRERACE:1,%
NAME:Greater Acid Quasi-elemental
STAT:STR=10|DEX=10|CON=10|INT=10|WIS=10|CHA=10
SKILL:Knowledge (Planes)	RANK:10
SKILL:Perception	RANK:10
SKILL:Stealth	RANK:2
SKILL:Swim	RANK:10
ABILITY:CATEGORY=FEAT|Cleave
ABILITY:CATEGORY=FEAT|Great Cleave
ABILITY:CATEGORY=FEAT|Improved Initiative
ABILITY:CATEGORY=FEAT|Iron Will
ABILITY:CATEGORY=FEAT|Power Attack

STARTPACK:Greater Basilisk Default	TYPE:Default Monster.Magical Beast	VISIBLE:QUALIFY	EQUIPBUY:0	PREMULT:1,[PRERACE:1,Greater Basilisk],[!PRERACE:1,%]
ALIGN:TN
RACE:Greater Basilisk	!PRERACE:1,%
NAME:Greater Basilisk
STAT:STR=10|DEX=10|CON=10|INT=10|WIS=10|CHA=10
SKILL:Perception	RANK:8
SKILL:Stealth	RANK:4
ABILITY:CATEGORY=FEAT|Blind-Fight
ABILITY:CATEGORY=FEAT|Great Fortitude
ABILITY:CATEGORY=FEAT|Power Attack
ABILITY:CATEGORY=FEAT|Iron Will
ABILITY:CATEGORY=FEAT|Skill Focus (Perception)

STARTPACK:Greater Boneneedle Default	TYPE:Default Monster.Vermin	VISIBLE:QUALIFY	EQUIPBUY:0	PREMULT:1,[PRERACE:1,Greater Boneneedle],[!PRERACE:1,%]
ALIGN:TN
RACE:Greater Boneneedle	!PRERACE:1,%
NAME:Greater Boneneedle
STAT:STR=10|DEX=10|CON=10|WIS=10|CHA=10
SKILL:Climb	RANK:5
SKILL:Perception	RANK:1
SKILL:Stealth	RANK:3
ABILITY:CATEGORY=FEAT|Weapon Finesse

STARTPACK:Greater Fire Crab Default	TYPE:Default Monster.Vermin	VISIBLE:QUALIFY	EQUIPBUY:0	PREMULT:1,[PRERACE:1,Greater Fire Crab],[!PRERACE:1,%]
ALIGN:TN
RACE:Greater Fire Crab	!PRERACE:1,%
NAME:Greater Fire Crab
STAT:STR=10|DEX=10|CON=10|WIS=10|CHA=10
SKILL:Perception	RANK:1
SKILL:Stealth	RANK:1
SKILL:Swim	RANK:4
ABILITY:CATEGORY=FEAT|Weapon Focus (claw)

STARTPACK:Greater Gelid Beetle Default	TYPE:Default Monster.Magical Beast	VISIBLE:QUALIFY	EQUIPBUY:0	PREMULT:1,[PRERACE:1,Greater Gelid Beetle],[!PRERACE:1,%]
ALIGN:TN
RACE:Greater Gelid Beetle	!PRERACE:1,%
NAME:Greater Gelid Beetle
STAT:STR=10|DEX=10|CON=10|INT=10|WIS=10|CHA=10
SKILL:Perception	RANK:9
SKILL:Stealth	RANK:2
ABILITY:CATEGORY=FEAT|Improved Critical (bite)
ABILITY:CATEGORY=FEAT|Improved Initiative
ABILITY:CATEGORY=FEAT|Power Attack
ABILITY:CATEGORY=FEAT|Skill Focus (Perception)
ABILITY:CATEGORY=FEAT|Weapon Focus (bite)
ABILITY:CATEGORY=FEAT|Lightning Reflexes

STARTPACK:Greater Gravity Elemental Default	TYPE:Default Monster.Outsider	VISIBLE:QUALIFY	EQUIPBUY:0	PREMULT:1,[PRERACE:1,Greater Gravity Elemental],[!PRERACE:1,%]
ALIGN:TN
RACE:Greater Gravity Elemental	!PRERACE:1,%
NAME:Greater Gravity Elemental
STAT:STR=10|DEX=10|CON=10|INT=10|WIS=10|CHA=10
SKILL:Fly	RANK:13
SKILL:Perception	RANK:13
SKILL:Sense Motive	RANK:13
SKILL:Stealth	RANK:5
ABILITY:CATEGORY=FEAT|Cleave
ABILITY:CATEGORY=FEAT|Dodge
ABILITY:CATEGORY=FEAT|Flyby Attack
ABILITY:CATEGORY=FEAT|Improved Initiative
ABILITY:CATEGORY=FEAT|Mobility
ABILITY:CATEGORY=FEAT|Power Attack
ABILITY:CATEGORY=FEAT|Throw Anything
ABILITY:CATEGORY=FEAT|Weapon Finesse

STARTPACK:Greater Medusa Default	TYPE:Default Monster.Monstrous Humanoid	VISIBLE:QUALIFY	EQUIPBUY:0	PREMULT:1,[PRERACE:1,Greater Medusa],[!PRERACE:1,%]
ALIGN:LE
RACE:Greater Medusa	!PRERACE:1,%
NAME:Greater Medusa
STAT:STR=10|DEX=10|CON=10|INT=10|WIS=10|CHA=10
SKILL:Bluff	RANK:5
SKILL:Disguise	RANK:5
SKILL:Intimidate	RANK:8
SKILL:Perception	RANK:8
SKILL:Stealth	RANK:4
ABILITY:CATEGORY=FEAT|Point Blank Shot
ABILITY:CATEGORY=FEAT|Precise Shot
ABILITY:CATEGORY=FEAT|Rapid Shot
ABILITY:CATEGORY=FEAT|Weapon Focus (composite shortbow)

STARTPACK:Greater Negative Energy Elemental Default	TYPE:Default Monster.Outsider	VISIBLE:QUALIFY	EQUIPBUY:0	PREMULT:1,[PRERACE:1,Greater Negative Energy Elemental],[!PRERACE:1,%]
ALIGN:TN
RACE:Greater Negative Energy Elemental	!PRERACE:1,%
NAME:Greater Negative Energy Elemental
STAT:STR=10|DEX=10|CON=10|INT=10|WIS=10|CHA=10
SKILL:Fly	RANK:13
SKILL:Intimidate	RANK:13
SKILL:Knowledge (Planes)	RANK:13
SKILL:Knowledge (Religion)	RANK:13
SKILL:Perception	RANK:13
SKILL:Stealth	RANK:5
ABILITY:CATEGORY=FEAT|Blind-Fight
ABILITY:CATEGORY=FEAT|Combat Reflexes
ABILITY:CATEGORY=FEAT|Dodge
ABILITY:CATEGORY=FEAT|Extra Channel
ABILITY:CATEGORY=FEAT|Flyby Attack
ABILITY:CATEGORY=FEAT|Improved Initiative
ABILITY:CATEGORY=FEAT|Spring Attack
ABILITY:CATEGORY=FEAT|Weapon Finesse
ABILITY:CATEGORY=FEAT|Weapon Focus (slam)

STARTPACK:Greater Obsidian Quasi-elemental Default	TYPE:Default Monster.Outsider	VISIBLE:QUALIFY	EQUIPBUY:0	PREMULT:1,[PRERACE:1,Greater Obsidian Quasi-elemental],[!PRERACE:1,%]
ALIGN:TN
RACE:Greater Obsidian Quasi-elemental	!PRERACE:1,%
NAME:Greater Obsidian Quasi-elemental
STAT:STR=10|DEX=10|CON=10|INT=10|WIS=10|CHA=10
SKILL:Knowledge (Planes)	RANK:10
SKILL:Perception	RANK:10
SKILL:Sense Motive	RANK:10
SKILL:Stealth	RANK:2
ABILITY:CATEGORY=FEAT|Awesome Blow
ABILITY:CATEGORY=FEAT|Cleave
ABILITY:CATEGORY=FEAT|Great Cleave
ABILITY:CATEGORY=FEAT|Improved Critical (claw)
ABILITY:CATEGORY=FEAT|Improved Natural Attack
ABILITY:CATEGORY=FEAT|Power Attack

STARTPACK:Greater Ooze Demon Default	TYPE:Default Monster.Outsider	VISIBLE:QUALIFY	EQUIPBUY:0	PREMULT:1,[PRERACE:1,Greater Ooze Demon],[!PRERACE:1,%]
ALIGN:CE
RACE:Greater Ooze Demon	!PRERACE:1,%
NAME:Greater Ooze Demon
STAT:STR=10|DEX=10|CON=10|INT=10|WIS=10|CHA=10
SKILL:Climb	RANK:10
SKILL:Escape Artist	RANK:10
SKILL:Intimidate	RANK:10
SKILL:Knowledge (Planes)	RANK:10
SKILL:Perception	RANK:10
SKILL:Stealth	RANK:6
SKILL:Survival	RANK:10
ABILITY:CATEGORY=FEAT|Blind-Fight
ABILITY:CATEGORY=FEAT|Great Fortitude
ABILITY:CATEGORY=FEAT|Improved Initiative
ABILITY:CATEGORY=FEAT|Power Attack
ABILITY:CATEGORY=FEAT|Weapon Focus (bite)

STARTPACK:Greater Positive Energy Elemental Default	TYPE:Default Monster.Outsider	VISIBLE:QUALIFY	EQUIPBUY:0	PREMULT:1,[PRERACE:1,Greater Positive Energy Elemental],[!PRERACE:1,%]
ALIGN:TN
RACE:Greater Positive Energy Elemental	!PRERACE:1,%
NAME:Greater Positive Energy Elemental
STAT:STR=10|DEX=10|CON=10|INT=10|WIS=10|CHA=10
SKILL:Fly	RANK:13
SKILL:Intimidate	RANK:13
SKILL:Knowledge (Planes)	RANK:13
SKILL:Knowledge (Religion)	RANK:13
SKILL:Perception	RANK:13
SKILL:Stealth	RANK:5
ABILITY:CATEGORY=FEAT|Blind-Fight
ABILITY:CATEGORY=FEAT|Combat Reflexes
ABILITY:CATEGORY=FEAT|Dodge
ABILITY:CATEGORY=FEAT|Extra Channel
ABILITY:CATEGORY=FEAT|Flyby Attack
ABILITY:CATEGORY=FEAT|Improved Initiative
ABILITY:CATEGORY=FEAT|Spring Attack
ABILITY:CATEGORY=FEAT|Weapon Finesse
ABILITY:CATEGORY=FEAT|Weapon Focus (slam)

STARTPACK:Greater Shedu Default	TYPE:Default Monster.Magical Beast	VISIBLE:QUALIFY	EQUIPBUY:0	PREMULT:1,[PRERACE:1,Greater Shedu],[!PRERACE:1,%]
ALIGN:LG
RACE:Greater Shedu	!PRERACE:1,%
NAME:Greater Shedu
STAT:STR=10|DEX=10|CON=10|INT=10|WIS=10|CHA=10
SKILL:Diplomacy	RANK:14
SKILL:Fly	RANK:12
SKILL:Knowledge (Arcana)	RANK:14
SKILL:Knowledge (Planes)	RANK:14
SKILL:Perception	RANK:14
SKILL:Sense Motive	RANK:14
ABILITY:CATEGORY=FEAT|Blind-Fight
ABILITY:CATEGORY=FEAT|Combat Casting
ABILITY:CATEGORY=FEAT|Flyby Attack
ABILITY:CATEGORY=FEAT|Hover
ABILITY:CATEGORY=FEAT|Improved Initiative
ABILITY:CATEGORY=FEAT|Iron Will
ABILITY:CATEGORY=FEAT|Power Attack

STARTPACK:Green Guardian Gargoyle Default	TYPE:Default Monster.Monstrous Humanoid	VISIBLE:QUALIFY	EQUIPBUY:0	PREMULT:1,[PRERACE:1,Green Guardian Gargoyle],[!PRERACE:1,%]
ALIGN:CE
RACE:Green Guardian Gargoyle	!PRERACE:1,%
NAME:Green Guardian Gargoyle
STAT:STR=10|DEX=10|CON=10|INT=10|WIS=10|CHA=10
SKILL:Fly	RANK:4
SKILL:Perception	RANK:4
SKILL:Stealth	RANK:4
ABILITY:CATEGORY=FEAT|Hover
ABILITY:CATEGORY=FEAT|Skill Focus (Fly)

STARTPACK:Greenskin Orc Default	TYPE:Default Monster.Humanoid	VISIBLE:QUALIFY	EQUIPBUY:0	PREMULT:1,[PRERACE:1,Greenskin Orc],[!PRERACE:1,%]
ALIGN:CE
RACE:Greenskin Orc	!PRERACE:1,%
NAME:Greenskin Orc
STAT:STR=10|DEX=10|CON=10|INT=10|WIS=10|CHA=10
SKILL:Perception	RANK:1
SKILL:Stealth	RANK:1
ABILITY:CATEGORY=FEAT|Point Blank Shot

STARTPACK:Greruor Demon Default	TYPE:Default Monster.Outsider	VISIBLE:QUALIFY	EQUIPBUY:0	PREMULT:1,[PRERACE:1,Greruor Demon],[!PRERACE:1,%]
ALIGN:CE
RACE:Greruor Demon	!PRERACE:1,%
NAME:Greruor Demon
STAT:STR=10|DEX=10|CON=10|INT=10|WIS=10|CHA=10
SKILL:Acrobatics	RANK:1
SKILL:Climb	RANK:10
SKILL:Escape Artist	RANK:10
SKILL:Intimidate	RANK:10
SKILL:Knowledge (Planes)	RANK:10
SKILL:Perception	RANK:10
SKILL:Sense Motive	RANK:10
SKILL:Stealth	RANK:6
SKILL:Survival	RANK:10
ABILITY:CATEGORY=FEAT|Alertness
ABILITY:CATEGORY=FEAT|Cleave
ABILITY:CATEGORY=FEAT|Improved Initiative
ABILITY:CATEGORY=FEAT|Improved Sunder
ABILITY:CATEGORY=FEAT|Power Attack

STARTPACK:Grig Swarm Default	TYPE:Default Monster.Fey	VISIBLE:QUALIFY	EQUIPBUY:0	PREMULT:1,[PRERACE:1,Grig Swarm],[!PRERACE:1,%]
ALIGN:NG
RACE:Grig Swarm	!PRERACE:1,%
NAME:Grig Swarm
STAT:STR=10|DEX=10|CON=10|INT=10|WIS=10|CHA=10
SKILL:Acrobatics	RANK:10
SKILL:Craft (any)	RANK:10
SKILL:Escape Artist	RANK:10
SKILL:Fly	RANK:1
SKILL:Perception	RANK:10
SKILL:Perform (string instruments)	RANK:10
SKILL:Stealth	RANK:10
ABILITY:CATEGORY=FEAT|Dodge
ABILITY:CATEGORY=FEAT|Great Fortitude
ABILITY:CATEGORY=FEAT|Mobility
ABILITY:CATEGORY=FEAT|Spring Attack
ABILITY:CATEGORY=FEAT|Weapon Finesse

STARTPACK:Grimm Default	TYPE:Default Monster.Fey	VISIBLE:QUALIFY	EQUIPBUY:0	PREMULT:1,[PRERACE:1,Grimm],[!PRERACE:1,%]
ALIGN:NE
RACE:Grimm	!PRERACE:1,%
NAME:Grimm
STAT:STR=10|DEX=10|CON=10|INT=10|WIS=10|CHA=10
SKILL:Acrobatics	RANK:11
SKILL:Bluff	RANK:22
SKILL:Climb	RANK:11
SKILL:Diplomacy	RANK:9
SKILL:Escape Artist	RANK:11
SKILL:Heal	RANK:6
SKILL:Intimidate	RANK:19
SKILL:Perception	RANK:22
SKILL:Sense Motive	RANK:15
SKILL:Stealth	RANK:18
ABILITY:CATEGORY=FEAT|Blind-Fight
ABILITY:CATEGORY=FEAT|Combat Reflexes
ABILITY:CATEGORY=FEAT|Diehard
ABILITY:CATEGORY=FEAT|Endurance
ABILITY:CATEGORY=FEAT|Great Fortitude
ABILITY:CATEGORY=FEAT|Improved Feint
ABILITY:CATEGORY=FEAT|Improved Initiative
ABILITY:CATEGORY=FEAT|Iron Will
ABILITY:CATEGORY=FEAT|Power Attack
ABILITY:CATEGORY=FEAT|Weapon Focus (bite
ABILITY:CATEGORY=FEAT|claw)

STARTPACK:Grimstalker Default	TYPE:Default Monster.Fey	VISIBLE:QUALIFY	EQUIPBUY:0	PREMULT:1,[PRERACE:1,Grimstalker],[!PRERACE:1,%]
ALIGN:NE
RACE:Grimstalker	!PRERACE:1,%
NAME:Grimstalker
STAT:STR=10|DEX=10|CON=10|INT=10|WIS=10|CHA=10
SKILL:Acrobatics	RANK:8
SKILL:Climb	RANK:8
SKILL:Escape Artist	RANK:8
SKILL:Intimidate	RANK:5
SKILL:Knowledge (Nature)	RANK:8
SKILL:Perception	RANK:8
SKILL:Stealth	RANK:8
SKILL:Survival	RANK:5
ABILITY:CATEGORY=FEAT|Combat Reflexes
ABILITY:CATEGORY=FEAT|Improved Initiative
ABILITY:CATEGORY=FEAT|Stealthy
ABILITY:CATEGORY=FEAT|Weapon Finesse

STARTPACK:Gronk Default	TYPE:Default Monster.Monstrous Humanoid	VISIBLE:QUALIFY	EQUIPBUY:0	PREMULT:1,[PRERACE:1,Gronk],[!PRERACE:1,%]
ALIGN:CN
RACE:Gronk	!PRERACE:1,%
NAME:Gronk
STAT:STR=10|DEX=10|CON=10|INT=10|WIS=10|CHA=10
SKILL:Intimidate	RANK:4
SKILL:Perception	RANK:4
SKILL:Survival	RANK:4
ABILITY:CATEGORY=FEAT|Great Fortitude
ABILITY:CATEGORY=FEAT|Power Attack

STARTPACK:Guardian Daemon Default	TYPE:Default Monster.Outsider	VISIBLE:QUALIFY	EQUIPBUY:0	PREMULT:1,[PRERACE:1,Guardian Daemon],[!PRERACE:1,%]
ALIGN:NE
RACE:Guardian Daemon	!PRERACE:1,%
NAME:Guardian Daemon
STAT:STR=10|DEX=10|CON=10|INT=10|WIS=10|CHA=10
SKILL:Bluff	RANK:8
SKILL:Diplomacy	RANK:4
SKILL:Intimidate	RANK:8
SKILL:Knowledge (Arcana)	RANK:4
SKILL:Knowledge (Planes)	RANK:8
SKILL:Perception	RANK:8
SKILL:Sense Motive	RANK:8
SKILL:Stealth	RANK:1
SKILL:Survival	RANK:4
ABILITY:CATEGORY=FEAT|Blind-Fight
ABILITY:CATEGORY=FEAT|Improved Natural Attack (bite)
ABILITY:CATEGORY=FEAT|Power Attack
ABILITY:CATEGORY=FEAT|Vital Strike

STARTPACK:Gulper Eel Default	TYPE:Default Monster.Animal	VISIBLE:QUALIFY	EQUIPBUY:0	PREMULT:1,[PRERACE:1,Gulper Eel],[!PRERACE:1,%]
ALIGN:TN
RACE:Gulper Eel	!PRERACE:1,%
NAME:Gulper Eel
STAT:STR=10|DEX=10|CON=10|INT=10|WIS=10|CHA=10
SKILL:Perception	RANK:7
SKILL:Swim	RANK:8
ABILITY:CATEGORY=FEAT|Blind-Fight
ABILITY:CATEGORY=FEAT|Swim-by Attack
ABILITY:CATEGORY=FEAT|Toughness
ABILITY:CATEGORY=FEAT|Weapon Focus (bite)

STARTPACK:Gutlslug Default	TYPE:Default Monster.Aberration	VISIBLE:QUALIFY	EQUIPBUY:0	PREMULT:1,[PRERACE:1,Gutlslug],[!PRERACE:1,%]
ALIGN:TN
RACE:Gutlslug	!PRERACE:1,%
NAME:Gutlslug
STAT:STR=10|DEX=10|CON=10|INT=10|WIS=10|CHA=10
SKILL:Fly	RANK:3
SKILL:Perception	RANK:3
SKILL:Stealth	RANK:2
ABILITY:CATEGORY=FEAT|Skill Focus (Perception)
ABILITY:CATEGORY=FEAT|Weapon Finesse

STARTPACK:Half-ogre Default	TYPE:Default Monster.Humanoid	VISIBLE:QUALIFY	EQUIPBUY:0	PREMULT:1,[PRERACE:1,Half-ogre],[!PRERACE:1,%]
ALIGN:CE
RACE:Half-ogre	!PRERACE:1,%
NAME:Half-ogre
STAT:STR=10|DEX=10|CON=10|INT=10|WIS=10|CHA=10
SKILL:Climb	RANK:2
ABILITY:CATEGORY=FEAT|Weapon Focus (greatsword)

STARTPACK:Hanged Man Default	TYPE:Default Monster.Undead	VISIBLE:QUALIFY	EQUIPBUY:0	PREMULT:1,[PRERACE:1,Hanged Man],[!PRERACE:1,%]
ALIGN:CE
RACE:Hanged Man	!PRERACE:1,%
NAME:Hanged Man
STAT:STR=10|DEX=10|INT=10|WIS=10|CHA=10
SKILL:Climb	RANK:4
SKILL:Perception	RANK:4
SKILL:Stealth	RANK:4
ABILITY:CATEGORY=FEAT|Improved Initiative
ABILITY:CATEGORY=FEAT|Weapon Focus (rope)

STARTPACK:Haunt Default	TYPE:Default Monster.Undead	VISIBLE:QUALIFY	EQUIPBUY:0	PREMULT:1,[PRERACE:1,Haunt],[!PRERACE:1,%]
ALIGN:TN
RACE:Haunt	!PRERACE:1,%
NAME:Haunt
STAT:DEX=10|INT=10|WIS=10|CHA=10
SKILL:Fly	RANK:4
SKILL:Intimidate	RANK:5
SKILL:Perception	RANK:5
SKILL:Stealth	RANK:5
ABILITY:CATEGORY=FEAT|Blind-Fight
ABILITY:CATEGORY=FEAT|Dodge
ABILITY:CATEGORY=FEAT|Improved Initiative

STARTPACK:Hawanar Genie Default	TYPE:Default Monster.Outsider	VISIBLE:QUALIFY	EQUIPBUY:0	PREMULT:1,[PRERACE:1,Hawanar Genie],[!PRERACE:1,%]
ALIGN:LN
RACE:Hawanar Genie	!PRERACE:1,%
NAME:Hawanar Genie
STAT:STR=10|DEX=10|CON=10|INT=10|WIS=10|CHA=10
SKILL:Bluff	RANK:13
SKILL:Diplomacy	RANK:13
SKILL:Fly	RANK:13
SKILL:Intimidate	RANK:13
SKILL:Knowledge (Nobility)	RANK:13
SKILL:Knowledge (Planes)	RANK:13
SKILL:Perception	RANK:13
SKILL:Sense Motive	RANK:7
SKILL:Spellcraft	RANK:6
ABILITY:CATEGORY=FEAT|Combat Casting
ABILITY:CATEGORY=FEAT|Combat Reflexes
ABILITY:CATEGORY=FEAT|Dodge
ABILITY:CATEGORY=FEAT|Improved Initiative
ABILITY:CATEGORY=FEAT|Mobility
ABILITY:CATEGORY=FEAT|Power Attack
ABILITY:CATEGORY=FEAT|Quicken Spell-like Ability (scorching ray)
ABILITY:CATEGORY=FEAT|Wind Stance

STARTPACK:Heat Swarm Default	TYPE:Default Monster.Outsider	VISIBLE:QUALIFY	EQUIPBUY:0	PREMULT:1,[PRERACE:1,Heat Swarm],[!PRERACE:1,%]
ALIGN:NE
RACE:Heat Swarm	!PRERACE:1,%
NAME:Heat Swarm
STAT:STR=10|DEX=10|CON=10|INT=10|WIS=10|CHA=10
SKILL:Fly	RANK:2
SKILL:Knowledge (Planes)	RANK:9
SKILL:Perception	RANK:9
SKILL:Sense Motive	RANK:9
SKILL:Stealth	RANK:8
SKILL:Survival	RANK:9
ABILITY:CATEGORY=FEAT|Dodge
ABILITY:CATEGORY=FEAT|Great Fortitude
ABILITY:CATEGORY=FEAT|Improved Initiative
ABILITY:CATEGORY=FEAT|Skill Focus (Perception)
ABILITY:CATEGORY=FEAT|Weapon Finesse

STARTPACK:Hell Moth Default	TYPE:Default Monster.Aberration	VISIBLE:QUALIFY	EQUIPBUY:0	PREMULT:1,[PRERACE:1,Hell Moth],[!PRERACE:1,%]
ALIGN:NE
RACE:Hell Moth	!PRERACE:1,%
NAME:Hell Moth
STAT:STR=10|DEX=10|CON=10|INT=10|WIS=10|CHA=10
SKILL:Fly	RANK:4
SKILL:Perception	RANK:9
SKILL:Stealth	RANK:2
ABILITY:CATEGORY=FEAT|Diehard
ABILITY:CATEGORY=FEAT|Endurance
ABILITY:CATEGORY=FEAT|Improved Initiative
ABILITY:CATEGORY=FEAT|Skill Focus (Perception)
ABILITY:CATEGORY=FEAT|Toughness

STARTPACK:Hellstoker Devil Default	TYPE:Default Monster.Outsider	VISIBLE:QUALIFY	EQUIPBUY:0	PREMULT:1,[PRERACE:1,Hellstoker Devil],[!PRERACE:1,%]
ALIGN:LE
RACE:Hellstoker Devil	!PRERACE:1,%
NAME:Hellstoker Devil
STAT:STR=10|DEX=10|CON=10|INT=10|WIS=10|CHA=10
SKILL:Climb	RANK:5
SKILL:Escape Artist	RANK:5
SKILL:Intimidate	RANK:5
SKILL:Perception	RANK:5
SKILL:Survival	RANK:5
ABILITY:CATEGORY=FEAT|Iron Will
ABILITY:CATEGORY=FEAT|Maximize Spell-like Abilities (burning hands)
ABILITY:CATEGORY=FEAT|Power Attack

STARTPACK:Herald Of Tsathogga Default	TYPE:Default Monster.Aberration	VISIBLE:QUALIFY	EQUIPBUY:0	PREMULT:1,[PRERACE:1,Herald Of Tsathogga],[!PRERACE:1,%]
ALIGN:CE
RACE:Herald Of Tsathogga	!PRERACE:1,%
NAME:Herald Of Tsathogga
STAT:STR=10|DEX=10|CON=10|INT=10|WIS=10|CHA=10
SKILL:Intimidate	RANK:10
SKILL:Perception	RANK:22
SKILL:Stealth	RANK:9
SKILL:Swim	RANK:9
ABILITY:CATEGORY=FEAT|Blind-Fight
ABILITY:CATEGORY=FEAT|Cleave
ABILITY:CATEGORY=FEAT|Iron Will
ABILITY:CATEGORY=FEAT|Lightning Reflexes
ABILITY:CATEGORY=FEAT|Multiattack
ABILITY:CATEGORY=FEAT|Power Attack
ABILITY:CATEGORY=FEAT|Skill Focus (Perception)
ABILITY:CATEGORY=FEAT|Skill Focus (Stealth)
ABILITY:CATEGORY=FEAT|Toughness
ABILITY:CATEGORY=FEAT|Weapon Focus (tentacle)
ABILITY:CATEGORY=FEAT|Weapon Focus (tongue)

STARTPACK:Hoar Fox Default	TYPE:Default Monster.Magical Beast	VISIBLE:QUALIFY	EQUIPBUY:0	PREMULT:1,[PRERACE:1,Hoar Fox],[!PRERACE:1,%]
ALIGN:TN
RACE:Hoar Fox	!PRERACE:1,%
NAME:Hoar Fox
STAT:STR=10|DEX=10|CON=10|INT=10|WIS=10|CHA=10
SKILL:Perception	RANK:3
SKILL:Stealth	RANK:3
SKILL:Survival	RANK:1
ABILITY:CATEGORY=FEAT|Skill Focus (perception)
ABILITY:CATEGORY=FEAT|Weapon Finesse

STARTPACK:Hoar Spirit Default	TYPE:Default Monster.Undead	VISIBLE:QUALIFY	EQUIPBUY:0	PREMULT:1,[PRERACE:1,Hoar Spirit],[!PRERACE:1,%]
ALIGN:CE
RACE:Hoar Spirit	!PRERACE:1,%
NAME:Hoar Spirit
STAT:STR=10|DEX=10|INT=10|WIS=10|CHA=10
SKILL:Acrobatics	RANK:1
SKILL:Climb	RANK:4
SKILL:Perception	RANK:4
SKILL:Sense Motive	RANK:1
SKILL:Stealth	RANK:4
ABILITY:CATEGORY=FEAT|Alertness
ABILITY:CATEGORY=FEAT|Weapon Focus (claws)

STARTPACK:Homotherium Default	TYPE:Default Monster.Animal	VISIBLE:QUALIFY	EQUIPBUY:0	PREMULT:1,[PRERACE:1,Homotherium],[!PRERACE:1,%]
ALIGN:TN
RACE:Homotherium	!PRERACE:1,%
NAME:Homotherium
STAT:STR=10|DEX=10|CON=10|INT=10|WIS=10|CHA=10
SKILL:Acrobatics	RANK:5
SKILL:Perception	RANK:5
SKILL:Stealth	RANK:6
SKILL:Swim	RANK:1
ABILITY:CATEGORY=FEAT|Power Attack
ABILITY:CATEGORY=FEAT|Run
ABILITY:CATEGORY=FEAT|Skill Focus (Perception)

STARTPACK:Huge Acid Quasi-elemental Default	TYPE:Default Monster.Outsider	VISIBLE:QUALIFY	EQUIPBUY:0	PREMULT:1,[PRERACE:1,Huge Acid Quasi-elemental],[!PRERACE:1,%]
ALIGN:TN
RACE:Huge Acid Quasi-elemental	!PRERACE:1,%
NAME:Huge Acid Quasi-elemental
STAT:STR=10|DEX=10|CON=10|INT=10|WIS=10|CHA=10
SKILL:Knowledge (Planes)	RANK:8
SKILL:Perception	RANK:8
SKILL:Stealth	RANK:1
SKILL:Swim	RANK:8
ABILITY:CATEGORY=FEAT|Cleave
ABILITY:CATEGORY=FEAT|Improved Initiative
ABILITY:CATEGORY=FEAT|Iron Will
ABILITY:CATEGORY=FEAT|Power Attack

STARTPACK:Huge Gravity Elemental Default	TYPE:Default Monster.Outsider	VISIBLE:QUALIFY	EQUIPBUY:0	PREMULT:1,[PRERACE:1,Huge Gravity Elemental],[!PRERACE:1,%]
ALIGN:TN
RACE:Huge Gravity Elemental	!PRERACE:1,%
NAME:Huge Gravity Elemental
STAT:STR=10|DEX=10|CON=10|INT=10|WIS=10|CHA=10
SKILL:Fly	RANK:10
SKILL:Perception	RANK:10
SKILL:Sense Motive	RANK:10
SKILL:Stealth	RANK:2
ABILITY:CATEGORY=FEAT|Dodge
ABILITY:CATEGORY=FEAT|Flyby Attack
ABILITY:CATEGORY=FEAT|Improved Initiative
ABILITY:CATEGORY=FEAT|Mobility
ABILITY:CATEGORY=FEAT|Throw Anything
ABILITY:CATEGORY=FEAT|Weapon Finesse

STARTPACK:Huge Monstrous Sea Wasp Default	TYPE:Default Monster.Vermin	VISIBLE:QUALIFY	EQUIPBUY:0	PREMULT:1,[PRERACE:1,Huge Monstrous Sea Wasp],[!PRERACE:1,%]
ALIGN:TN
RACE:Huge Monstrous Sea Wasp	!PRERACE:1,%
NAME:Huge Monstrous Sea Wasp
STAT:STR=10|DEX=10|CON=10|WIS=10|CHA=10
SKILL:Escape Artist	RANK:7
SKILL:Perception	RANK:1
SKILL:Stealth	RANK:1
SKILL:Swim	RANK:5

STARTPACK:Huge Negative Energy Elemental Default	TYPE:Default Monster.Outsider	VISIBLE:QUALIFY	EQUIPBUY:0	PREMULT:1,[PRERACE:1,Huge Negative Energy Elemental],[!PRERACE:1,%]
ALIGN:TN
RACE:Huge Negative Energy Elemental	!PRERACE:1,%
NAME:Huge Negative Energy Elemental
STAT:STR=10|DEX=10|CON=10|INT=10|WIS=10|CHA=10
SKILL:Fly	RANK:10
SKILL:Intimidate	RANK:10
SKILL:Knowledge (Planes)	RANK:10
SKILL:Perception	RANK:10
SKILL:Stealth	RANK:2
ABILITY:CATEGORY=FEAT|Dodge
ABILITY:CATEGORY=FEAT|Extra Channel
ABILITY:CATEGORY=FEAT|Flyby Attack
ABILITY:CATEGORY=FEAT|Improved Initiative
ABILITY:CATEGORY=FEAT|Spring Attack
ABILITY:CATEGORY=FEAT|Weapon Finesse
ABILITY:CATEGORY=FEAT|Weapon Focus (slam)

STARTPACK:Huge Obsidian Quasi-elemental Default	TYPE:Default Monster.Outsider	VISIBLE:QUALIFY	EQUIPBUY:0	PREMULT:1,[PRERACE:1,Huge Obsidian Quasi-elemental],[!PRERACE:1,%]
ALIGN:TN
RACE:Huge Obsidian Quasi-elemental	!PRERACE:1,%
NAME:Huge Obsidian Quasi-elemental
STAT:STR=10|DEX=10|CON=10|INT=10|WIS=10|CHA=10
SKILL:Knowledge (Planes)	RANK:8
SKILL:Perception	RANK:8
SKILL:Sense Motive	RANK:8
SKILL:Stealth	RANK:1
ABILITY:CATEGORY=FEAT|Cleave
ABILITY:CATEGORY=FEAT|Great Cleave
ABILITY:CATEGORY=FEAT|Improved Critical (claw)
ABILITY:CATEGORY=FEAT|Improved Natural Attack
ABILITY:CATEGORY=FEAT|Power Attack

STARTPACK:Huge Positive Energy Elemental Default	TYPE:Default Monster.Outsider	VISIBLE:QUALIFY	EQUIPBUY:0	PREMULT:1,[PRERACE:1,Huge Positive Energy Elemental],[!PRERACE:1,%]
ALIGN:TN
RACE:Huge Positive Energy Elemental	!PRERACE:1,%
NAME:Huge Positive Energy Elemental
STAT:STR=10|DEX=10|CON=10|INT=10|WIS=10|CHA=10
SKILL:Fly	RANK:10
SKILL:Intimidate	RANK:10
SKILL:Knowledge (Planes)	RANK:10
SKILL:Perception	RANK:10
SKILL:Stealth	RANK:2
ABILITY:CATEGORY=FEAT|Dodge
ABILITY:CATEGORY=FEAT|Extra Channel
ABILITY:CATEGORY=FEAT|Flyby Attack
ABILITY:CATEGORY=FEAT|Improved Initiative
ABILITY:CATEGORY=FEAT|Spring Attack
ABILITY:CATEGORY=FEAT|Weapon Finesse
ABILITY:CATEGORY=FEAT|Weapon Focus (slam)

STARTPACK:Huggermugger Default	TYPE:Default Monster.Humanoid	VISIBLE:QUALIFY	EQUIPBUY:0	PREMULT:1,[PRERACE:1,Huggermugger],[!PRERACE:1,%]
ALIGN:CN
RACE:Huggermugger	!PRERACE:1,%
NAME:Huggermugger
STAT:STR=10|DEX=10|CON=10|INT=10|WIS=10|CHA=10
SKILL:Perception	RANK:2
SKILL:Sleight of Hand	RANK:2
SKILL:Stealth	RANK:2
ABILITY:CATEGORY=FEAT|Weapon Finesse

STARTPACK:Hutijin Default	TYPE:Default Monster.Outsider	VISIBLE:QUALIFY	EQUIPBUY:0	PREMULT:1,[PRERACE:1,Hutijin],[!PRERACE:1,%]
ALIGN:LE
RACE:Hutijin	!PRERACE:1,%
NAME:Hutijin
STAT:STR=10|DEX=10|CON=10|INT=10|WIS=10|CHA=10
SKILL:Appraise	RANK:19
SKILL:Bluff	RANK:22
SKILL:Diplomacy	RANK:22
SKILL:Disguise	RANK:19
SKILL:Fly	RANK:20
SKILL:Intimidate	RANK:22
SKILL:Knowledge (Arcana)	RANK:19
SKILL:Knowledge (Planes)	RANK:22
SKILL:Knowledge (Religion)	RANK:19
SKILL:Perception	RANK:22
SKILL:Sense Motive	RANK:22
SKILL:Spellcraft	RANK:22
SKILL:Stealth	RANK:18
SKILL:Survival	RANK:22
ABILITY:CATEGORY=FEAT|Alertness
ABILITY:CATEGORY=FEAT|Cleave
ABILITY:CATEGORY=FEAT|Great Cleave
ABILITY:CATEGORY=FEAT|Improved Critical (trident)
ABILITY:CATEGORY=FEAT|Improved Initiative
ABILITY:CATEGORY=FEAT|Improved Vital Strike
ABILITY:CATEGORY=FEAT|Iron Will
ABILITY:CATEGORY=FEAT|Power Attack
ABILITY:CATEGORY=FEAT|Quicken Spell-Like Ability (fireball)
ABILITY:CATEGORY=FEAT|Vital Strike
ABILITY:CATEGORY=FEAT|Weapon Focus (trident)

STARTPACK:Hyaenodon Default	TYPE:Default Monster.Animal	VISIBLE:QUALIFY	EQUIPBUY:0	PREMULT:1,[PRERACE:1,Hyaenodon],[!PRERACE:1,%]
ALIGN:TN
RACE:Hyaenodon	!PRERACE:1,%
NAME:Hyaenodon
STAT:STR=10|DEX=10|CON=10|INT=10|WIS=10|CHA=10
SKILL:Perception	RANK:5
SKILL:Stealth	RANK:1
SKILL:Survival	RANK:1
ABILITY:CATEGORY=FEAT|Skill Focus (Perception)
ABILITY:CATEGORY=FEAT|Toughness
ABILITY:CATEGORY=FEAT|Weapon Focus (bite)

STARTPACK:Hydrodaemon Default	TYPE:Default Monster.Outsider	VISIBLE:QUALIFY	EQUIPBUY:0	PREMULT:1,[PRERACE:1,Hydrodaemon],[!PRERACE:1,%]
ALIGN:NE
RACE:Hydrodaemon	!PRERACE:1,%
NAME:Hydrodaemon
STAT:STR=10|DEX=10|CON=10|INT=10|WIS=10|CHA=10
SKILL:Fly	RANK:5
SKILL:Intimidate	RANK:7
SKILL:Knowledge (Planes)	RANK:7
SKILL:Perception	RANK:7
SKILL:Swim	RANK:7
ABILITY:CATEGORY=FEAT|Cleave
ABILITY:CATEGORY=FEAT|Point Blank Shot
ABILITY:CATEGORY=FEAT|Power Attack
ABILITY:CATEGORY=FEAT|Precise Shot

STARTPACK:Ice Drake Default	TYPE:Default Monster.Dragon	VISIBLE:QUALIFY	EQUIPBUY:0	PREMULT:1,[PRERACE:1,Ice Drake],[!PRERACE:1,%]
ALIGN:CE
RACE:Ice Drake	!PRERACE:1,%
NAME:Ice Drake
STAT:STR=10|DEX=10|CON=10|INT=10|WIS=10|CHA=10
SKILL:Bluff	RANK:3
SKILL:Escape Artist	RANK:1
SKILL:Fly	RANK:3
SKILL:Perception	RANK:3
ABILITY:CATEGORY=FEAT|Flyby Attack
ABILITY:CATEGORY=FEAT|Weapon Focus (bite)

STARTPACK:Ice Troll Default	TYPE:Default Monster.Humanoid	VISIBLE:QUALIFY	EQUIPBUY:0	PREMULT:1,[PRERACE:1,Ice Troll],[!PRERACE:1,%]
ALIGN:CE
RACE:Ice Troll	!PRERACE:1,%
NAME:Ice Troll
STAT:STR=10|DEX=10|CON=10|INT=10|WIS=10|CHA=10
SKILL:Perception	RANK:1
ABILITY:CATEGORY=FEAT|Toughness

STARTPACK:Iron Maiden Golem Default	TYPE:Default Monster.Construct	VISIBLE:QUALIFY	EQUIPBUY:0	PREMULT:1,[PRERACE:1,Iron Maiden Golem],[!PRERACE:1,%]
ALIGN:TN
RACE:Iron Maiden Golem	!PRERACE:1,%
NAME:Iron Maiden Golem
STAT:STR=10|DEX=10|WIS=10|CHA=10
ABILITY:CATEGORY=FEAT|see below

STARTPACK:Jack-in-irons Giant Default	TYPE:Default Monster.Humanoid	VISIBLE:QUALIFY	EQUIPBUY:0	PREMULT:1,[PRERACE:1,Jack-in-irons Giant],[!PRERACE:1,%]
ALIGN:CE
RACE:Jack-in-irons Giant	!PRERACE:1,%
NAME:Jack-in-irons Giant
STAT:STR=10|DEX=10|CON=10|INT=10|WIS=10|CHA=10
SKILL:Climb	RANK:2
SKILL:Intimidate	RANK:22
SKILL:Perception	RANK:22
SKILL:Survival	RANK:6
ABILITY:CATEGORY=FEAT|Awesome Blow
ABILITY:CATEGORY=FEAT|Cleave
ABILITY:CATEGORY=FEAT|Endurance
ABILITY:CATEGORY=FEAT|Greater Bull Rush
ABILITY:CATEGORY=FEAT|Improved Bull Rush
ABILITY:CATEGORY=FEAT|Improved Sunder
ABILITY:CATEGORY=FEAT|Iron Will
ABILITY:CATEGORY=FEAT|Lightning Reflexes
ABILITY:CATEGORY=FEAT|Martial Weapon Proficiency (great chain)
ABILITY:CATEGORY=FEAT|Martial Weapon Proficiency (greatclub)
ABILITY:CATEGORY=FEAT|Power Attack
ABILITY:CATEGORY=FEAT|Weapon Focus (greatclub)
ABILITY:CATEGORY=FEAT|Weapon Focus (chain)

STARTPACK:Jaculi Default	TYPE:Default Monster.Magical Beast	VISIBLE:QUALIFY	EQUIPBUY:0	PREMULT:1,[PRERACE:1,Jaculi],[!PRERACE:1,%]
ALIGN:TN
RACE:Jaculi	!PRERACE:1,%
NAME:Jaculi
STAT:STR=10|DEX=10|CON=10|INT=10|WIS=10|CHA=10
SKILL:Perception	RANK:1
SKILL:Stealth	RANK:1
ABILITY:CATEGORY=FEAT|Skill Focus (Perception)
ABILITY:CATEGORY=FEAT|Weapon Finesse

STARTPACK:Jade Colossus Default	TYPE:Default Monster.Construct	VISIBLE:QUALIFY	EQUIPBUY:0	PREMULT:1,[PRERACE:1,Jade Colossus],[!PRERACE:1,%]
ALIGN:TN
RACE:Jade Colossus	!PRERACE:1,%
NAME:Jade Colossus
STAT:STR=10|DEX=10|WIS=10|CHA=10

STARTPACK:Jaguar Default	TYPE:Default Monster.Animal	VISIBLE:QUALIFY	EQUIPBUY:0	PREMULT:1,[PRERACE:1,Jaguar],[!PRERACE:1,%]
ALIGN:TN
RACE:Jaguar	!PRERACE:1,%
NAME:Jaguar
STAT:STR=10|DEX=10|CON=10|INT=10|WIS=10|CHA=10
SKILL:Acrobatics	RANK:1
SKILL:Climb	RANK:4
SKILL:Perception	RANK:4
SKILL:Stealth	RANK:4
SKILL:Swim	RANK:4
ABILITY:CATEGORY=FEAT|Improved Natural Attack (bite)
ABILITY:CATEGORY=FEAT|Skill Focus (Perception)
ABILITY:CATEGORY=FEAT|Weapon Focus (bite)

STARTPACK:Jubilex Default	TYPE:Default Monster.Outsider	VISIBLE:QUALIFY	EQUIPBUY:0	PREMULT:1,[PRERACE:1,Jubilex],[!PRERACE:1,%]
ALIGN:CE
RACE:Jubilex	!PRERACE:1,%
NAME:Jubilex
STAT:STR=10|DEX=10|CON=10|INT=10|WIS=10|CHA=10
SKILL:Bluff	RANK:27
SKILL:Climb	RANK:27
SKILL:Diplomacy	RANK:24
SKILL:Escape Artist	RANK:27
SKILL:Intimidate	RANK:27
SKILL:Knowledge (Arcana)	RANK:24
SKILL:Knowledge (Planes)	RANK:27
SKILL:Knowledge (Religion)	RANK:24
SKILL:Perception	RANK:27
SKILL:Sense Motive	RANK:27
SKILL:Spellcraft	RANK:24
SKILL:Stealth	RANK:23
SKILL:Survival	RANK:27
ABILITY:CATEGORY=FEAT|Alertness
ABILITY:CATEGORY=FEAT|Cleave
ABILITY:CATEGORY=FEAT|Combat Reflexes
ABILITY:CATEGORY=FEAT|Critical Focus
ABILITY:CATEGORY=FEAT|Enlarge Spell
ABILITY:CATEGORY=FEAT|Great Cleave
ABILITY:CATEGORY=FEAT|Great Fortitude
ABILITY:CATEGORY=FEAT|Improved Critical (slam)
ABILITY:CATEGORY=FEAT|Improved Initiative
ABILITY:CATEGORY=FEAT|Iron Will
ABILITY:CATEGORY=FEAT|Maximize Spell
ABILITY:CATEGORY=FEAT|Power Attack
ABILITY:CATEGORY=FEAT|Sickening Critical
ABILITY:CATEGORY=FEAT|Weapon Focus (slam)

STARTPACK:Jubilex-touched Marsh Jelly Default	TYPE:Default Monster.Aberration	VISIBLE:QUALIFY	EQUIPBUY:0	PREMULT:1,[PRERACE:1,Jubilex-touched Marsh Jelly],[!PRERACE:1,%]
ALIGN:CE
RACE:Jubilex-touched Marsh Jelly	!PRERACE:1,%
NAME:Jubilex-touched Marsh Jelly
STAT:STR=10|DEX=10|CON=10|INT=10|WIS=10|CHA=10
SKILL:Escape Artist	RANK:1
SKILL:Fly	RANK:13
SKILL:Intimidate	RANK:15
SKILL:Perception	RANK:15
SKILL:Sense Motive	RANK:1
SKILL:Stealth	RANK:15
ABILITY:CATEGORY=FEAT|Alertness
ABILITY:CATEGORY=FEAT|Flyby Attack
ABILITY:CATEGORY=FEAT|Hover
ABILITY:CATEGORY=FEAT|Improved Initiative
ABILITY:CATEGORY=FEAT|Lightning Reflexes
ABILITY:CATEGORY=FEAT|Skill Focus (Perception)
ABILITY:CATEGORY=FEAT|Stealthy
ABILITY:CATEGORY=FEAT|Weapon Focus (tentacle)

STARTPACK:Jupiter Bloodsucker Default	TYPE:Default Monster.Plant	VISIBLE:QUALIFY	EQUIPBUY:0	PREMULT:1,[PRERACE:1,Jupiter Bloodsucker],[!PRERACE:1,%]
ALIGN:TN
RACE:Jupiter Bloodsucker	!PRERACE:1,%
NAME:Jupiter Bloodsucker
STAT:STR=10|DEX=10|CON=10|WIS=10|CHA=10

STARTPACK:Kampfult Default	TYPE:Default Monster.Plant	VISIBLE:QUALIFY	EQUIPBUY:0	PREMULT:1,[PRERACE:1,Kampfult],[!PRERACE:1,%]
ALIGN:NE
RACE:Kampfult	!PRERACE:1,%
NAME:Kampfult
STAT:STR=10|DEX=10|CON=10|INT=10|WIS=10|CHA=10
SKILL:Perception	RANK:3
SKILL:Stealth	RANK:3
ABILITY:CATEGORY=FEAT|Skill Focus (Perception)
ABILITY:CATEGORY=FEAT|Skill Focus (Stealth)

STARTPACK:Kathlin Default	TYPE:Default Monster.Magical Beast	VISIBLE:QUALIFY	EQUIPBUY:0	PREMULT:1,[PRERACE:1,Kathlin],[!PRERACE:1,%]
ALIGN:NG
RACE:Kathlin	!PRERACE:1,%
NAME:Kathlin
STAT:STR=10|DEX=10|CON=10|INT=10|WIS=10|CHA=10
SKILL:Perception	RANK:4
ABILITY:CATEGORY=FEAT|Endurance
ABILITY:CATEGORY=FEAT|Run

STARTPACK:Kelp Devil Default	TYPE:Default Monster.Plant	VISIBLE:QUALIFY	EQUIPBUY:0	PREMULT:1,[PRERACE:1,Kelp Devil],[!PRERACE:1,%]
ALIGN:NE
RACE:Kelp Devil	!PRERACE:1,%
NAME:Kelp Devil
STAT:STR=10|DEX=10|CON=10|INT=10|WIS=10|CHA=10
SKILL:Perception	RANK:6
SKILL:Stealth	RANK:1
SKILL:Swim	RANK:8
ABILITY:CATEGORY=FEAT|Great Fortitude
ABILITY:CATEGORY=FEAT|Improved Initiative
ABILITY:CATEGORY=FEAT|Iron Will
ABILITY:CATEGORY=FEAT|Lightning Reflexes
ABILITY:CATEGORY=FEAT|Skill Focus (Perception)

STARTPACK:Khargra Default	TYPE:Default Monster.Outsider	VISIBLE:QUALIFY	EQUIPBUY:0	PREMULT:1,[PRERACE:1,Khargra],[!PRERACE:1,%]
ALIGN:TN
RACE:Khargra	!PRERACE:1,%
NAME:Khargra
STAT:STR=10|DEX=10|CON=10|INT=10|WIS=10|CHA=10
SKILL:Perception	RANK:5
SKILL:Stealth	RANK:5
SKILL:Survival	RANK:5
ABILITY:CATEGORY=FEAT|Improved Initiative
ABILITY:CATEGORY=FEAT|Skill Focus (Perception)
ABILITY:CATEGORY=FEAT|Toughness

STARTPACK:Killer Frog Default	TYPE:Default Monster.Animal	VISIBLE:QUALIFY	EQUIPBUY:0	PREMULT:1,[PRERACE:1,Killer Frog],[!PRERACE:1,%]
ALIGN:TN
RACE:Killer Frog	!PRERACE:1,%
NAME:Killer Frog
STAT:STR=10|DEX=10|CON=10|INT=10|WIS=10|CHA=10
SKILL:Acrobatics	RANK:1
SKILL:Perception	RANK:1
SKILL:Stealth	RANK:1
SKILL:Swim	RANK:1
ABILITY:CATEGORY=FEAT|Improved Natural Attack (claw)

STARTPACK:Killmoulis Default	TYPE:Default Monster.Fey	VISIBLE:QUALIFY	EQUIPBUY:0	PREMULT:1,[PRERACE:1,Killmoulis],[!PRERACE:1,%]
ALIGN:CN
RACE:Killmoulis	!PRERACE:1,%
NAME:Killmoulis
STAT:STR=10|DEX=10|CON=10|INT=10|WIS=10|CHA=10
SKILL:Craft (any one)	RANK:1
SKILL:Escape Artist	RANK:1
SKILL:Perception	RANK:1
SKILL:Profession (farmer or miller)	RANK:1
SKILL:Stealth	RANK:1
ABILITY:CATEGORY=FEAT|Dodge
ABILITY:CATEGORY=FEAT|Weapon Finesse

STARTPACK:Kuah-lij Default	TYPE:Default Monster.Humanoid	VISIBLE:QUALIFY	EQUIPBUY:0	PREMULT:1,[PRERACE:1,Kuah-lij],[!PRERACE:1,%]
ALIGN:LN
RACE:Kuah-lij	!PRERACE:1,%
NAME:Kuah-lij
STAT:STR=10|DEX=10|CON=10|INT=10|WIS=10|CHA=10
SKILL:Craft (any one)	RANK:1
SKILL:Knowledge (Any Two)	RANK:1
SKILL:Knowledge (Arcana)	RANK:1
SKILL:Perception	RANK:1
SKILL:Swim	RANK:1
ABILITY:CATEGORY=FEAT|Master Craftsman (any craft)
ABILITY:CATEGORY=FEAT|Skill Focus (any craft)

STARTPACK:Land Lamprey Default	TYPE:Default Monster.Magical Beast	VISIBLE:QUALIFY	EQUIPBUY:0	PREMULT:1,[PRERACE:1,Land Lamprey],[!PRERACE:1,%]
ALIGN:TN
RACE:Land Lamprey	!PRERACE:1,%
NAME:Land Lamprey
STAT:STR=10|DEX=10|CON=10|INT=10|WIS=10|CHA=10
SKILL:Perception	RANK:1
SKILL:Stealth	RANK:1
ABILITY:CATEGORY=FEAT|Weapon Finesse

STARTPACK:Lantern Goat Default	TYPE:Default Monster.Undead	VISIBLE:QUALIFY	EQUIPBUY:0	PREMULT:1,[PRERACE:1,Lantern Goat],[!PRERACE:1,%]
ALIGN:CE
RACE:Lantern Goat	!PRERACE:1,%
NAME:Lantern Goat
STAT:STR=10|DEX=10|INT=10|WIS=10|CHA=10
SKILL:Acrobatics	RANK:3
SKILL:Perception	RANK:8
SKILL:Stealth	RANK:2
ABILITY:CATEGORY=FEAT|Dodge
ABILITY:CATEGORY=FEAT|Improved Initiative
ABILITY:CATEGORY=FEAT|Toughness
ABILITY:CATEGORY=FEAT|Weapon Finesse

STARTPACK:Large Acid Quasi-elemental Default	TYPE:Default Monster.Outsider	VISIBLE:QUALIFY	EQUIPBUY:0	PREMULT:1,[PRERACE:1,Large Acid Quasi-elemental],[!PRERACE:1,%]
ALIGN:TN
RACE:Large Acid Quasi-elemental	!PRERACE:1,%
NAME:Large Acid Quasi-elemental
STAT:STR=10|DEX=10|CON=10|INT=10|WIS=10|CHA=10
SKILL:Knowledge (Planes)	RANK:6
SKILL:Perception	RANK:6
SKILL:Stealth	RANK:2
SKILL:Swim	RANK:5
ABILITY:CATEGORY=FEAT|Cleave
ABILITY:CATEGORY=FEAT|Improved Initiative
ABILITY:CATEGORY=FEAT|Power Attack

STARTPACK:Large Gravity Elemental Default	TYPE:Default Monster.Outsider	VISIBLE:QUALIFY	EQUIPBUY:0	PREMULT:1,[PRERACE:1,Large Gravity Elemental],[!PRERACE:1,%]
ALIGN:TN
RACE:Large Gravity Elemental	!PRERACE:1,%
NAME:Large Gravity Elemental
STAT:STR=10|DEX=10|CON=10|INT=10|WIS=10|CHA=10
SKILL:Fly	RANK:3
SKILL:Perception	RANK:8
SKILL:Sense Motive	RANK:8
SKILL:Stealth	RANK:4
ABILITY:CATEGORY=FEAT|Dodge
ABILITY:CATEGORY=FEAT|Flyby Attack
ABILITY:CATEGORY=FEAT|Improved Initiative
ABILITY:CATEGORY=FEAT|Throw Anything
ABILITY:CATEGORY=FEAT|Weapon Finesse

STARTPACK:Large Lightning Quasi-elemental Default	TYPE:Default Monster.Outsider	VISIBLE:QUALIFY	EQUIPBUY:0	PREMULT:1,[PRERACE:1,Large Lightning Quasi-elemental],[!PRERACE:1,%]
ALIGN:TN
RACE:Large Lightning Quasi-elemental	!PRERACE:1,%
NAME:Large Lightning Quasi-elemental
STAT:STR=10|DEX=10|CON=10|INT=10|WIS=10|CHA=10
SKILL:Fly	RANK:12
SKILL:Knowledge (Planes)	RANK:12
SKILL:Perception	RANK:12
SKILL:Stealth	RANK:8
ABILITY:CATEGORY=FEAT|Ability Focus (globe)
ABILITY:CATEGORY=FEAT|Dodge
ABILITY:CATEGORY=FEAT|Flyby Attack
ABILITY:CATEGORY=FEAT|Improved Initiative
ABILITY:CATEGORY=FEAT|Mobility
ABILITY:CATEGORY=FEAT|Weapon Finesse

STARTPACK:Large Monstrous Sea Wasp Default	TYPE:Default Monster.Vermin	VISIBLE:QUALIFY	EQUIPBUY:0	PREMULT:1,[PRERACE:1,Large Monstrous Sea Wasp],[!PRERACE:1,%]
ALIGN:TN
RACE:Large Monstrous Sea Wasp	!PRERACE:1,%
NAME:Large Monstrous Sea Wasp
STAT:STR=10|DEX=10|CON=10|WIS=10|CHA=10
SKILL:Escape Artist	RANK:4
SKILL:Perception	RANK:1
SKILL:Stealth	RANK:3
SKILL:Swim	RANK:4

STARTPACK:Large Negative Energy Elemental Default	TYPE:Default Monster.Outsider	VISIBLE:QUALIFY	EQUIPBUY:0	PREMULT:1,[PRERACE:1,Large Negative Energy Elemental],[!PRERACE:1,%]
ALIGN:TN
RACE:Large Negative Energy Elemental	!PRERACE:1,%
NAME:Large Negative Energy Elemental
STAT:STR=10|DEX=10|CON=10|INT=10|WIS=10|CHA=10
SKILL:Fly	RANK:8
SKILL:Intimidate	RANK:8
SKILL:Knowledge (Planes)	RANK:8
SKILL:Perception	RANK:8
SKILL:Stealth	RANK:4
ABILITY:CATEGORY=FEAT|Dodge
ABILITY:CATEGORY=FEAT|Flyby Attack
ABILITY:CATEGORY=FEAT|Improved Initiative
ABILITY:CATEGORY=FEAT|Mobility
ABILITY:CATEGORY=FEAT|Weapon Finesse
ABILITY:CATEGORY=FEAT|Weapon Focus (slam)

STARTPACK:Large Obsidian Quasi-elemental Default	TYPE:Default Monster.Outsider	VISIBLE:QUALIFY	EQUIPBUY:0	PREMULT:1,[PRERACE:1,Large Obsidian Quasi-elemental],[!PRERACE:1,%]
ALIGN:TN
RACE:Large Obsidian Quasi-elemental	!PRERACE:1,%
NAME:Large Obsidian Quasi-elemental
STAT:STR=10|DEX=10|CON=10|INT=10|WIS=10|CHA=10
SKILL:Knowledge (Planes)	RANK:6
SKILL:Perception	RANK:6
SKILL:Sense Motive	RANK:6
SKILL:Stealth	RANK:2
ABILITY:CATEGORY=FEAT|Cleave
ABILITY:CATEGORY=FEAT|Great Cleave
ABILITY:CATEGORY=FEAT|Improved Natural Attack
ABILITY:CATEGORY=FEAT|Power Attack

STARTPACK:Large Positive Energy Elemental Default	TYPE:Default Monster.Outsider	VISIBLE:QUALIFY	EQUIPBUY:0	PREMULT:1,[PRERACE:1,Large Positive Energy Elemental],[!PRERACE:1,%]
ALIGN:TN
RACE:Large Positive Energy Elemental	!PRERACE:1,%
NAME:Large Positive Energy Elemental
STAT:STR=10|DEX=10|CON=10|INT=10|WIS=10|CHA=10
SKILL:Fly	RANK:8
SKILL:Intimidate	RANK:8
SKILL:Knowledge (Planes)	RANK:8
SKILL:Perception	RANK:8
SKILL:Stealth	RANK:4
ABILITY:CATEGORY=FEAT|Dodge
ABILITY:CATEGORY=FEAT|Flyby Attack
ABILITY:CATEGORY=FEAT|Improved Initiative
ABILITY:CATEGORY=FEAT|Mobility
ABILITY:CATEGORY=FEAT|Weapon Finesse
ABILITY:CATEGORY=FEAT|Weapon Focus (slam)

STARTPACK:Large Stingray Default	TYPE:Default Monster.Animal	VISIBLE:QUALIFY	EQUIPBUY:0	PREMULT:1,[PRERACE:1,Large Stingray],[!PRERACE:1,%]
ALIGN:TN
RACE:Large Stingray	!PRERACE:1,%
NAME:Large Stingray
STAT:STR=10|DEX=10|CON=10|INT=10|WIS=10|CHA=10
SKILL:Perception	RANK:7
SKILL:Stealth	RANK:1
SKILL:Swim	RANK:5
ABILITY:CATEGORY=FEAT|Ability Focus (poison)
ABILITY:CATEGORY=FEAT|Multiattack
ABILITY:CATEGORY=FEAT|Skill Focus (Perception)
ABILITY:CATEGORY=FEAT|Toughness

STARTPACK:Larva Helix Moth Default	TYPE:Default Monster.Vermin	VISIBLE:QUALIFY	EQUIPBUY:0	PREMULT:1,[PRERACE:1,Larva Helix Moth],[!PRERACE:1,%]
ALIGN:TN
RACE:Larva Helix Moth	!PRERACE:1,%
NAME:Larva Helix Moth
STAT:STR=10|DEX=10|CON=10|WIS=10|CHA=10

STARTPACK:Larval Slime Crawler Default	TYPE:Default Monster.Aberration	VISIBLE:QUALIFY	EQUIPBUY:0	PREMULT:1,[PRERACE:1,Larval Slime Crawler],[!PRERACE:1,%]
ALIGN:TN
RACE:Larval Slime Crawler	!PRERACE:1,%
NAME:Larval Slime Crawler
STAT:STR=10|DEX=10|CON=10|INT=10|WIS=10|CHA=10
SKILL:Climb	RANK:1
SKILL:Escape Artist	RANK:1
SKILL:Perception	RANK:1
ABILITY:CATEGORY=FEAT|Skill Focus (Perception)

STARTPACK:Lava Weird Default	TYPE:Default Monster.Outsider	VISIBLE:QUALIFY	EQUIPBUY:0	PREMULT:1,[PRERACE:1,Lava Weird],[!PRERACE:1,%]
ALIGN:CE
RACE:Lava Weird	!PRERACE:1,%
NAME:Lava Weird
STAT:STR=10|DEX=10|CON=10|INT=10|WIS=10|CHA=10
SKILL:Bluff	RANK:10
SKILL:Intimidate	RANK:10
SKILL:Knowledge (Planes)	RANK:10
SKILL:Perception	RANK:10
SKILL:Sense Motive	RANK:10
SKILL:Stealth	RANK:6
ABILITY:CATEGORY=FEAT|Alertness
ABILITY:CATEGORY=FEAT|Improved Initiative
ABILITY:CATEGORY=FEAT|Power Attack
ABILITY:CATEGORY=FEAT|Toughness
ABILITY:CATEGORY=FEAT|Weapon Focus (bite)

STARTPACK:Lead Skeleton Default	TYPE:Default Monster.Construct	VISIBLE:QUALIFY	EQUIPBUY:0	PREMULT:1,[PRERACE:1,Lead Skeleton],[!PRERACE:1,%]
ALIGN:TN
RACE:Lead Skeleton	!PRERACE:1,%
NAME:Lead Skeleton
STAT:STR=10|DEX=10|WIS=10|CHA=10

STARTPACK:Lesser Boneneedle Default	TYPE:Default Monster.Vermin	VISIBLE:QUALIFY	EQUIPBUY:0	PREMULT:1,[PRERACE:1,Lesser Boneneedle],[!PRERACE:1,%]
ALIGN:TN
RACE:Lesser Boneneedle	!PRERACE:1,%
NAME:Lesser Boneneedle
STAT:STR=10|DEX=10|CON=10|WIS=10|CHA=10
SKILL:Climb	RANK:3
SKILL:Perception	RANK:1
SKILL:Stealth	RANK:3
ABILITY:CATEGORY=FEAT|Weapon Finesse

STARTPACK:Lesser Fire Crab Default	TYPE:Default Monster.Vermin	VISIBLE:QUALIFY	EQUIPBUY:0	PREMULT:1,[PRERACE:1,Lesser Fire Crab],[!PRERACE:1,%]
ALIGN:TN
RACE:Lesser Fire Crab	!PRERACE:1,%
NAME:Lesser Fire Crab
STAT:STR=10|DEX=10|CON=10|WIS=10|CHA=10
SKILL:Perception	RANK:1
SKILL:Stealth	RANK:1
SKILL:Swim	RANK:1
ABILITY:CATEGORY=FEAT|Weapon Finesse

STARTPACK:Lesser Gelid Beetle Default	TYPE:Default Monster.Magical Beast	VISIBLE:QUALIFY	EQUIPBUY:0	PREMULT:1,[PRERACE:1,Lesser Gelid Beetle],[!PRERACE:1,%]
ALIGN:TN
RACE:Lesser Gelid Beetle	!PRERACE:1,%
NAME:Lesser Gelid Beetle
STAT:STR=10|DEX=10|CON=10|INT=10|WIS=10|CHA=10
SKILL:Perception	RANK:4
SKILL:Stealth	RANK:2
ABILITY:CATEGORY=FEAT|Power Attack
ABILITY:CATEGORY=FEAT|Skill Focus (Perception)

STARTPACK:Lesser Ooze Demon Default	TYPE:Default Monster.Outsider	VISIBLE:QUALIFY	EQUIPBUY:0	PREMULT:1,[PRERACE:1,Lesser Ooze Demon],[!PRERACE:1,%]
ALIGN:CE
RACE:Lesser Ooze Demon	!PRERACE:1,%
NAME:Lesser Ooze Demon
STAT:STR=10|DEX=10|CON=10|INT=10|WIS=10|CHA=10
SKILL:Climb	RANK:3
SKILL:Escape Artist	RANK:3
SKILL:Intimidate	RANK:3
SKILL:Perception	RANK:3
SKILL:Stealth	RANK:3
SKILL:Survival	RANK:3
ABILITY:CATEGORY=FEAT|Blind-Fight
ABILITY:CATEGORY=FEAT|Power Attack

STARTPACK:Lesser Shadow Default	TYPE:Default Monster.Undead	VISIBLE:QUALIFY	EQUIPBUY:0	PREMULT:1,[PRERACE:1,Lesser Shadow],[!PRERACE:1,%]
ALIGN:CE
RACE:Lesser Shadow	!PRERACE:1,%
NAME:Lesser Shadow
STAT:DEX=10|INT=10|WIS=10|CHA=10
SKILL:Fly	RANK:1
SKILL:Perception	RANK:1
SKILL:Stealth	RANK:1
ABILITY:CATEGORY=FEAT|Dodge

STARTPACK:Lich Shade Default	TYPE:Default Monster.Undead	VISIBLE:QUALIFY	EQUIPBUY:0	PREMULT:1,[PRERACE:1,Lich Shade],[!PRERACE:1,%]
ALIGN:NE
RACE:Lich Shade	!PRERACE:1,%
NAME:Lich Shade
STAT:STR=10|DEX=10|INT=10|WIS=10|CHA=10
SKILL:Intimidate	RANK:11
SKILL:Knowledge (Arcana)	RANK:11
SKILL:Knowledge (Religion)	RANK:11
SKILL:Perception	RANK:11
SKILL:Sense Motive	RANK:11
SKILL:Spellcraft	RANK:11
SKILL:Stealth	RANK:11
SKILL:Use Magic Device	RANK:8
ABILITY:CATEGORY=FEAT|Combat Reflexes
ABILITY:CATEGORY=FEAT|Dodge
ABILITY:CATEGORY=FEAT|Great Fortitude
ABILITY:CATEGORY=FEAT|Improved Initiative
ABILITY:CATEGORY=FEAT|Iron Will
ABILITY:CATEGORY=FEAT|Lightning Reflexes

STARTPACK:Lightning Mephit Default	TYPE:Default Monster.Outsider	VISIBLE:QUALIFY	EQUIPBUY:0	PREMULT:1,[PRERACE:1,Lightning Mephit],[!PRERACE:1,%]
ALIGN:TN
RACE:Lightning Mephit	!PRERACE:1,%
NAME:Lightning Mephit
STAT:STR=10|DEX=10|CON=10|INT=10|WIS=10|CHA=10
SKILL:Bluff	RANK:1
SKILL:Diplomacy	RANK:1
SKILL:Disguise	RANK:1
SKILL:Escape Artist	RANK:1
SKILL:Fly	RANK:3
SKILL:Intimidate	RANK:1
SKILL:Perception	RANK:1
SKILL:Stealth	RANK:3
ABILITY:CATEGORY=FEAT|Dodge
ABILITY:CATEGORY=FEAT|Improved Initiative

STARTPACK:Lightning Treant Default	TYPE:Default Monster.Plant	VISIBLE:QUALIFY	EQUIPBUY:0	PREMULT:1,[PRERACE:1,Lightning Treant],[!PRERACE:1,%]
ALIGN:NE
RACE:Lightning Treant	!PRERACE:1,%
NAME:Lightning Treant
STAT:STR=10|DEX=10|CON=10|INT=10|WIS=10|CHA=10
SKILL:Knowledge (Nature)	RANK:1
SKILL:Stealth	RANK:1
SKILL:Survival	RANK:1
ABILITY:CATEGORY=FEAT|Cleave
ABILITY:CATEGORY=FEAT|Greater Sunder
ABILITY:CATEGORY=FEAT|Improved Initiative
ABILITY:CATEGORY=FEAT|Improved Sunder
ABILITY:CATEGORY=FEAT|Power Attack
ABILITY:CATEGORY=FEAT|Skill Focus (Survival)

STARTPACK:Lightning Weird Default	TYPE:Default Monster.Outsider	VISIBLE:QUALIFY	EQUIPBUY:0	PREMULT:1,[PRERACE:1,Lightning Weird],[!PRERACE:1,%]
ALIGN:CE
RACE:Lightning Weird	!PRERACE:1,%
NAME:Lightning Weird
STAT:STR=10|DEX=10|CON=10|INT=10|WIS=10|CHA=10
SKILL:Bluff	RANK:10
SKILL:Intimidate	RANK:10
SKILL:Knowledge (Planes)	RANK:10
SKILL:Perception	RANK:10
SKILL:Sense Motive	RANK:10
SKILL:Stealth	RANK:6
ABILITY:CATEGORY=FEAT|Alertness
ABILITY:CATEGORY=FEAT|Dodge
ABILITY:CATEGORY=FEAT|Improved Initiative
ABILITY:CATEGORY=FEAT|Weapon Finesse
ABILITY:CATEGORY=FEAT|Weapon Focus (bite)

STARTPACK:Lilin Devil Default	TYPE:Default Monster.Outsider	VISIBLE:QUALIFY	EQUIPBUY:0	PREMULT:1,[PRERACE:1,Lilin Devil],[!PRERACE:1,%]
ALIGN:LE
RACE:Lilin Devil	!PRERACE:1,%
NAME:Lilin Devil
STAT:STR=10|DEX=10|CON=10|INT=10|WIS=10|CHA=10
SKILL:Bluff	RANK:7
SKILL:Diplomacy	RANK:7
SKILL:Fly	RANK:1
SKILL:Heal	RANK:7
SKILL:Intimidate	RANK:7
SKILL:Knowledge (Planes)	RANK:7
SKILL:Perception	RANK:7
SKILL:Sense Motive	RANK:7
SKILL:Survival	RANK:7
ABILITY:CATEGORY=FEAT|Alertness
ABILITY:CATEGORY=FEAT|Iron Will
ABILITY:CATEGORY=FEAT|Lightning Reflexes
ABILITY:CATEGORY=FEAT|Persuasive

STARTPACK:Lilith Default	TYPE:Default Monster.Outsider	VISIBLE:QUALIFY	EQUIPBUY:0	PREMULT:1,[PRERACE:1,Lilith],[!PRERACE:1,%]
ALIGN:LE
RACE:Lilith	!PRERACE:1,%
NAME:Lilith
STAT:STR=10|DEX=10|CON=10|INT=10|WIS=10|CHA=10
SKILL:Acrobatics	RANK:17
SKILL:Bluff	RANK:17
SKILL:Diplomacy	RANK:17
SKILL:Disguise	RANK:17
SKILL:Fly	RANK:17
SKILL:Intimidate	RANK:17
SKILL:Knowledge (Planes)	RANK:17
SKILL:Knowledge (Religion)	RANK:17
SKILL:Perception	RANK:17
SKILL:Sense Motive	RANK:17
ABILITY:CATEGORY=FEAT|Alertness
ABILITY:CATEGORY=FEAT|Combat Casting
ABILITY:CATEGORY=FEAT|Deceitful
ABILITY:CATEGORY=FEAT|Improved Initiative
ABILITY:CATEGORY=FEAT|Iron Will
ABILITY:CATEGORY=FEAT|Persuasive
ABILITY:CATEGORY=FEAT|Quicken Spell-Like Ability (fireball)
ABILITY:CATEGORY=FEAT|Power Attack
ABILITY:CATEGORY=FEAT|Weapon Focus (longsword)

STARTPACK:Livestone Default	TYPE:Default Monster.Ooze	VISIBLE:QUALIFY	EQUIPBUY:0	PREMULT:1,[PRERACE:1,Livestone],[!PRERACE:1,%]
ALIGN:TN
RACE:Livestone	!PRERACE:1,%
NAME:Livestone
STAT:STR=10|DEX=10|CON=10|WIS=10|CHA=10
SKILL:Stealth	RANK:1

STARTPACK:Living Lake Default	TYPE:Default Monster.Ooze	VISIBLE:QUALIFY	EQUIPBUY:0	PREMULT:1,[PRERACE:1,Living Lake],[!PRERACE:1,%]
ALIGN:TN
RACE:Living Lake	!PRERACE:1,%
NAME:Living Lake
STAT:STR=10|DEX=10|CON=10|INT=10|WIS=10|CHA=10
SKILL:Knowledge (Local)	RANK:27
SKILL:Knowledge (Nature)	RANK:27
SKILL:Perception	RANK:30
SKILL:Sense Motive	RANK:1
SKILL:Stealth	RANK:11
SKILL:Survival	RANK:29
ABILITY:CATEGORY=FEAT|Alertness
ABILITY:CATEGORY=FEAT|Cleave
ABILITY:CATEGORY=FEAT|Combat Casting
ABILITY:CATEGORY=FEAT|Empower Spell
ABILITY:CATEGORY=FEAT|Great Fortitude
ABILITY:CATEGORY=FEAT|Improved Initiative
ABILITY:CATEGORY=FEAT|Improved Natural Armor
ABILITY:CATEGORY=FEAT|Improved Natural Attack (slam)
ABILITY:CATEGORY=FEAT|Iron Will
ABILITY:CATEGORY=FEAT|Lightning Reflexes
ABILITY:CATEGORY=FEAT|Power Attack
ABILITY:CATEGORY=FEAT|Quicken Spell
ABILITY:CATEGORY=FEAT|Spell Focus (conjuration)
ABILITY:CATEGORY=FEAT|Toughness
ABILITY:CATEGORY=FEAT|Weapon Focus (slam)

STARTPACK:Lucifer Default	TYPE:Default Monster.Outsider	VISIBLE:QUALIFY	EQUIPBUY:0	PREMULT:1,[PRERACE:1,Lucifer],[!PRERACE:1,%]
ALIGN:LE
RACE:Lucifer	!PRERACE:1,%
NAME:Lucifer
STAT:STR=10|DEX=10|CON=10|INT=10|WIS=10|CHA=10
SKILL:Acrobatics	RANK:48
SKILL:Appraise	RANK:48
SKILL:Bluff	RANK:51
SKILL:Diplomacy	RANK:51
SKILL:Disguise	RANK:51
SKILL:Fly	RANK:51
SKILL:Intimidate	RANK:51
SKILL:Knowledge (Arcana)	RANK:48
SKILL:Knowledge (Planes)	RANK:51
SKILL:Knowledge (Religion)	RANK:51
SKILL:Perception	RANK:51
SKILL:Sense Motive	RANK:51
SKILL:Stealth	RANK:47
SKILL:Survival	RANK:48
SKILL:Use Magical Device	RANK:51
ABILITY:CATEGORY=FEAT|Alertness
ABILITY:CATEGORY=FEAT|Bleeding Critical
ABILITY:CATEGORY=FEAT|Cleave
ABILITY:CATEGORY=FEAT|Combat Casting
ABILITY:CATEGORY=FEAT|Craft Rod
ABILITY:CATEGORY=FEAT|Craft Wondrous Item
ABILITY:CATEGORY=FEAT|Critical Focus
ABILITY:CATEGORY=FEAT|Deceitful
ABILITY:CATEGORY=FEAT|Empower Spell
ABILITY:CATEGORY=FEAT|Extend Spell
ABILITY:CATEGORY=FEAT|Great Fortitude
ABILITY:CATEGORY=FEAT|Improved Initiative
ABILITY:CATEGORY=FEAT|Improved Vital Strike
ABILITY:CATEGORY=FEAT|Iron Will
ABILITY:CATEGORY=FEAT|Lightning Reflexes
ABILITY:CATEGORY=FEAT|Maximize Spell
ABILITY:CATEGORY=FEAT|Multiattack
ABILITY:CATEGORY=FEAT|Persuasive
ABILITY:CATEGORY=FEAT|Power Attack
ABILITY:CATEGORY=FEAT|Quicken Spell
ABILITY:CATEGORY=FEAT|Quicken Spell-Like Ability (fireball)
ABILITY:CATEGORY=FEAT|Scribe Scroll
ABILITY:CATEGORY=FEAT|Sickening Critical
ABILITY:CATEGORY=FEAT|Silent Spell
ABILITY:CATEGORY=FEAT|Vital Strike
ABILITY:CATEGORY=FEAT|Weapon Focus (trident)

STARTPACK:Lynx Default	TYPE:Default Monster.Animal	VISIBLE:QUALIFY	EQUIPBUY:0	PREMULT:1,[PRERACE:1,Lynx],[!PRERACE:1,%]
ALIGN:TN
RACE:Lynx	!PRERACE:1,%
NAME:Lynx
STAT:STR=10|DEX=10|CON=10|INT=10|WIS=10|CHA=10
SKILL:Acrobatics	RANK:2
SKILL:Climb	RANK:2
SKILL:Perception	RANK:2
SKILL:Stealth	RANK:2
ABILITY:CATEGORY=FEAT|Skill Focus (Perception)

STARTPACK:Lythic Default	TYPE:Default Monster.Outsider	VISIBLE:QUALIFY	EQUIPBUY:0	PREMULT:1,[PRERACE:1,Lythic],[!PRERACE:1,%]
ALIGN:TN
RACE:Lythic	!PRERACE:1,%
NAME:Lythic
STAT:STR=10|DEX=10|CON=10|INT=10|WIS=10|CHA=10
SKILL:Bluff	RANK:6
SKILL:Escape Artist	RANK:6
SKILL:Knowledge (Dungeoneering)	RANK:6
SKILL:Perception	RANK:6
SKILL:Sense Motive	RANK:6
SKILL:Stealth	RANK:6
ABILITY:CATEGORY=FEAT|Alertness
ABILITY:CATEGORY=FEAT|Power Attack
ABILITY:CATEGORY=FEAT|Skill Focus (Stealth)

STARTPACK:Magmoid Default	TYPE:Default Monster.Outsider	VISIBLE:QUALIFY	EQUIPBUY:0	PREMULT:1,[PRERACE:1,Magmoid],[!PRERACE:1,%]
ALIGN:TN
RACE:Magmoid	!PRERACE:1,%
NAME:Magmoid
STAT:STR=10|DEX=10|CON=10|INT=10|WIS=10|CHA=10
SKILL:Perception	RANK:10
ABILITY:CATEGORY=FEAT|Dodge
ABILITY:CATEGORY=FEAT|Improved Initiative
ABILITY:CATEGORY=FEAT|Improved Overrun
ABILITY:CATEGORY=FEAT|Iron Will
ABILITY:CATEGORY=FEAT|Power Attack

STARTPACK:Magnesium Golem Default	TYPE:Default Monster.Construct	VISIBLE:QUALIFY	EQUIPBUY:0	PREMULT:1,[PRERACE:1,Magnesium Golem],[!PRERACE:1,%]
ALIGN:TN
RACE:Magnesium Golem	!PRERACE:1,%
NAME:Magnesium Golem
STAT:STR=10|DEX=10|WIS=10|CHA=10

STARTPACK:Magnesium Spirit Default	TYPE:Default Monster.Outsider	VISIBLE:QUALIFY	EQUIPBUY:0	PREMULT:1,[PRERACE:1,Magnesium Spirit],[!PRERACE:1,%]
ALIGN:LE
RACE:Magnesium Spirit	!PRERACE:1,%
NAME:Magnesium Spirit
STAT:DEX=10|CON=10|INT=10|WIS=10|CHA=10
SKILL:Bluff	RANK:6
SKILL:Intimidate	RANK:3
SKILL:Knowledge (Planes)	RANK:6
SKILL:Perception	RANK:6
SKILL:Sense Motive	RANK:6
SKILL:Stealth	RANK:6
SKILL:Survival	RANK:3
ABILITY:CATEGORY=FEAT|Ability Focus (soul portal)
ABILITY:CATEGORY=FEAT|Blind-Fight
ABILITY:CATEGORY=FEAT|Improved Initiative

STARTPACK:Mallor Demon Default	TYPE:Default Monster.Outsider	VISIBLE:QUALIFY	EQUIPBUY:0	PREMULT:1,[PRERACE:1,Mallor Demon],[!PRERACE:1,%]
ALIGN:CE
RACE:Mallor Demon	!PRERACE:1,%
NAME:Mallor Demon
STAT:STR=10|DEX=10|CON=10|INT=10|WIS=10|CHA=10
SKILL:Bluff	RANK:14
SKILL:Climb	RANK:14
SKILL:Diplomacy	RANK:14
SKILL:Disguise	RANK:1
SKILL:Intimidate	RANK:14
SKILL:Knowledge (Planes)	RANK:14
SKILL:Perception	RANK:14
SKILL:Sense Motive	RANK:14
SKILL:Stealth	RANK:10
SKILL:Survival	RANK:14
ABILITY:CATEGORY=FEAT|Blind-Fight
ABILITY:CATEGORY=FEAT|Deceitful
ABILITY:CATEGORY=FEAT|Cleave
ABILITY:CATEGORY=FEAT|Great Cleave
ABILITY:CATEGORY=FEAT|Great Fortitude
ABILITY:CATEGORY=FEAT|Improved Initiative
ABILITY:CATEGORY=FEAT|Improved Sunder
ABILITY:CATEGORY=FEAT|Power Attack

STARTPACK:Mammoth Default	TYPE:Default Monster.Animal	VISIBLE:QUALIFY	EQUIPBUY:0	PREMULT:1,[PRERACE:1,Mammoth],[!PRERACE:1,%]
ALIGN:TN
RACE:Mammoth	!PRERACE:1,%
NAME:Mammoth
STAT:STR=10|DEX=10|CON=10|INT=10|WIS=10|CHA=10
SKILL:Perception	RANK:13
ABILITY:CATEGORY=FEAT|Improved Bull Rush
ABILITY:CATEGORY=FEAT|Iron Will
ABILITY:CATEGORY=FEAT|Multiattack
ABILITY:CATEGORY=FEAT|Toughness
ABILITY:CATEGORY=FEAT|Weapon Focus (slam)
ABILITY:CATEGORY=FEAT|Weapon Focus (stomp)
ABILITY:CATEGORY=FEAT|Weapon Focus (gore)

STARTPACK:Mandrill Default	TYPE:Default Monster.Animal	VISIBLE:QUALIFY	EQUIPBUY:0	PREMULT:1,[PRERACE:1,Mandrill],[!PRERACE:1,%]
ALIGN:TN
RACE:Mandrill	!PRERACE:1,%
NAME:Mandrill
STAT:STR=10|DEX=10|CON=10|INT=10|WIS=10|CHA=10
SKILL:Acrobatics	RANK:2
SKILL:Climb	RANK:2
SKILL:Perception	RANK:1
SKILL:Stealth	RANK:2
ABILITY:CATEGORY=FEAT|Weapon Finesse

STARTPACK:Mantari Default	TYPE:Default Monster.Magical Beast	VISIBLE:QUALIFY	EQUIPBUY:0	PREMULT:1,[PRERACE:1,Mantari],[!PRERACE:1,%]
ALIGN:NE
RACE:Mantari	!PRERACE:1,%
NAME:Mantari
STAT:STR=10|DEX=10|CON=10|INT=10|WIS=10|CHA=10
SKILL:Fly	RANK:1
SKILL:Perception	RANK:1
SKILL:Stealth	RANK:1
ABILITY:CATEGORY=FEAT|Weapon Finesse

STARTPACK:Mantidrake Default	TYPE:Default Monster.Magical Beast	VISIBLE:QUALIFY	EQUIPBUY:0	PREMULT:1,[PRERACE:1,Mantidrake],[!PRERACE:1,%]
ALIGN:LE
RACE:Mantidrake	!PRERACE:1,%
NAME:Mantidrake
STAT:STR=10|DEX=10|CON=10|INT=10|WIS=10|CHA=10
SKILL:Fly	RANK:1
SKILL:Intimidate	RANK:1
SKILL:Perception	RANK:9
SKILL:Survival	RANK:1
ABILITY:CATEGORY=FEAT|Flyby Attack
ABILITY:CATEGORY=FEAT|Improved Natural Attack (claws)
ABILITY:CATEGORY=FEAT|Power Attack
ABILITY:CATEGORY=FEAT|Skill Focus (Survival)
ABILITY:CATEGORY=FEAT|Weapon Focus (spikes)

STARTPACK:Maphistal Default	TYPE:Default Monster.Outsider	VISIBLE:QUALIFY	EQUIPBUY:0	PREMULT:1,[PRERACE:1,Maphistal],[!PRERACE:1,%]
ALIGN:CE
RACE:Maphistal	!PRERACE:1,%
NAME:Maphistal
STAT:STR=10|DEX=10|CON=10|INT=10|WIS=10|CHA=10
SKILL:Bluff	RANK:20
SKILL:Diplomacy	RANK:20
SKILL:Disguise	RANK:20
SKILL:Fly	RANK:20
SKILL:Intimidate	RANK:20
SKILL:Knowledge (Arcana)	RANK:17
SKILL:Knowledge (Nobility)	RANK:17
SKILL:Knowledge (Planes)	RANK:20
SKILL:Perception	RANK:20
SKILL:Sense Motive	RANK:20
SKILL:Spellcraft	RANK:20
SKILL:Stealth	RANK:16
SKILL:Use Magical Device	RANK:20
ABILITY:CATEGORY=FEAT|Alertness
ABILITY:CATEGORY=FEAT|Cleave
ABILITY:CATEGORY=FEAT|Combat Reflexes
ABILITY:CATEGORY=FEAT|Deceitful
ABILITY:CATEGORY=FEAT|Great Cleave
ABILITY:CATEGORY=FEAT|Great Fortitude
ABILITY:CATEGORY=FEAT|Improved Initiative
ABILITY:CATEGORY=FEAT|Improved Sunder
ABILITY:CATEGORY=FEAT|Iron Will
ABILITY:CATEGORY=FEAT|Power Attack

STARTPACK:Marble Snake Default	TYPE:Default Monster.Magical Beast	VISIBLE:QUALIFY	EQUIPBUY:0	PREMULT:1,[PRERACE:1,Marble Snake],[!PRERACE:1,%]
ALIGN:TN
RACE:Marble Snake	!PRERACE:1,%
NAME:Marble Snake
STAT:STR=10|DEX=10|CON=10|INT=10|WIS=10|CHA=10
SKILL:Acrobatics	RANK:3
SKILL:Climb	RANK:3
SKILL:Perception	RANK:3
SKILL:Stealth	RANK:1
ABILITY:CATEGORY=FEAT|Toughness
ABILITY:CATEGORY=FEAT|Skill Focus (perception)

STARTPACK:Margay Default	TYPE:Default Monster.Animal	VISIBLE:QUALIFY	EQUIPBUY:0	PREMULT:1,[PRERACE:1,Margay],[!PRERACE:1,%]
ALIGN:TN
RACE:Margay	!PRERACE:1,%
NAME:Margay
STAT:STR=10|DEX=10|CON=10|INT=10|WIS=10|CHA=10
SKILL:Acrobatics	RANK:2
SKILL:Climb	RANK:2
SKILL:Perception	RANK:2
SKILL:Stealth	RANK:2
ABILITY:CATEGORY=FEAT|Weapon Finesse

STARTPACK:Margoyle Gargoyle Default	TYPE:Default Monster.Monstrous Humanoid	VISIBLE:QUALIFY	EQUIPBUY:0	PREMULT:1,[PRERACE:1,Margoyle Gargoyle],[!PRERACE:1,%]
ALIGN:CE
RACE:Margoyle Gargoyle	!PRERACE:1,%
NAME:Margoyle Gargoyle
STAT:STR=10|DEX=10|CON=10|INT=10|WIS=10|CHA=10
SKILL:Fly	RANK:6
SKILL:Perception	RANK:6
SKILL:Stealth	RANK:5
SKILL:Survival	RANK:3
ABILITY:CATEGORY=FEAT|Power Attack
ABILITY:CATEGORY=FEAT|Skill Focus (Fly)
ABILITY:CATEGORY=FEAT|Toughness

STARTPACK:Marid Genie Default	TYPE:Default Monster.Outsider	VISIBLE:QUALIFY	EQUIPBUY:0	PREMULT:1,[PRERACE:1,Marid Genie],[!PRERACE:1,%]
ALIGN:CN
RACE:Marid Genie	!PRERACE:1,%
NAME:Marid Genie
STAT:STR=10|DEX=10|CON=10|INT=10|WIS=10|CHA=10
SKILL:Craft (any one)	RANK:12
SKILL:Diplomacy	RANK:12
SKILL:Knowledge (Planes)	RANK:12
SKILL:Perception	RANK:12
SKILL:Sense Motive	RANK:12
SKILL:Spellcraft	RANK:12
SKILL:Stealth	RANK:8
SKILL:Swim	RANK:12
ABILITY:CATEGORY=FEAT|Combat Casting
ABILITY:CATEGORY=FEAT|Combat Reflexes
ABILITY:CATEGORY=FEAT|Dodge
ABILITY:CATEGORY=FEAT|Great Fortitude
ABILITY:CATEGORY=FEAT|Improved Initiative
ABILITY:CATEGORY=FEAT|Power Attack
ABILITY:CATEGORY=FEAT|Wind Stance

STARTPACK:Marsh Jelly Default	TYPE:Default Monster.Aberration	VISIBLE:QUALIFY	EQUIPBUY:0	PREMULT:1,[PRERACE:1,Marsh Jelly],[!PRERACE:1,%]
ALIGN:TN
RACE:Marsh Jelly	!PRERACE:1,%
NAME:Marsh Jelly
STAT:STR=10|DEX=10|CON=10|INT=10|WIS=10|CHA=10
SKILL:Escape Artist	RANK:1
SKILL:Fly	RANK:1
SKILL:Perception	RANK:5
SKILL:Stealth	RANK:3
ABILITY:CATEGORY=FEAT|Improved Initiative
ABILITY:CATEGORY=FEAT|Skill Focus (Perception)
ABILITY:CATEGORY=FEAT|Stealthy

STARTPACK:Mastodon Default	TYPE:Default Monster.Animal	VISIBLE:QUALIFY	EQUIPBUY:0	PREMULT:1,[PRERACE:1,Mastodon],[!PRERACE:1,%]
ALIGN:TN
RACE:Mastodon	!PRERACE:1,%
NAME:Mastodon
STAT:STR=10|DEX=10|CON=10|INT=10|WIS=10|CHA=10
SKILL:Perception	RANK:16
ABILITY:CATEGORY=FEAT|Endurance
ABILITY:CATEGORY=FEAT|Improved Bull Rush
ABILITY:CATEGORY=FEAT|Iron Will
ABILITY:CATEGORY=FEAT|Multiattack
ABILITY:CATEGORY=FEAT|Toughness
ABILITY:CATEGORY=FEAT|Weapon Focus (gore)
ABILITY:CATEGORY=FEAT|Weapon Focus (slam)
ABILITY:CATEGORY=FEAT|Weapon Focus (stomp)

STARTPACK:Mature Helix Moth Default	TYPE:Default Monster.Vermin	VISIBLE:QUALIFY	EQUIPBUY:0	PREMULT:1,[PRERACE:1,Mature Helix Moth],[!PRERACE:1,%]
ALIGN:TN
RACE:Mature Helix Moth	!PRERACE:1,%
NAME:Mature Helix Moth
STAT:STR=10|DEX=10|CON=10|WIS=10|CHA=10
ABILITY:CATEGORY=FEAT|Improved Initiative

STARTPACK:Mature Slime Crawler Default	TYPE:Default Monster.Aberration	VISIBLE:QUALIFY	EQUIPBUY:0	PREMULT:1,[PRERACE:1,Mature Slime Crawler],[!PRERACE:1,%]
ALIGN:TN
RACE:Mature Slime Crawler	!PRERACE:1,%
NAME:Mature Slime Crawler
STAT:STR=10|DEX=10|CON=10|INT=10|WIS=10|CHA=10
SKILL:Climb	RANK:3
SKILL:Perception	RANK:3
ABILITY:CATEGORY=FEAT|Combat Reflexes
ABILITY:CATEGORY=FEAT|Skill Focus (Perception)

STARTPACK:Mawler Default	TYPE:Default Monster.Aberration	VISIBLE:QUALIFY	EQUIPBUY:0	PREMULT:1,[PRERACE:1,Mawler],[!PRERACE:1,%]
ALIGN:NE
RACE:Mawler	!PRERACE:1,%
NAME:Mawler
STAT:STR=10|DEX=10|CON=10|INT=10|WIS=10|CHA=10
SKILL:Disguise	RANK:6
SKILL:Perception	RANK:5
SKILL:Stealth	RANK:6
ABILITY:CATEGORY=FEAT|Iron Will
ABILITY:CATEGORY=FEAT|Skill Focus (Perception)
ABILITY:CATEGORY=FEAT|Weapon Finesse

STARTPACK:Medium Acid Quasi-elemental Default	TYPE:Default Monster.Outsider	VISIBLE:QUALIFY	EQUIPBUY:0	PREMULT:1,[PRERACE:1,Medium Acid Quasi-elemental],[!PRERACE:1,%]
ALIGN:TN
RACE:Medium Acid Quasi-elemental	!PRERACE:1,%
NAME:Medium Acid Quasi-elemental
STAT:STR=10|DEX=10|CON=10|INT=10|WIS=10|CHA=10
SKILL:Knowledge (Planes)	RANK:3
SKILL:Perception	RANK:3
SKILL:Stealth	RANK:3
SKILL:Swim	RANK:3
ABILITY:CATEGORY=FEAT|Improved Initiative
ABILITY:CATEGORY=FEAT|Power Attack

STARTPACK:Medium Barracuda Default	TYPE:Default Monster.Animal	VISIBLE:QUALIFY	EQUIPBUY:0	PREMULT:1,[PRERACE:1,Medium Barracuda],[!PRERACE:1,%]
ALIGN:TN
RACE:Medium Barracuda	!PRERACE:1,%
NAME:Medium Barracuda
STAT:STR=10|DEX=10|CON=10|INT=10|WIS=10|CHA=10
SKILL:Perception	RANK:3
SKILL:Swim	RANK:3
ABILITY:CATEGORY=FEAT|Improved Critical (bite)
ABILITY:CATEGORY=FEAT|Skill Focus (Perception)
ABILITY:CATEGORY=FEAT|Weapon Finesse

STARTPACK:Medium Gravity Elemental Default	TYPE:Default Monster.Outsider	VISIBLE:QUALIFY	EQUIPBUY:0	PREMULT:1,[PRERACE:1,Medium Gravity Elemental],[!PRERACE:1,%]
ALIGN:TN
RACE:Medium Gravity Elemental	!PRERACE:1,%
NAME:Medium Gravity Elemental
STAT:STR=10|DEX=10|CON=10|INT=10|WIS=10|CHA=10
SKILL:Fly	RANK:4
SKILL:Perception	RANK:4
SKILL:Sense Motive	RANK:4
SKILL:Stealth	RANK:4
ABILITY:CATEGORY=FEAT|Flyby Attack
ABILITY:CATEGORY=FEAT|Throw Anything
ABILITY:CATEGORY=FEAT|Weapon Finesse

STARTPACK:Medium Lightning Quasi-elemental Default	TYPE:Default Monster.Outsider	VISIBLE:QUALIFY	EQUIPBUY:0	PREMULT:1,[PRERACE:1,Medium Lightning Quasi-elemental],[!PRERACE:1,%]
ALIGN:TN
RACE:Medium Lightning Quasi-elemental	!PRERACE:1,%
NAME:Medium Lightning Quasi-elemental
STAT:STR=10|DEX=10|CON=10|INT=10|WIS=10|CHA=10
SKILL:Fly	RANK:10
SKILL:Perception	RANK:10
SKILL:Stealth	RANK:10
ABILITY:CATEGORY=FEAT|Ability Focus (globe)
ABILITY:CATEGORY=FEAT|Combat Reflexes
ABILITY:CATEGORY=FEAT|Dodge
ABILITY:CATEGORY=FEAT|Flyby Attack
ABILITY:CATEGORY=FEAT|Weapon Finesse

STARTPACK:Medium Monstrous Sea Wasp Default	TYPE:Default Monster.Vermin	VISIBLE:QUALIFY	EQUIPBUY:0	PREMULT:1,[PRERACE:1,Medium Monstrous Sea Wasp],[!PRERACE:1,%]
ALIGN:TN
RACE:Medium Monstrous Sea Wasp	!PRERACE:1,%
NAME:Medium Monstrous Sea Wasp
STAT:STR=10|DEX=10|CON=10|WIS=10|CHA=10
SKILL:Escape Artist	RANK:1
SKILL:Perception	RANK:1
SKILL:Stealth	RANK:1
SKILL:Swim	RANK:1
ABILITY:CATEGORY=FEAT|Weapon Finesse

STARTPACK:Medium Negative Energy Elemental Default	TYPE:Default Monster.Outsider	VISIBLE:QUALIFY	EQUIPBUY:0	PREMULT:1,[PRERACE:1,Medium Negative Energy Elemental],[!PRERACE:1,%]
ALIGN:TN
RACE:Medium Negative Energy Elemental	!PRERACE:1,%
NAME:Medium Negative Energy Elemental
STAT:STR=10|DEX=10|CON=10|INT=10|WIS=10|CHA=10
SKILL:Fly	RANK:4
SKILL:Knowledge (Planes)	RANK:4
SKILL:Perception	RANK:4
SKILL:Stealth	RANK:4
ABILITY:CATEGORY=FEAT|Dodge
ABILITY:CATEGORY=FEAT|Improved Initiative
ABILITY:CATEGORY=FEAT|Mobility
ABILITY:CATEGORY=FEAT|Weapon Finesse

STARTPACK:Medium Obsidian Quasi-elemental Default	TYPE:Default Monster.Outsider	VISIBLE:QUALIFY	EQUIPBUY:0	PREMULT:1,[PRERACE:1,Medium Obsidian Quasi-elemental],[!PRERACE:1,%]
ALIGN:TN
RACE:Medium Obsidian Quasi-elemental	!PRERACE:1,%
NAME:Medium Obsidian Quasi-elemental
STAT:STR=10|DEX=10|CON=10|INT=10|WIS=10|CHA=10
SKILL:Knowledge (Planes)	RANK:3
SKILL:Perception	RANK:3
SKILL:Stealth	RANK:3
ABILITY:CATEGORY=FEAT|Cleave
ABILITY:CATEGORY=FEAT|Improved Natural Attack
ABILITY:CATEGORY=FEAT|Power Attack

STARTPACK:Medium Positive Energy Elemental Default	TYPE:Default Monster.Outsider	VISIBLE:QUALIFY	EQUIPBUY:0	PREMULT:1,[PRERACE:1,Medium Positive Energy Elemental],[!PRERACE:1,%]
ALIGN:TN
RACE:Medium Positive Energy Elemental	!PRERACE:1,%
NAME:Medium Positive Energy Elemental
STAT:STR=10|DEX=10|CON=10|INT=10|WIS=10|CHA=10
SKILL:Fly	RANK:4
SKILL:Knowledge (Planes)	RANK:4
SKILL:Perception	RANK:4
SKILL:Stealth	RANK:4
ABILITY:CATEGORY=FEAT|Dodge
ABILITY:CATEGORY=FEAT|Improved Initiative
ABILITY:CATEGORY=FEAT|Mobility
ABILITY:CATEGORY=FEAT|Weapon Finesse

STARTPACK:Medium Stingray Default	TYPE:Default Monster.Animal	VISIBLE:QUALIFY	EQUIPBUY:0	PREMULT:1,[PRERACE:1,Medium Stingray],[!PRERACE:1,%]
ALIGN:TN
RACE:Medium Stingray	!PRERACE:1,%
NAME:Medium Stingray
STAT:STR=10|DEX=10|CON=10|INT=10|WIS=10|CHA=10
SKILL:Perception	RANK:4
SKILL:Stealth	RANK:1
SKILL:Swim	RANK:4
ABILITY:CATEGORY=FEAT|Ability Focus (poison)
ABILITY:CATEGORY=FEAT|Skill Focus (Perception)

STARTPACK:Mehrim Demon Default	TYPE:Default Monster.Outsider	VISIBLE:QUALIFY	EQUIPBUY:0	PREMULT:1,[PRERACE:1,Mehrim Demon],[!PRERACE:1,%]
ALIGN:CE
RACE:Mehrim Demon	!PRERACE:1,%
NAME:Mehrim Demon
STAT:STR=10|DEX=10|CON=10|INT=10|WIS=10|CHA=10
SKILL:Acrobatics	RANK:1
SKILL:Bluff	RANK:6
SKILL:Escape Artist	RANK:6
SKILL:Intimidate	RANK:6
SKILL:Knowledge (Local)	RANK:6
SKILL:Knowledge (Planes)	RANK:6
SKILL:Perception	RANK:6
SKILL:Sense Motive	RANK:6
SKILL:Survival	RANK:6
ABILITY:CATEGORY=FEAT|Cleave
ABILITY:CATEGORY=FEAT|Iron Will
ABILITY:CATEGORY=FEAT|Power Attack

STARTPACK:Memory Child Default	TYPE:Default Monster.Outsider	VISIBLE:QUALIFY	EQUIPBUY:0	PREMULT:1,[PRERACE:1,Memory Child],[!PRERACE:1,%]
ALIGN:TN
RACE:Memory Child	!PRERACE:1,%
NAME:Memory Child
STAT:STR=10|DEX=10|CON=10|INT=10|WIS=10|CHA=10
SKILL:Diplomacy	RANK:1
SKILL:Disguise	RANK:2
SKILL:Knowledge (Arcana)	RANK:8
SKILL:Knowledge (History)	RANK:8
SKILL:Knowledge (Planes)	RANK:8
SKILL:Perception	RANK:8
SKILL:Perform (oratory)	RANK:8
SKILL:Sense Motive	RANK:1
SKILL:Stealth	RANK:8
SKILL:Survival	RANK:1
ABILITY:CATEGORY=FEAT|Alertness
ABILITY:CATEGORY=FEAT|Iron Will
ABILITY:CATEGORY=FEAT|Lightning Reflexes
ABILITY:CATEGORY=FEAT|Toughness

STARTPACK:Mercury Ooze Default	TYPE:Default Monster.Ooze	VISIBLE:QUALIFY	EQUIPBUY:0	PREMULT:1,[PRERACE:1,Mercury Ooze],[!PRERACE:1,%]
ALIGN:TN
RACE:Mercury Ooze	!PRERACE:1,%
NAME:Mercury Ooze
STAT:STR=10|DEX=10|CON=10|WIS=10|CHA=10
SKILL:Climb	RANK:5

STARTPACK:Metallic Ooze Default	TYPE:Default Monster.Ooze	VISIBLE:QUALIFY	EQUIPBUY:0	PREMULT:1,[PRERACE:1,Metallic Ooze],[!PRERACE:1,%]
ALIGN:TN
RACE:Metallic Ooze	!PRERACE:1,%
NAME:Metallic Ooze
STAT:STR=10|DEX=10|CON=10|WIS=10|CHA=10
SKILL:Climb	RANK:5

STARTPACK:Mezzalorn Demon Default	TYPE:Default Monster.Outsider	VISIBLE:QUALIFY	EQUIPBUY:0	PREMULT:1,[PRERACE:1,Mezzalorn Demon],[!PRERACE:1,%]
ALIGN:CE
RACE:Mezzalorn Demon	!PRERACE:1,%
NAME:Mezzalorn Demon
STAT:STR=10|DEX=10|CON=10|INT=10|WIS=10|CHA=10
SKILL:Bluff	RANK:11
SKILL:Escape Artist	RANK:12
SKILL:Fly	RANK:3
SKILL:Intimidate	RANK:12
SKILL:Knowledge (Planes)	RANK:12
SKILL:Perception	RANK:12
SKILL:Stealth	RANK:8
SKILL:Survival	RANK:12
ABILITY:CATEGORY=FEAT|Ability Focus (poison)
ABILITY:CATEGORY=FEAT|Blind-Fight
ABILITY:CATEGORY=FEAT|Cleave
ABILITY:CATEGORY=FEAT|Lightning Reflexes
ABILITY:CATEGORY=FEAT|Power Attack
ABILITY:CATEGORY=FEAT|Weapon Finesse

STARTPACK:Midnight Peddler Default	TYPE:Default Monster.Outsider	VISIBLE:QUALIFY	EQUIPBUY:0	PREMULT:1,[PRERACE:1,Midnight Peddler],[!PRERACE:1,%]
ALIGN:TN
RACE:Midnight Peddler	!PRERACE:1,%
NAME:Midnight Peddler
STAT:STR=10|DEX=10|CON=10|INT=10|WIS=10|CHA=10
SKILL:Bluff	RANK:7
SKILL:Craft (wood)	RANK:6
SKILL:Diplomacy	RANK:3
SKILL:Knowledge (History)	RANK:3
SKILL:Knowledge (Local)	RANK:3
SKILL:Knowledge (Planes)	RANK:6
SKILL:Perception	RANK:7
SKILL:Profession (peddler)	RANK:3
SKILL:Sense Motive	RANK:7
SKILL:Survival	RANK:3
ABILITY:CATEGORY=FEAT|Alertness
ABILITY:CATEGORY=FEAT|Dodge
ABILITY:CATEGORY=FEAT|Great Fortitude
ABILITY:CATEGORY=FEAT|Improved Initiative

STARTPACK:Mimi Default	TYPE:Default Monster.Fey	VISIBLE:QUALIFY	EQUIPBUY:0	PREMULT:1,[PRERACE:1,Mimi],[!PRERACE:1,%]
ALIGN:NG
RACE:Mimi	!PRERACE:1,%
NAME:Mimi
STAT:STR=10|DEX=10|CON=10|INT=10|WIS=10|CHA=10
SKILL:Bluff	RANK:1
SKILL:Craft (any one)	RANK:1
SKILL:Escape Artist	RANK:1
SKILL:Perception	RANK:1
SKILL:Perform (limericks)	RANK:1
SKILL:Perform (sing)	RANK:1
SKILL:Sense Motive	RANK:1
SKILL:Stealth	RANK:1
SKILL:Survival	RANK:1
ABILITY:CATEGORY=FEAT|Dodge
ABILITY:CATEGORY=FEAT|Weapon Finesse

STARTPACK:Mire Brute Default	TYPE:Default Monster.Outsider	VISIBLE:QUALIFY	EQUIPBUY:0	PREMULT:1,[PRERACE:1,Mire Brute],[!PRERACE:1,%]
ALIGN:NE
RACE:Mire Brute	!PRERACE:1,%
NAME:Mire Brute
STAT:STR=10|DEX=10|CON=10|INT=10|WIS=10|CHA=10
SKILL:Acrobatics	RANK:12
SKILL:Intimidate	RANK:20
SKILL:Perception	RANK:21
SKILL:Sense Motive	RANK:1
SKILL:Stealth	RANK:13
SKILL:Swim	RANK:18
ABILITY:CATEGORY=FEAT|Alertness
ABILITY:CATEGORY=FEAT|Blinding Critical
ABILITY:CATEGORY=FEAT|Cleave
ABILITY:CATEGORY=FEAT|Great Cleave
ABILITY:CATEGORY=FEAT|Great Fortitude
ABILITY:CATEGORY=FEAT|Improved Critical (slam)
ABILITY:CATEGORY=FEAT|Improved Natural Attack (slam)
ABILITY:CATEGORY=FEAT|Iron Will
ABILITY:CATEGORY=FEAT|Power Attack
ABILITY:CATEGORY=FEAT|Skill Focus (Perception)
ABILITY:CATEGORY=FEAT|Weapon Focus (slam)

STARTPACK:Mobat Bat Default	TYPE:Default Monster.Magical Beast	VISIBLE:QUALIFY	EQUIPBUY:0	PREMULT:1,[PRERACE:1,Mobat Bat],[!PRERACE:1,%]
ALIGN:NE
RACE:Mobat Bat	!PRERACE:1,%
NAME:Mobat Bat
STAT:STR=10|DEX=10|CON=10|INT=10|WIS=10|CHA=10
SKILL:Fly	RANK:3
SKILL:Perception	RANK:4
SKILL:Stealth	RANK:1
ABILITY:CATEGORY=FEAT|Fly-by Attack
ABILITY:CATEGORY=FEAT|Weapon Finesse

STARTPACK:Moloch Default	TYPE:Default Monster.Outsider	VISIBLE:QUALIFY	EQUIPBUY:0	PREMULT:1,[PRERACE:1,Moloch],[!PRERACE:1,%]
ALIGN:LE
RACE:Moloch	!PRERACE:1,%
NAME:Moloch
STAT:STR=10|DEX=10|CON=10|INT=10|WIS=10|CHA=10
SKILL:Appraise	RANK:31
SKILL:Bluff	RANK:34
SKILL:Climb	RANK:34
SKILL:Diplomacy	RANK:34
SKILL:Intimidate	RANK:34
SKILL:Knowledge (Arcana)	RANK:31
SKILL:Knowledge (Planes)	RANK:34
SKILL:Knowledge (Religion)	RANK:31
SKILL:Perception	RANK:34
SKILL:Sense Motive	RANK:34
SKILL:Spellcraft	RANK:34
SKILL:Stealth	RANK:30
SKILL:Survival	RANK:34
ABILITY:CATEGORY=FEAT|Alertness
ABILITY:CATEGORY=FEAT|Cleave
ABILITY:CATEGORY=FEAT|Combat Casting
ABILITY:CATEGORY=FEAT|Extend Spell
ABILITY:CATEGORY=FEAT|Great Cleave
ABILITY:CATEGORY=FEAT|Great Fortitude
ABILITY:CATEGORY=FEAT|Improved Initiative
ABILITY:CATEGORY=FEAT|Improved Vital Strike
ABILITY:CATEGORY=FEAT|Iron Will
ABILITY:CATEGORY=FEAT|Lightning Reflexes
ABILITY:CATEGORY=FEAT|Maximize Spell
ABILITY:CATEGORY=FEAT|Persuasive
ABILITY:CATEGORY=FEAT|Power Attack
ABILITY:CATEGORY=FEAT|Quicken Spell
ABILITY:CATEGORY=FEAT|Quicken Spell-Like Ability (fireball)
ABILITY:CATEGORY=FEAT|Vital Strike
ABILITY:CATEGORY=FEAT|Weapon Focus (whip)

STARTPACK:Monstrous Crab Default	TYPE:Default Monster.Vermin	VISIBLE:QUALIFY	EQUIPBUY:0	PREMULT:1,[PRERACE:1,Monstrous Crab],[!PRERACE:1,%]
ALIGN:TN
RACE:Monstrous Crab	!PRERACE:1,%
NAME:Monstrous Crab
STAT:STR=10|DEX=10|CON=10|WIS=10|CHA=10
SKILL:Perception	RANK:1
SKILL:Swim	RANK:3

STARTPACK:Monstrous Crayfish Default	TYPE:Default Monster.Vermin	VISIBLE:QUALIFY	EQUIPBUY:0	PREMULT:1,[PRERACE:1,Monstrous Crayfish],[!PRERACE:1,%]
ALIGN:TN
RACE:Monstrous Crayfish	!PRERACE:1,%
NAME:Monstrous Crayfish
STAT:STR=10|DEX=10|CON=10|WIS=10|CHA=10
SKILL:Perception	RANK:1
SKILL:Stealth	RANK:1
SKILL:Swim	RANK:4
ABILITY:CATEGORY=FEAT|Improved CriticalB (claw)

STARTPACK:Monstrous Jellyfish Default	TYPE:Default Monster.Vermin	VISIBLE:QUALIFY	EQUIPBUY:0	PREMULT:1,[PRERACE:1,Monstrous Jellyfish],[!PRERACE:1,%]
ALIGN:TN
RACE:Monstrous Jellyfish	!PRERACE:1,%
NAME:Monstrous Jellyfish
STAT:STR=10|DEX=10|CON=10|WIS=10|CHA=10
SKILL:Stealth	RANK:1
SKILL:Swim	RANK:3
ABILITY:CATEGORY=FEAT|Weapon Finesse

STARTPACK:Moon Dog Default	TYPE:Default Monster.Outsider	VISIBLE:QUALIFY	EQUIPBUY:0	PREMULT:1,[PRERACE:1,Moon Dog],[!PRERACE:1,%]
ALIGN:NG
RACE:Moon Dog	!PRERACE:1,%
NAME:Moon Dog
STAT:STR=10|DEX=10|CON=10|INT=10|WIS=10|CHA=10
SKILL:Bluff	RANK:9
SKILL:Diplomacy	RANK:6
SKILL:Knowledge (Arcana)	RANK:6
SKILL:Knowledge (Planes)	RANK:9
SKILL:Perception	RANK:9
SKILL:Sense Motive	RANK:9
SKILL:Stealth	RANK:9
SKILL:Survival	RANK:6
ABILITY:CATEGORY=FEAT|Alertness
ABILITY:CATEGORY=FEAT|Combat Casting
ABILITY:CATEGORY=FEAT|Improved Initiative
ABILITY:CATEGORY=FEAT|Iron Will
ABILITY:CATEGORY=FEAT|Weapon Focus (bite)

STARTPACK:Mortuary Cyclone Default	TYPE:Default Monster.Undead	VISIBLE:QUALIFY	EQUIPBUY:0	PREMULT:1,[PRERACE:1,Mortuary Cyclone],[!PRERACE:1,%]
ALIGN:TN
RACE:Mortuary Cyclone	!PRERACE:1,%
NAME:Mortuary Cyclone
STAT:STR=10|DEX=10|INT=10|WIS=10|CHA=10
SKILL:Acrobatics	RANK:28
SKILL:Intimidate	RANK:31
SKILL:Perception	RANK:31
SKILL:Sense Motive	RANK:1
SKILL:Stealth	RANK:23
ABILITY:CATEGORY=FEAT|Ability Focus (energy drain)
ABILITY:CATEGORY=FEAT|Alertness
ABILITY:CATEGORY=FEAT|Blind-Fight
ABILITY:CATEGORY=FEAT|Cleave
ABILITY:CATEGORY=FEAT|Combat Reflexes
ABILITY:CATEGORY=FEAT|Great Cleave
ABILITY:CATEGORY=FEAT|Great Fortitude
ABILITY:CATEGORY=FEAT|Improved Critical (slam)
ABILITY:CATEGORY=FEAT|Improved Initiative
ABILITY:CATEGORY=FEAT|Improved Iron Will
ABILITY:CATEGORY=FEAT|Intimidating Prowess
ABILITY:CATEGORY=FEAT|Iron Will
ABILITY:CATEGORY=FEAT|Lightning Reflexes
ABILITY:CATEGORY=FEAT|Power Attack
ABILITY:CATEGORY=FEAT|Skill Focus (Intimidate)
ABILITY:CATEGORY=FEAT|Weapon Focus (slam)

STARTPACK:Mountain Lion Default	TYPE:Default Monster.Animal	VISIBLE:QUALIFY	EQUIPBUY:0	PREMULT:1,[PRERACE:1,Mountain Lion],[!PRERACE:1,%]
ALIGN:TN
RACE:Mountain Lion	!PRERACE:1,%
NAME:Mountain Lion
STAT:STR=10|DEX=10|CON=10|INT=10|WIS=10|CHA=10
SKILL:Acrobatics	RANK:4
SKILL:Climb	RANK:1
SKILL:Perception	RANK:4
SKILL:Stealth	RANK:1
ABILITY:CATEGORY=FEAT|Skill Focus (Perception)
ABILITY:CATEGORY=FEAT|Spirited Runner
ABILITY:CATEGORY=FEAT|Weapon Finesse

STARTPACK:Mouse Lord Default	TYPE:Default Monster.Outsider	VISIBLE:QUALIFY	EQUIPBUY:0	PREMULT:1,[PRERACE:1,Mouse Lord],[!PRERACE:1,%]
ALIGN:TN
RACE:Mouse Lord	!PRERACE:1,%
NAME:Mouse Lord
STAT:STR=10|DEX=10|CON=10|INT=10|WIS=10|CHA=10
SKILL:Acrobatics	RANK:15
SKILL:Climb	RANK:15
SKILL:Diplomacy	RANK:12
SKILL:Escape Artist	RANK:12
SKILL:Handle Animal	RANK:12
SKILL:Knowledge (Nature)	RANK:12
SKILL:Perception	RANK:15
SKILL:Sense Motive	RANK:15
SKILL:Stealth	RANK:15
SKILL:Survival	RANK:12
SKILL:Swim	RANK:15
ABILITY:CATEGORY=FEAT|Acrobatic
ABILITY:CATEGORY=FEAT|Alertness
ABILITY:CATEGORY=FEAT|Athletic
ABILITY:CATEGORY=FEAT|Blind-Fight
ABILITY:CATEGORY=FEAT|Combat Reflexes
ABILITY:CATEGORY=FEAT|Improved Initiative
ABILITY:CATEGORY=FEAT|Lightning Reflexes
ABILITY:CATEGORY=FEAT|Weapon Finesse

STARTPACK:Muckdweller Default	TYPE:Default Monster.Magical Beast	VISIBLE:QUALIFY	EQUIPBUY:0	PREMULT:1,[PRERACE:1,Muckdweller],[!PRERACE:1,%]
ALIGN:TN
RACE:Muckdweller	!PRERACE:1,%
NAME:Muckdweller
STAT:STR=10|DEX=10|CON=10|INT=10|WIS=10|CHA=10
SKILL:Acrobatics	RANK:1
SKILL:Perception	RANK:1
SKILL:Swim	RANK:1
ABILITY:CATEGORY=FEAT|Weapon Finesse

STARTPACK:Mudbog Default	TYPE:Default Monster.Ooze	VISIBLE:QUALIFY	EQUIPBUY:0	PREMULT:1,[PRERACE:1,Mudbog],[!PRERACE:1,%]
ALIGN:TN
RACE:Mudbog	!PRERACE:1,%
NAME:Mudbog
STAT:STR=10|DEX=10|CON=10|WIS=10|CHA=10
SKILL:Stealth	RANK:1

STARTPACK:Mudman Default	TYPE:Default Monster.Outsider	VISIBLE:QUALIFY	EQUIPBUY:0	PREMULT:1,[PRERACE:1,Mudman],[!PRERACE:1,%]
ALIGN:TN
RACE:Mudman	!PRERACE:1,%
NAME:Mudman
STAT:STR=10|DEX=10|CON=10|WIS=10|CHA=10
SKILL:Stealth	RANK:1
ABILITY:CATEGORY=FEAT|Weapon Focus (mud bomb)

STARTPACK:Mummy Golem Default	TYPE:Default Monster.Construct	VISIBLE:QUALIFY	EQUIPBUY:0	PREMULT:1,[PRERACE:1,Mummy Golem],[!PRERACE:1,%]
ALIGN:TN
RACE:Mummy Golem	!PRERACE:1,%
NAME:Mummy Golem
STAT:STR=10|DEX=10|WIS=10|CHA=10

STARTPACK:Mummy Of The Deep Default	TYPE:Default Monster.Undead	VISIBLE:QUALIFY	EQUIPBUY:0	PREMULT:1,[PRERACE:1,Mummy Of The Deep],[!PRERACE:1,%]
ALIGN:NE
RACE:Mummy Of The Deep	!PRERACE:1,%
NAME:Mummy Of The Deep
STAT:STR=10|DEX=10|INT=10|WIS=10|CHA=10
SKILL:Perception	RANK:5
SKILL:Stealth	RANK:4
SKILL:Swim	RANK:5
ABILITY:CATEGORY=FEAT|Great Fortitude
ABILITY:CATEGORY=FEAT|Skill Focus (Perception)
ABILITY:CATEGORY=FEAT|Toughness

STARTPACK:Murder Crow Default	TYPE:Default Monster.Undead	VISIBLE:QUALIFY	EQUIPBUY:0	PREMULT:1,[PRERACE:1,Murder Crow],[!PRERACE:1,%]
ALIGN:CE
RACE:Murder Crow	!PRERACE:1,%
NAME:Murder Crow
STAT:STR=10|DEX=10|INT=10|WIS=10|CHA=10
SKILL:Perception	RANK:5
SKILL:Stealth	RANK:4
ABILITY:CATEGORY=FEAT|Dodge
ABILITY:CATEGORY=FEAT|Flyby Attack
ABILITY:CATEGORY=FEAT|Improved Initiative
ABILITY:CATEGORY=FEAT|Toughness
ABILITY:CATEGORY=FEAT|Wingover

STARTPACK:Murder-born Default	TYPE:Default Monster.Undead	VISIBLE:QUALIFY	EQUIPBUY:0	PREMULT:1,[PRERACE:1,Murder-born],[!PRERACE:1,%]
ALIGN:CE
RACE:Murder-born	!PRERACE:1,%
NAME:Murder-born
STAT:DEX=10|INT=10|WIS=10|CHA=10
SKILL:Bluff	RANK:3
SKILL:Fly	RANK:6
SKILL:Intimidate	RANK:6
SKILL:Perception	RANK:6
SKILL:Sense Motive	RANK:6
SKILL:Stealth	RANK:6
ABILITY:CATEGORY=FEAT|Blind-Fight
ABILITY:CATEGORY=FEAT|Combat Reflexes
ABILITY:CATEGORY=FEAT|Improved Initiative
ABILITY:CATEGORY=FEAT|Toughness

STARTPACK:Mustard Jelly Default	TYPE:Default Monster.Ooze	VISIBLE:QUALIFY	EQUIPBUY:0	PREMULT:1,[PRERACE:1,Mustard Jelly],[!PRERACE:1,%]
ALIGN:TN
RACE:Mustard Jelly	!PRERACE:1,%
NAME:Mustard Jelly
STAT:STR=10|DEX=10|CON=10|INT=10|WIS=10|CHA=10
SKILL:Perception	RANK:10
SKILL:Stealth	RANK:6
ABILITY:CATEGORY=FEAT|Cleave
ABILITY:CATEGORY=FEAT|Power Attack
ABILITY:CATEGORY=FEAT|Skill Focus (Perception)
ABILITY:CATEGORY=FEAT|Vital Strike
ABILITY:CATEGORY=FEAT|Weapon Focus (slam)

STARTPACK:Nabasu Demon Default	TYPE:Default Monster.Outsider	VISIBLE:QUALIFY	EQUIPBUY:0	PREMULT:1,[PRERACE:1,Nabasu Demon],[!PRERACE:1,%]
ALIGN:CE
RACE:Nabasu Demon	!PRERACE:1,%
NAME:Nabasu Demon
STAT:STR=10|DEX=10|CON=10|INT=10|WIS=10|CHA=10
SKILL:Escape Artist	RANK:10
SKILL:Fly	RANK:13
SKILL:Intimidate	RANK:10
SKILL:Knowledge (Arcana)	RANK:10
SKILL:Knowledge (Planes)	RANK:13
SKILL:Perception	RANK:13
SKILL:Stealth	RANK:13
SKILL:Survival	RANK:10
ABILITY:CATEGORY=FEAT|Alertness
ABILITY:CATEGORY=FEAT|Combat Expertise
ABILITY:CATEGORY=FEAT|Dodge
ABILITY:CATEGORY=FEAT|Flyby Attack
ABILITY:CATEGORY=FEAT|Great Cleave
ABILITY:CATEGORY=FEAT|Improved Initiative
ABILITY:CATEGORY=FEAT|Power Attack

STARTPACK:Nabasu Demonling Default	TYPE:Default Monster.Outsider	VISIBLE:QUALIFY	EQUIPBUY:0	PREMULT:1,[PRERACE:1,Nabasu Demonling],[!PRERACE:1,%]
ALIGN:CE
RACE:Nabasu Demonling	!PRERACE:1,%
NAME:Nabasu Demonling
STAT:STR=10|DEX=10|CON=10|INT=10|WIS=10|CHA=10
SKILL:Escape Artist	RANK:7
SKILL:Fly	RANK:7
SKILL:Intimidate	RANK:7
SKILL:Knowledge (Arcana)	RANK:7
SKILL:Knowledge (Planes)	RANK:7
SKILL:Perception	RANK:7
SKILL:Sense Motive	RANK:3
SKILL:Stealth	RANK:6
SKILL:Survival	RANK:7
ABILITY:CATEGORY=FEAT|Alertness
ABILITY:CATEGORY=FEAT|Flyby Attack
ABILITY:CATEGORY=FEAT|Improved Initiative
ABILITY:CATEGORY=FEAT|Power Attack

STARTPACK:Nazalor Default	TYPE:Default Monster.Magical Beast	VISIBLE:QUALIFY	EQUIPBUY:0	PREMULT:1,[PRERACE:1,Nazalor],[!PRERACE:1,%]
ALIGN:CN
RACE:Nazalor	!PRERACE:1,%
NAME:Nazalor
STAT:STR=10|DEX=10|CON=10|INT=10|WIS=10|CHA=10
SKILL:Perception	RANK:2
SKILL:Stealth	RANK:2
SKILL:Survival	RANK:4
ABILITY:CATEGORY=FEAT|Diehard
ABILITY:CATEGORY=FEAT|Endurance
ABILITY:CATEGORY=FEAT|Power Attack
ABILITY:CATEGORY=FEAT|Skill Focus (survival)

STARTPACK:Nerizo Demon Default	TYPE:Default Monster.Outsider	VISIBLE:QUALIFY	EQUIPBUY:0	PREMULT:1,[PRERACE:1,Nerizo Demon],[!PRERACE:1,%]
ALIGN:CE
RACE:Nerizo Demon	!PRERACE:1,%
NAME:Nerizo Demon
STAT:STR=10|DEX=10|CON=10|INT=10|WIS=10|CHA=10
SKILL:Acrobatics	RANK:1
SKILL:Climb	RANK:10
SKILL:Diplomacy	RANK:2
SKILL:Escape Artist	RANK:5
SKILL:Intimidate	RANK:10
SKILL:Perception	RANK:10
SKILL:Sense Motive	RANK:10
SKILL:Stealth	RANK:10
SKILL:Survival	RANK:10
ABILITY:CATEGORY=FEAT|Blind-Fight
ABILITY:CATEGORY=FEAT|Cleave
ABILITY:CATEGORY=FEAT|Power Attack
ABILITY:CATEGORY=FEAT|Skill Focus (Stealth)
ABILITY:CATEGORY=FEAT|Iron Will

STARTPACK:Netherspark Default	TYPE:Default Monster.Outsider	VISIBLE:QUALIFY	EQUIPBUY:0	PREMULT:1,[PRERACE:1,Netherspark],[!PRERACE:1,%]
ALIGN:NE
RACE:Netherspark	!PRERACE:1,%
NAME:Netherspark
STAT:STR=10|DEX=10|CON=10|INT=10|WIS=10|CHA=10
SKILL:Acrobatics	RANK:10
SKILL:Bluff	RANK:10
SKILL:Climb	RANK:7
SKILL:Diplomacy	RANK:10
SKILL:Intimidate	RANK:10
SKILL:Knowledge (Planes)	RANK:10
SKILL:Linguistics	RANK:1
SKILL:Perception	RANK:10
SKILL:Survival	RANK:9
ABILITY:CATEGORY=FEAT|Alertness
ABILITY:CATEGORY=FEAT|Great Fortitude
ABILITY:CATEGORY=FEAT|Improved Initiative
ABILITY:CATEGORY=FEAT|Power Attack
ABILITY:CATEGORY=FEAT|Weapon Focus (ray)

STARTPACK:Night Adder Inphidian Default	TYPE:Default Monster.Monstrous Humanoid	VISIBLE:QUALIFY	EQUIPBUY:0	PREMULT:1,[PRERACE:1,Night Adder Inphidian],[!PRERACE:1,%]
ALIGN:NE
RACE:Night Adder Inphidian	!PRERACE:1,%
NAME:Night Adder Inphidian
STAT:STR=10|DEX=10|CON=10|INT=10|WIS=10|CHA=10
SKILL:Craft (alchemy)	RANK:6
SKILL:Knowledge (Any One)	RANK:3
SKILL:Knowledge (Nature)	RANK:3
SKILL:Perception	RANK:6
SKILL:Stealth	RANK:6
ABILITY:CATEGORY=FEAT|Great Fortitude
ABILITY:CATEGORY=FEAT|Improved Initiative
ABILITY:CATEGORY=FEAT|Weapon Finesse

STARTPACK:Nilbog Default	TYPE:Default Monster.Humanoid	VISIBLE:QUALIFY	EQUIPBUY:0	PREMULT:1,[PRERACE:1,Nilbog],[!PRERACE:1,%]
ALIGN:NE
RACE:Nilbog	!PRERACE:1,%
NAME:Nilbog
STAT:STR=10|DEX=10|CON=10|INT=10|WIS=10|CHA=10
SKILL:Perception	RANK:1
SKILL:Ride	RANK:1
SKILL:Sense Motive	RANK:1
SKILL:Stealth	RANK:1
ABILITY:CATEGORY=FEAT|Alertness

STARTPACK:Niln Default	TYPE:Default Monster.Outsider	VISIBLE:QUALIFY	EQUIPBUY:0	PREMULT:1,[PRERACE:1,Niln],[!PRERACE:1,%]
ALIGN:NE
RACE:Niln	!PRERACE:1,%
NAME:Niln
STAT:STR=10|DEX=10|CON=10|INT=10|WIS=10|CHA=10
SKILL:Fly	RANK:5
SKILL:Knowledge (Planes)	RANK:5
SKILL:Perception	RANK:5
SKILL:Stealth	RANK:5
ABILITY:CATEGORY=FEAT|Improved Initiative
ABILITY:CATEGORY=FEAT|Iron Will
ABILITY:CATEGORY=FEAT|Weapon Finesse

STARTPACK:Noble Time Elemental Default	TYPE:Default Monster.Outsider	VISIBLE:QUALIFY	EQUIPBUY:0	PREMULT:1,[PRERACE:1,Noble Time Elemental],[!PRERACE:1,%]
ALIGN:TN
RACE:Noble Time Elemental	!PRERACE:1,%
NAME:Noble Time Elemental
STAT:STR=10|DEX=10|CON=10|INT=10|WIS=10|CHA=10
SKILL:Diplomacy	RANK:17
SKILL:Fly	RANK:20
SKILL:Knowledge (Arcana)	RANK:20
SKILL:Knowledge (History)	RANK:20
SKILL:Knowledge (Local)	RANK:20
SKILL:Knowledge (Planes)	RANK:20
SKILL:Perception	RANK:20
SKILL:Sense Motive	RANK:20
SKILL:Stealth	RANK:16
SKILL:Survival	RANK:20
ABILITY:CATEGORY=FEAT|Combat Expertise
ABILITY:CATEGORY=FEAT|Dodge
ABILITY:CATEGORY=FEAT|Flyby Attack
ABILITY:CATEGORY=FEAT|Improved Initiative
ABILITY:CATEGORY=FEAT|Improved Natural Attack (slam)
ABILITY:CATEGORY=FEAT|Iron Will
ABILITY:CATEGORY=FEAT|Lightning Reflexes
ABILITY:CATEGORY=FEAT|Power Attack
ABILITY:CATEGORY=FEAT|Skill Focus (Perception)
ABILITY:CATEGORY=FEAT|Weapon Finesse

STARTPACK:Normal Spriggan Default	TYPE:Default Monster.Fey	VISIBLE:QUALIFY	EQUIPBUY:0	PREMULT:1,[PRERACE:1,Normal Spriggan],[!PRERACE:1,%]
ALIGN:CE
RACE:Normal Spriggan	!PRERACE:1,%
NAME:Normal Spriggan
STAT:STR=10|DEX=10|CON=10|INT=10|WIS=10|CHA=10
SKILL:Climb	RANK:5
SKILL:Disable Device	RANK:2
SKILL:Perception	RANK:5
SKILL:Sleight of Hand	RANK:5
SKILL:Stealth	RANK:5
SKILL:Survival	RANK:2
ABILITY:CATEGORY=FEAT|Combat Reflexes
ABILITY:CATEGORY=FEAT|Weapon Finesse
ABILITY:CATEGORY=FEAT|Weapon Focus (halberd)

STARTPACK:Nuckalavee Default	TYPE:Default Monster.Aberration	VISIBLE:QUALIFY	EQUIPBUY:0	PREMULT:1,[PRERACE:1,Nuckalavee],[!PRERACE:1,%]
ALIGN:CE
RACE:Nuckalavee	!PRERACE:1,%
NAME:Nuckalavee
STAT:STR=10|DEX=10|CON=10|INT=10|WIS=10|CHA=10
SKILL:Intimidate	RANK:9
SKILL:Perception	RANK:8
SKILL:Stealth	RANK:8
SKILL:Survival	RANK:8
ABILITY:CATEGORY=FEAT|Improved Initiative
ABILITY:CATEGORY=FEAT|Multiattack
ABILITY:CATEGORY=FEAT|Power Attack
ABILITY:CATEGORY=FEAT|Skill Focus (Perception)
ABILITY:CATEGORY=FEAT|Weapon Focus (bite)
ABILITY:CATEGORY=FEAT|Weapon Focus (hoof)

STARTPACK:Nupperibo Devil Default	TYPE:Default Monster.Outsider	VISIBLE:QUALIFY	EQUIPBUY:0	PREMULT:1,[PRERACE:1,Nupperibo Devil],[!PRERACE:1,%]
ALIGN:LE
RACE:Nupperibo Devil	!PRERACE:1,%
NAME:Nupperibo Devil
STAT:STR=10|DEX=10|CON=10|WIS=10|CHA=10

STARTPACK:Nysrock Demon Default	TYPE:Default Monster.Outsider	VISIBLE:QUALIFY	EQUIPBUY:0	PREMULT:1,[PRERACE:1,Nysrock Demon],[!PRERACE:1,%]
ALIGN:CE
RACE:Nysrock Demon	!PRERACE:1,%
NAME:Nysrock Demon
STAT:STR=10|DEX=10|CON=10|INT=10|WIS=10|CHA=10
SKILL:Bluff	RANK:15
SKILL:Escape Artist	RANK:15
SKILL:Intimidate	RANK:15
SKILL:Knowledge (Planes)	RANK:15
SKILL:Perception	RANK:15
SKILL:Sense Motive	RANK:15
SKILL:Spellcraft	RANK:15
SKILL:Stealth	RANK:11
SKILL:Survival	RANK:15
ABILITY:CATEGORY=FEAT|Ability Focus (poison)
ABILITY:CATEGORY=FEAT|Alertness
ABILITY:CATEGORY=FEAT|Cleave
ABILITY:CATEGORY=FEAT|Combat Casting
ABILITY:CATEGORY=FEAT|Great Fortitude
ABILITY:CATEGORY=FEAT|Power Attack
ABILITY:CATEGORY=FEAT|Weapon Focus (bite)
ABILITY:CATEGORY=FEAT|Weapon Focus (sting)

STARTPACK:Oakman Default	TYPE:Default Monster.Fey	VISIBLE:QUALIFY	EQUIPBUY:0	PREMULT:1,[PRERACE:1,Oakman],[!PRERACE:1,%]
ALIGN:CN
RACE:Oakman	!PRERACE:1,%
NAME:Oakman
STAT:STR=10|DEX=10|CON=10|INT=10|WIS=10|CHA=10
SKILL:Climb	RANK:3
SKILL:Craft (herbalism)	RANK:3
SKILL:Knowledge (Nature)	RANK:3
SKILL:Perception	RANK:3
SKILL:Stealth	RANK:3
SKILL:Survival	RANK:3
ABILITY:CATEGORY=FEAT|Skill Focus (Craft (herbalism))
ABILITY:CATEGORY=FEAT|Weapon Focus (club)

STARTPACK:Obsidian Minotaur Default	TYPE:Default Monster.Construct	VISIBLE:QUALIFY	EQUIPBUY:0	PREMULT:1,[PRERACE:1,Obsidian Minotaur],[!PRERACE:1,%]
ALIGN:TN
RACE:Obsidian Minotaur	!PRERACE:1,%
NAME:Obsidian Minotaur
STAT:STR=10|DEX=10|WIS=10|CHA=10

STARTPACK:Ogren Default	TYPE:Default Monster.Humanoid	VISIBLE:QUALIFY	EQUIPBUY:0	PREMULT:1,[PRERACE:1,Ogren],[!PRERACE:1,%]
ALIGN:NE
RACE:Ogren	!PRERACE:1,%
NAME:Ogren
STAT:STR=10|DEX=10|CON=10|INT=10|WIS=10|CHA=10
SKILL:Perception	RANK:1
SKILL:Stealth	RANK:1
ABILITY:CATEGORY=FEAT|Weapon Focus (longspear)

STARTPACK:Ogrillon Default	TYPE:Default Monster.Humanoid	VISIBLE:QUALIFY	EQUIPBUY:0	PREMULT:1,[PRERACE:1,Ogrillon],[!PRERACE:1,%]
ALIGN:CE
RACE:Ogrillon	!PRERACE:1,%
NAME:Ogrillon
STAT:STR=10|DEX=10|CON=10|INT=10|WIS=10|CHA=10
SKILL:Climb	RANK:1
SKILL:Perception	RANK:1
ABILITY:CATEGORY=FEAT|Weapon Focus (unarmed strike)

STARTPACK:Oil Shark Default	TYPE:Default Monster.Magical Beast	VISIBLE:QUALIFY	EQUIPBUY:0	PREMULT:1,[PRERACE:1,Oil Shark],[!PRERACE:1,%]
ALIGN:TN
RACE:Oil Shark	!PRERACE:1,%
NAME:Oil Shark
STAT:STR=10|DEX=10|CON=10|INT=10|WIS=10|CHA=10
SKILL:Escape Artist	RANK:8
SKILL:Perception	RANK:4
SKILL:Swim	RANK:10
ABILITY:CATEGORY=FEAT|Improved Initiative
ABILITY:CATEGORY=FEAT|Iron Will
ABILITY:CATEGORY=FEAT|Power Attack
ABILITY:CATEGORY=FEAT|Skill Focus (Perception)
ABILITY:CATEGORY=FEAT|Vital Strike

STARTPACK:Oliphant Default	TYPE:Default Monster.Animal	VISIBLE:QUALIFY	EQUIPBUY:0	PREMULT:1,[PRERACE:1,Oliphant],[!PRERACE:1,%]
ALIGN:TN
RACE:Oliphant	!PRERACE:1,%
NAME:Oliphant
STAT:STR=10|DEX=10|CON=10|INT=10|WIS=10|CHA=10
SKILL:Intimidate	RANK:8
SKILL:Perception	RANK:4
ABILITY:CATEGORY=FEAT|Diehard
ABILITY:CATEGORY=FEAT|Endurance
ABILITY:CATEGORY=FEAT|Improved Iron Will
ABILITY:CATEGORY=FEAT|Intimidating Prowess
ABILITY:CATEGORY=FEAT|Iron Will

STARTPACK:Onyx Deer Default	TYPE:Default Monster.Magical Beast	VISIBLE:QUALIFY	EQUIPBUY:0	PREMULT:1,[PRERACE:1,Onyx Deer],[!PRERACE:1,%]
ALIGN:TN
RACE:Onyx Deer	!PRERACE:1,%
NAME:Onyx Deer
STAT:STR=10|DEX=10|CON=10|INT=10|WIS=10|CHA=10
SKILL:Perception	RANK:7
ABILITY:CATEGORY=FEAT|Ability Focus (onyx bite)
ABILITY:CATEGORY=FEAT|Improved Initiative
ABILITY:CATEGORY=FEAT|Improved Natural Attack (hooves)
ABILITY:CATEGORY=FEAT|Skill Focus (Perception)

STARTPACK:Ooze Golem Default	TYPE:Default Monster.Construct	VISIBLE:QUALIFY	EQUIPBUY:0	PREMULT:1,[PRERACE:1,Ooze Golem],[!PRERACE:1,%]
ALIGN:TN
RACE:Ooze Golem	!PRERACE:1,%
NAME:Ooze Golem
STAT:STR=10|DEX=10|WIS=10|CHA=10

STARTPACK:Orcus Default	TYPE:Default Monster.Outsider	VISIBLE:QUALIFY	EQUIPBUY:0	PREMULT:1,[PRERACE:1,Orcus],[!PRERACE:1,%]
ALIGN:CE
RACE:Orcus	!PRERACE:1,%
NAME:Orcus
STAT:STR=10|DEX=10|CON=10|INT=10|WIS=10|CHA=10
SKILL:Bluff	RANK:45
SKILL:Diplomacy	RANK:45
SKILL:Disguise	RANK:1
SKILL:Escape Artist	RANK:42
SKILL:Fly	RANK:41
SKILL:Heal	RANK:42
SKILL:Intimidate	RANK:45
SKILL:Knowledge (Arcana)	RANK:45
SKILL:Knowledge (History)	RANK:42
SKILL:Knowledge (Nobility)	RANK:42
SKILL:Knowledge (Planes)	RANK:45
SKILL:Knowledge (Religion)	RANK:42
SKILL:Perception	RANK:45
SKILL:Sense Motive	RANK:45
SKILL:Spellcraft	RANK:45
SKILL:Survival	RANK:42
ABILITY:CATEGORY=FEAT|Alertness
ABILITY:CATEGORY=FEAT|Awesome Blow
ABILITY:CATEGORY=FEAT|Blind-Fight
ABILITY:CATEGORY=FEAT|Cleave
ABILITY:CATEGORY=FEAT|Combat Casting
ABILITY:CATEGORY=FEAT|Combat Expertise
ABILITY:CATEGORY=FEAT|Command Undead
ABILITY:CATEGORY=FEAT|Craft Wand
ABILITY:CATEGORY=FEAT|Craft Wondrous Item
ABILITY:CATEGORY=FEAT|Critical Focus
ABILITY:CATEGORY=FEAT|Deceitful
ABILITY:CATEGORY=FEAT|Empower Spell
ABILITY:CATEGORY=FEAT|Extend Spell
ABILITY:CATEGORY=FEAT|Great Cleave
ABILITY:CATEGORY=FEAT|Great Fortitude
ABILITY:CATEGORY=FEAT|Heighten Spell
ABILITY:CATEGORY=FEAT|Improved Initiative
ABILITY:CATEGORY=FEAT|Iron Will
ABILITY:CATEGORY=FEAT|Maximize Spell
ABILITY:CATEGORY=FEAT|Power Attack
ABILITY:CATEGORY=FEAT|Quicken Spell
ABILITY:CATEGORY=FEAT|Sickening Critical
ABILITY:CATEGORY=FEAT|Staggering Critical
ABILITY:CATEGORY=FEAT|Stunning Critical

STARTPACK:Orog Default	TYPE:Default Monster.Humanoid	VISIBLE:QUALIFY	EQUIPBUY:0	PREMULT:1,[PRERACE:1,Orog],[!PRERACE:1,%]
ALIGN:LE
RACE:Orog	!PRERACE:1,%
NAME:Orog
STAT:STR=10|DEX=10|CON=10|INT=10|WIS=10|CHA=10
SKILL:Perception	RANK:3
ABILITY:CATEGORY=FEAT|Skill Focus (Perception)
ABILITY:CATEGORY=FEAT|Toughness

STARTPACK:Pedipalp Default	TYPE:Default Monster.Vermin	VISIBLE:QUALIFY	EQUIPBUY:0	PREMULT:1,[PRERACE:1,Pedipalp],[!PRERACE:1,%]
ALIGN:TN
RACE:Pedipalp	!PRERACE:1,%
NAME:Pedipalp
STAT:STR=10|DEX=10|CON=10|WIS=10|CHA=10
SKILL:Perception	RANK:1

STARTPACK:Pelagos Sea Spider Default	TYPE:Default Monster.Magical Beast	VISIBLE:QUALIFY	EQUIPBUY:0	PREMULT:1,[PRERACE:1,Pelagos Sea Spider],[!PRERACE:1,%]
ALIGN:TN
RACE:Pelagos Sea Spider	!PRERACE:1,%
NAME:Pelagos Sea Spider
STAT:STR=10|DEX=10|CON=10|INT=10|WIS=10|CHA=10
SKILL:Diplomacy	RANK:17
SKILL:Escape Artist	RANK:18
SKILL:Knowledge (Nature)	RANK:17
SKILL:Knowledge (Religion)	RANK:17
SKILL:Perception	RANK:20
SKILL:Sense Motive	RANK:20
SKILL:Stealth	RANK:11
SKILL:Swim	RANK:10
ABILITY:CATEGORY=FEAT|Alertness
ABILITY:CATEGORY=FEAT|Fast Swim
ABILITY:CATEGORY=FEAT|Cleave
ABILITY:CATEGORY=FEAT|Combat Reflexes
ABILITY:CATEGORY=FEAT|Great Fortitude
ABILITY:CATEGORY=FEAT|Improved Initiative
ABILITY:CATEGORY=FEAT|Iron Will
ABILITY:CATEGORY=FEAT|Power Attack
ABILITY:CATEGORY=FEAT|Swim-by Attack
ABILITY:CATEGORY=FEAT|Weapon Focus (bite)

STARTPACK:Pestie Default	TYPE:Default Monster.Fey	VISIBLE:QUALIFY	EQUIPBUY:0	PREMULT:1,[PRERACE:1,Pestie],[!PRERACE:1,%]
ALIGN:TN
RACE:Pestie	!PRERACE:1,%
NAME:Pestie
STAT:STR=10|DEX=10|CON=10|INT=10|WIS=10|CHA=10
SKILL:Acrobatics	RANK:1
SKILL:Climb	RANK:2
SKILL:Perception	RANK:1
SKILL:Sleight of Hand	RANK:2
SKILL:Stealth	RANK:2
ABILITY:CATEGORY=FEAT|Weapon Finesse

STARTPACK:Phantasm Default	TYPE:Default Monster.Undead	VISIBLE:QUALIFY	EQUIPBUY:0	PREMULT:1,[PRERACE:1,Phantasm],[!PRERACE:1,%]
ALIGN:CE
RACE:Phantasm	!PRERACE:1,%
NAME:Phantasm
STAT:DEX=10|INT=10|WIS=10|CHA=10
SKILL:Bluff	RANK:9
SKILL:Fly	RANK:12
SKILL:Intimidate	RANK:12
SKILL:Perception	RANK:12
SKILL:Sense Motive	RANK:12
SKILL:Stealth	RANK:12
ABILITY:CATEGORY=FEAT|Ability Focus (possession)
ABILITY:CATEGORY=FEAT|Alertness
ABILITY:CATEGORY=FEAT|Blind-Fight
ABILITY:CATEGORY=FEAT|Great Fortitude
ABILITY:CATEGORY=FEAT|Improved Initiative
ABILITY:CATEGORY=FEAT|Weapon Focus (incorporeal touch)

STARTPACK:Phantom Stalker Default	TYPE:Default Monster.Outsider	VISIBLE:QUALIFY	EQUIPBUY:0	PREMULT:1,[PRERACE:1,Phantom Stalker],[!PRERACE:1,%]
ALIGN:TN
RACE:Phantom Stalker	!PRERACE:1,%
NAME:Phantom Stalker
STAT:STR=10|DEX=10|CON=10|INT=10|WIS=10|CHA=10
SKILL:Fly	RANK:6
SKILL:Perception	RANK:6
SKILL:Survival	RANK:6
ABILITY:CATEGORY=FEAT|Improved Initiative
ABILITY:CATEGORY=FEAT|Power Attack
ABILITY:CATEGORY=FEAT|Skill Focus (Perception)

STARTPACK:Phasma Default	TYPE:Default Monster.Undead	VISIBLE:QUALIFY	EQUIPBUY:0	PREMULT:1,[PRERACE:1,Phasma],[!PRERACE:1,%]
ALIGN:CE
RACE:Phasma	!PRERACE:1,%
NAME:Phasma
STAT:DEX=10|INT=10|WIS=10|CHA=10
SKILL:Bluff	RANK:13
SKILL:Fly	RANK:5
SKILL:Intimidate	RANK:13
SKILL:Knowledge (Any One)	RANK:10
SKILL:Perception	RANK:13
SKILL:Sense Motive	RANK:13
SKILL:Spellcraft	RANK:13
ABILITY:CATEGORY=FEAT|Alertness
ABILITY:CATEGORY=FEAT|Combat Casting
ABILITY:CATEGORY=FEAT|Fly-by Attack
ABILITY:CATEGORY=FEAT|Improved Initiative
ABILITY:CATEGORY=FEAT|Iron Will
ABILITY:CATEGORY=FEAT|Lightning Reflexes
ABILITY:CATEGORY=FEAT|Quicken Spell-Like Ability (protection from good)

STARTPACK:Phlogiston Default	TYPE:Default Monster.Plant	VISIBLE:QUALIFY	EQUIPBUY:0	PREMULT:1,[PRERACE:1,Phlogiston],[!PRERACE:1,%]
ALIGN:TN
RACE:Phlogiston	!PRERACE:1,%
NAME:Phlogiston
STAT:STR=10|DEX=10|CON=10|WIS=10|CHA=10

STARTPACK:Phooka Default	TYPE:Default Monster.Fey	VISIBLE:QUALIFY	EQUIPBUY:0	PREMULT:1,[PRERACE:1,Phooka],[!PRERACE:1,%]
ALIGN:CN
RACE:Phooka	!PRERACE:1,%
NAME:Phooka
STAT:STR=10|DEX=10|CON=10|INT=10|WIS=10|CHA=10
SKILL:Acrobatics	RANK:5
SKILL:Bluff	RANK:5
SKILL:Craft (any)	RANK:5
SKILL:Escape Artist	RANK:5
SKILL:Heal	RANK:1
SKILL:Knowledge (Nature)	RANK:2
SKILL:Perception	RANK:5
SKILL:Sense Motive	RANK:3
SKILL:Stealth	RANK:5
ABILITY:CATEGORY=FEAT|Alertness
ABILITY:CATEGORY=FEAT|Dodge
ABILITY:CATEGORY=FEAT|Weapon Finesse

STARTPACK:Piranha Swarm Default	TYPE:Default Monster.Animal	VISIBLE:QUALIFY	EQUIPBUY:0	PREMULT:1,[PRERACE:1,Piranha Swarm],[!PRERACE:1,%]
ALIGN:TN
RACE:Piranha Swarm	!PRERACE:1,%
NAME:Piranha Swarm
STAT:STR=10|DEX=10|CON=10|INT=10|WIS=10|CHA=10
SKILL:Perception	RANK:3
SKILL:Swim	RANK:3
ABILITY:CATEGORY=FEAT|Endurance
ABILITY:CATEGORY=FEAT|Skill Focus (Perception)

STARTPACK:Pit Hag Default	TYPE:Default Monster.Monstrous Humanoid	VISIBLE:QUALIFY	EQUIPBUY:0	PREMULT:1,[PRERACE:1,Pit Hag],[!PRERACE:1,%]
ALIGN:CE
RACE:Pit Hag	!PRERACE:1,%
NAME:Pit Hag
STAT:STR=10|DEX=10|CON=10|INT=10|WIS=10|CHA=10
SKILL:Bluff	RANK:13
SKILL:Diplomacy	RANK:5
SKILL:Intimidate	RANK:18
SKILL:Knowledge (Arcana)	RANK:13
SKILL:Knowledge (Planes)	RANK:13
SKILL:Perception	RANK:18
SKILL:Spellcraft	RANK:15
SKILL:Stealth	RANK:18
ABILITY:CATEGORY=FEAT|Alertness
ABILITY:CATEGORY=FEAT|Dodge
ABILITY:CATEGORY=FEAT|Combat Casting
ABILITY:CATEGORY=FEAT|Great Fortitude
ABILITY:CATEGORY=FEAT|Improved Initiative
ABILITY:CATEGORY=FEAT|Iron Will
ABILITY:CATEGORY=FEAT|Quicken Spell
ABILITY:CATEGORY=FEAT|Spell Focus (evocation)
ABILITY:CATEGORY=FEAT|Spell Focus (necromancy)

STARTPACK:Poisonous Frog Swarm Default	TYPE:Default Monster.Animal	VISIBLE:QUALIFY	EQUIPBUY:0	PREMULT:1,[PRERACE:1,Poisonous Frog Swarm],[!PRERACE:1,%]
ALIGN:TN
RACE:Poisonous Frog Swarm	!PRERACE:1,%
NAME:Poisonous Frog Swarm
STAT:STR=10|DEX=10|CON=10|INT=10|WIS=10|CHA=10
SKILL:Acrobatics	RANK:1
SKILL:Perception	RANK:4
SKILL:Stealth	RANK:4
ABILITY:CATEGORY=FEAT|Skill Focus (Perception)
ABILITY:CATEGORY=FEAT|Weapon Finesse

STARTPACK:Proscriber Default	TYPE:Default Monster.Outsider	VISIBLE:QUALIFY	EQUIPBUY:0	PREMULT:1,[PRERACE:1,Proscriber],[!PRERACE:1,%]
ALIGN:TN
RACE:Proscriber	!PRERACE:1,%
NAME:Proscriber
STAT:STR=10|DEX=10|CON=10|INT=10|WIS=10|CHA=10
SKILL:Craft (any one)	RANK:13
SKILL:Diplomacy	RANK:15
SKILL:Escape Artist	RANK:7
SKILL:Intimidate	RANK:15
SKILL:Knowledge (Any One)	RANK:13
SKILL:Knowledge (Religion)	RANK:13
SKILL:Knowledge (The Planes)	RANK:13
SKILL:Perception	RANK:13
SKILL:Sense Motive	RANK:13
SKILL:Spellcraft	RANK:15
SKILL:Stealth	RANK:7
SKILL:Survival	RANK:13
ABILITY:CATEGORY=FEAT|Blinding Critical
ABILITY:CATEGORY=FEAT|Cleave
ABILITY:CATEGORY=FEAT|Critical Focus
ABILITY:CATEGORY=FEAT|Great Cleave
ABILITY:CATEGORY=FEAT|Greater Sunder
ABILITY:CATEGORY=FEAT|Improved Initiative
ABILITY:CATEGORY=FEAT|Improved Sunder
ABILITY:CATEGORY=FEAT|Power Attack

STARTPACK:Protector Default	TYPE:Default Monster.Outsider	VISIBLE:QUALIFY	EQUIPBUY:0	PREMULT:1,[PRERACE:1,Protector],[!PRERACE:1,%]
ALIGN:LN
RACE:Protector	!PRERACE:1,%
NAME:Protector
STAT:STR=10|DEX=10|CON=10|INT=10|WIS=10|CHA=10
SKILL:Diplomacy	RANK:7
SKILL:Escape Artist	RANK:4
SKILL:Heal	RANK:7
SKILL:Knowledge (Any One)	RANK:4
SKILL:Knowledge (Local)	RANK:7
SKILL:Knowledge (Religion)	RANK:4
SKILL:Knowledge (The Planes)	RANK:7
SKILL:Perception	RANK:7
SKILL:Sense Motive	RANK:7
SKILL:Spellcraft	RANK:4
SKILL:Survival	RANK:7
ABILITY:CATEGORY=FEAT|Cleave
ABILITY:CATEGORY=FEAT|Expertise
ABILITY:CATEGORY=FEAT|Iron Will
ABILITY:CATEGORY=FEAT|Power Attack

STARTPACK:Pyrolisk Default	TYPE:Default Monster.Magical Beast	VISIBLE:QUALIFY	EQUIPBUY:0	PREMULT:1,[PRERACE:1,Pyrolisk],[!PRERACE:1,%]
ALIGN:NE
RACE:Pyrolisk	!PRERACE:1,%
NAME:Pyrolisk
STAT:STR=10|DEX=10|CON=10|INT=10|WIS=10|CHA=10
SKILL:Fly	RANK:1
SKILL:Perception	RANK:4
SKILL:Stealth	RANK:4
ABILITY:CATEGORY=FEAT|Iron Will
ABILITY:CATEGORY=FEAT|Skill Focus (Perception)
ABILITY:CATEGORY=FEAT|Weapon Finesse

STARTPACK:Quantum Default	TYPE:Default Monster.Aberration	VISIBLE:QUALIFY	EQUIPBUY:0	PREMULT:1,[PRERACE:1,Quantum],[!PRERACE:1,%]
ALIGN:TN
RACE:Quantum	!PRERACE:1,%
NAME:Quantum
STAT:STR=10|DEX=10|CON=10|INT=10|WIS=10|CHA=10
SKILL:Fly	RANK:34
SKILL:Knowledge (Planes)	RANK:34
SKILL:Perception	RANK:34
SKILL:Sense Motive	RANK:34
ABILITY:CATEGORY=FEAT|Alertness
ABILITY:CATEGORY=FEAT|Awesome Blow
ABILITY:CATEGORY=FEAT|Blind-Fight
ABILITY:CATEGORY=FEAT|Cleave
ABILITY:CATEGORY=FEAT|Combat Reflexes
ABILITY:CATEGORY=FEAT|Great Fortitude
ABILITY:CATEGORY=FEAT|Greater Bull Rush
ABILITY:CATEGORY=FEAT|Greater Cleave
ABILITY:CATEGORY=FEAT|Improved Bull Rush
ABILITY:CATEGORY=FEAT|Improved Initiative
ABILITY:CATEGORY=FEAT|Improved Lightning Reflexes
ABILITY:CATEGORY=FEAT|Iron Will
ABILITY:CATEGORY=FEAT|Lightning Reflexes
ABILITY:CATEGORY=FEAT|Power Attack
ABILITY:CATEGORY=FEAT|Stand Still
ABILITY:CATEGORY=FEAT|Toughness
ABILITY:CATEGORY=FEAT|Vital Strike

STARTPACK:Queen Thermite Default	TYPE:Default Monster.Vermin	VISIBLE:QUALIFY	EQUIPBUY:0	PREMULT:1,[PRERACE:1,Queen Thermite],[!PRERACE:1,%]
ALIGN:TN
RACE:Queen Thermite	!PRERACE:1,%
NAME:Queen Thermite
STAT:STR=10|DEX=10|CON=10|WIS=10|CHA=10

STARTPACK:Quipper Default	TYPE:Default Monster.Animal	VISIBLE:QUALIFY	EQUIPBUY:0	PREMULT:1,[PRERACE:1,Quipper],[!PRERACE:1,%]
ALIGN:TN
RACE:Quipper	!PRERACE:1,%
NAME:Quipper
STAT:STR=10|DEX=10|CON=10|INT=10|WIS=10|CHA=10
SKILL:Perception	RANK:1
SKILL:Swim	RANK:1
ABILITY:CATEGORY=FEAT|Skill Focus (Perception)
ABILITY:CATEGORY=FEAT|Weapon Finesse

STARTPACK:Racoon Default	TYPE:Default Monster.Animal	VISIBLE:QUALIFY	EQUIPBUY:0	PREMULT:1,[PRERACE:1,Racoon],[!PRERACE:1,%]
ALIGN:TN
RACE:Racoon	!PRERACE:1,%
NAME:Racoon
STAT:STR=10|DEX=10|CON=10|INT=10|WIS=10|CHA=10
SKILL:Climb	RANK:1
SKILL:Perception	RANK:1
SKILL:Stealth	RANK:1
SKILL:Swim	RANK:1
ABILITY:CATEGORY=FEAT|Weapon Finesse

STARTPACK:Raggoth Default	TYPE:Default Monster.Magical Beast	VISIBLE:QUALIFY	EQUIPBUY:0	PREMULT:1,[PRERACE:1,Raggoth],[!PRERACE:1,%]
ALIGN:NE
RACE:Raggoth	!PRERACE:1,%
NAME:Raggoth
STAT:STR=10|DEX=10|CON=10|INT=10|WIS=10|CHA=10
SKILL:Perception	RANK:9
SKILL:Stealth	RANK:8
SKILL:Survival	RANK:4
ABILITY:CATEGORY=FEAT|Improved Initiative
ABILITY:CATEGORY=FEAT|Iron Will
ABILITY:CATEGORY=FEAT|Power Attack
ABILITY:CATEGORY=FEAT|Skill Focus (Perception
ABILITY:CATEGORY=FEAT|Stealth
ABILITY:CATEGORY=FEAT|Survival)

STARTPACK:Rakklethorn Toad Default	TYPE:Default Monster.Magical Beast	VISIBLE:QUALIFY	EQUIPBUY:0	PREMULT:1,[PRERACE:1,Rakklethorn Toad],[!PRERACE:1,%]
ALIGN:TN
RACE:Rakklethorn Toad	!PRERACE:1,%
NAME:Rakklethorn Toad
STAT:STR=10|DEX=10|CON=10|INT=10|WIS=10|CHA=10
SKILL:Perception	RANK:1
SKILL:Stealth	RANK:2
ABILITY:CATEGORY=FEAT|Weapon Finesse

STARTPACK:Rattler Inphidian Default	TYPE:Default Monster.Monstrous Humanoid	VISIBLE:QUALIFY	EQUIPBUY:0	PREMULT:1,[PRERACE:1,Rattler Inphidian],[!PRERACE:1,%]
ALIGN:NE
RACE:Rattler Inphidian	!PRERACE:1,%
NAME:Rattler Inphidian
STAT:STR=10|DEX=10|CON=10|INT=10|WIS=10|CHA=10
SKILL:Climb	RANK:6
SKILL:Diplomacy	RANK:3
SKILL:Intimidate	RANK:6
SKILL:Perception	RANK:6
SKILL:Stealth	RANK:6
SKILL:Swim	RANK:5
ABILITY:CATEGORY=FEAT|Blind-Fight
ABILITY:CATEGORY=FEAT|Power Attack
ABILITY:CATEGORY=FEAT|Weapon Focus (snake-hand bites)

STARTPACK:Raven Swarm Default	TYPE:Default Monster.Animal	VISIBLE:QUALIFY	EQUIPBUY:0	PREMULT:1,[PRERACE:1,Raven Swarm],[!PRERACE:1,%]
ALIGN:TN
RACE:Raven Swarm	!PRERACE:1,%
NAME:Raven Swarm
STAT:STR=10|DEX=10|CON=10|INT=10|WIS=10|CHA=10
SKILL:Fly	RANK:4
SKILL:Perception	RANK:4
ABILITY:CATEGORY=FEAT|Skill Focus (Perception)
ABILITY:CATEGORY=FEAT|Weapon Finesse

STARTPACK:Rawbones Default	TYPE:Default Monster.Undead	VISIBLE:QUALIFY	EQUIPBUY:0	PREMULT:1,[PRERACE:1,Rawbones],[!PRERACE:1,%]
ALIGN:NE
RACE:Rawbones	!PRERACE:1,%
NAME:Rawbones
STAT:STR=10|DEX=10|INT=10|WIS=10|CHA=10
SKILL:Acrobatics	RANK:8
SKILL:Climb	RANK:11
SKILL:Escape Artist	RANK:9
SKILL:Intimidate	RANK:12
SKILL:Perception	RANK:12
SKILL:Stealth	RANK:12
ABILITY:CATEGORY=FEAT|Combat Reflexes
ABILITY:CATEGORY=FEAT|Great Fortitude
ABILITY:CATEGORY=FEAT|Improved Initiative
ABILITY:CATEGORY=FEAT|Improved Natural Attack (slam)
ABILITY:CATEGORY=FEAT|Lightning Reflexes
ABILITY:CATEGORY=FEAT|Power Attack
ABILITY:CATEGORY=FEAT|Weapon Focus (slam)

STARTPACK:Red Jester Default	TYPE:Default Monster.Undead	VISIBLE:QUALIFY	EQUIPBUY:0	PREMULT:1,[PRERACE:1,Red Jester],[!PRERACE:1,%]
ALIGN:CN
RACE:Red Jester	!PRERACE:1,%
NAME:Red Jester
STAT:STR=10|DEX=10|INT=10|WIS=10|CHA=10
SKILL:Balance	RANK:12
SKILL:Intimidate	RANK:10
SKILL:Perception	RANK:10
SKILL:Perform (act)	RANK:10
SKILL:Perform (comedy)	RANK:14
SKILL:Perform (oratory)	RANK:10
SKILL:Sense Motive	RANK:10
SKILL:Sleight of Hand	RANK:10
SKILL:Stealth	RANK:10
ABILITY:CATEGORY=FEAT|Ability Focus (fear cackle)
ABILITY:CATEGORY=FEAT|Catch Off Guard
ABILITY:CATEGORY=FEAT|Dodge
ABILITY:CATEGORY=FEAT|Improved Initiative
ABILITY:CATEGORY=FEAT|Mobility
ABILITY:CATEGORY=FEAT|Spring Attack
ABILITY:CATEGORY=FEAT|Throw Anything
ABILITY:CATEGORY=FEAT|Weapon Finesse

STARTPACK:Reliquary Guardian Default	TYPE:Default Monster.Construct	VISIBLE:QUALIFY	EQUIPBUY:0	PREMULT:1,[PRERACE:1,Reliquary Guardian],[!PRERACE:1,%]
ALIGN:LE
RACE:Reliquary Guardian	!PRERACE:1,%
NAME:Reliquary Guardian
STAT:STR=10|DEX=10|INT=10|WIS=10|CHA=10
SKILL:Knowledge (Religion)	RANK:13
SKILL:Perception	RANK:16
ABILITY:CATEGORY=FEAT|Cleave
ABILITY:CATEGORY=FEAT|Combat Casting
ABILITY:CATEGORY=FEAT|Critical Focus
ABILITY:CATEGORY=FEAT|Great Fortitude
ABILITY:CATEGORY=FEAT|Iron Will
ABILITY:CATEGORY=FEAT|Power Attack
ABILITY:CATEGORY=FEAT|Skill Focus (Perception)
ABILITY:CATEGORY=FEAT|Vital Strike

STARTPACK:Renzer Default	TYPE:Default Monster.Magical Beast	VISIBLE:QUALIFY	EQUIPBUY:0	PREMULT:1,[PRERACE:1,Renzer],[!PRERACE:1,%]
ALIGN:CE
RACE:Renzer	!PRERACE:1,%
NAME:Renzer
STAT:STR=10|DEX=10|CON=10|INT=10|WIS=10|CHA=10
SKILL:Intimidate	RANK:5
SKILL:Perception	RANK:5
SKILL:Swim	RANK:8
ABILITY:CATEGORY=FEAT|Improved Initiative
ABILITY:CATEGORY=FEAT|Iron Will
ABILITY:CATEGORY=FEAT|Power Attack
ABILITY:CATEGORY=FEAT|Toughness

STARTPACK:Requiem Beetle Default	TYPE:Default Monster.Vermin	VISIBLE:QUALIFY	EQUIPBUY:0	PREMULT:1,[PRERACE:1,Requiem Beetle],[!PRERACE:1,%]
ALIGN:TN
RACE:Requiem Beetle	!PRERACE:1,%
NAME:Requiem Beetle
STAT:STR=10|DEX=10|CON=10|WIS=10|CHA=10
SKILL:Acrobatics	RANK:1
SKILL:Perception	RANK:5
ABILITY:CATEGORY=FEAT|Cleave
ABILITY:CATEGORY=FEAT|Power Attack

STARTPACK:Retch Hound Default	TYPE:Default Monster.Magical Beast	VISIBLE:QUALIFY	EQUIPBUY:0	PREMULT:1,[PRERACE:1,Retch Hound],[!PRERACE:1,%]
ALIGN:NE
RACE:Retch Hound	!PRERACE:1,%
NAME:Retch Hound
STAT:STR=10|DEX=10|CON=10|INT=10|WIS=10|CHA=10
SKILL:Perception	RANK:3
SKILL:Survival	RANK:2
ABILITY:CATEGORY=FEAT|Skill Focus (Perception)
ABILITY:CATEGORY=FEAT|Track

STARTPACK:Riptide Horror Default	TYPE:Default Monster.Magical Beast	VISIBLE:QUALIFY	EQUIPBUY:0	PREMULT:1,[PRERACE:1,Riptide Horror],[!PRERACE:1,%]
ALIGN:LE
RACE:Riptide Horror	!PRERACE:1,%
NAME:Riptide Horror
STAT:STR=10|DEX=10|CON=10|INT=10|WIS=10|CHA=10
SKILL:Perception	RANK:2
SKILL:Stealth	RANK:2
SKILL:Swim	RANK:6
ABILITY:CATEGORY=FEAT|Improved Initiative
ABILITY:CATEGORY=FEAT|Iron Will
ABILITY:CATEGORY=FEAT|Weapon Focus (tentacle)

STARTPACK:Rock Reptile Default	TYPE:Default Monster.Magical Beast	VISIBLE:QUALIFY	EQUIPBUY:0	PREMULT:1,[PRERACE:1,Rock Reptile],[!PRERACE:1,%]
ALIGN:TN
RACE:Rock Reptile	!PRERACE:1,%
NAME:Rock Reptile
STAT:STR=10|DEX=10|CON=10|INT=10|WIS=10|CHA=10
SKILL:Perception	RANK:4
SKILL:Stealth	RANK:5
ABILITY:CATEGORY=FEAT|Improved Initiative
ABILITY:CATEGORY=FEAT|Skill Focus (Perception)
ABILITY:CATEGORY=FEAT|Track

STARTPACK:Ronus Default	TYPE:Default Monster.Magical Beast	VISIBLE:QUALIFY	EQUIPBUY:0	PREMULT:1,[PRERACE:1,Ronus],[!PRERACE:1,%]
ALIGN:TN
RACE:Ronus	!PRERACE:1,%
NAME:Ronus
STAT:STR=10|DEX=10|CON=10|INT=10|WIS=10|CHA=10
SKILL:Acrobatics	RANK:1
SKILL:Perception	RANK:3
SKILL:Stealth	RANK:3
ABILITY:CATEGORY=FEAT|Skill Focus (Perception)
ABILITY:CATEGORY=FEAT|Weapon Focus (bite)

STARTPACK:Rope Golem Default	TYPE:Default Monster.Construct	VISIBLE:QUALIFY	EQUIPBUY:0	PREMULT:1,[PRERACE:1,Rope Golem],[!PRERACE:1,%]
ALIGN:TN
RACE:Rope Golem	!PRERACE:1,%
NAME:Rope Golem
STAT:STR=10|DEX=10|WIS=10|CHA=10

STARTPACK:Royal Time Elemental Default	TYPE:Default Monster.Outsider	VISIBLE:QUALIFY	EQUIPBUY:0	PREMULT:1,[PRERACE:1,Royal Time Elemental],[!PRERACE:1,%]
ALIGN:TN
RACE:Royal Time Elemental	!PRERACE:1,%
NAME:Royal Time Elemental
STAT:STR=10|DEX=10|CON=10|INT=10|WIS=10|CHA=10
SKILL:Bluff	RANK:21
SKILL:Diplomacy	RANK:21
SKILL:Fly	RANK:24
SKILL:Intimidate	RANK:21
SKILL:Knowledge (Arcana)	RANK:24
SKILL:Knowledge (History)	RANK:24
SKILL:Knowledge (Local)	RANK:24
SKILL:Knowledge (Planes)	RANK:24
SKILL:Perception	RANK:24
SKILL:Sense Motive	RANK:24
SKILL:Stealth	RANK:20
SKILL:Survival	RANK:24
ABILITY:CATEGORY=FEAT|Cleave
ABILITY:CATEGORY=FEAT|Combat Expertise
ABILITY:CATEGORY=FEAT|Dodge
ABILITY:CATEGORY=FEAT|Flyby Attack
ABILITY:CATEGORY=FEAT|Great Fortitude
ABILITY:CATEGORY=FEAT|Improved Initiative
ABILITY:CATEGORY=FEAT|Improved Natural Attack (slam)
ABILITY:CATEGORY=FEAT|Iron Will
ABILITY:CATEGORY=FEAT|Lightning Reflexes
ABILITY:CATEGORY=FEAT|Power Attack
ABILITY:CATEGORY=FEAT|Skill Focus (Perception)
ABILITY:CATEGORY=FEAT|Weapon Finesse

STARTPACK:Ryven Default	TYPE:Default Monster.Monstrous Humanoid	VISIBLE:QUALIFY	EQUIPBUY:0	PREMULT:1,[PRERACE:1,Ryven],[!PRERACE:1,%]
ALIGN:TN
RACE:Ryven	!PRERACE:1,%
NAME:Ryven
STAT:STR=10|DEX=10|CON=10|INT=10|WIS=10|CHA=10
SKILL:Escape Artist	RANK:3
SKILL:Perception	RANK:2
SKILL:Survival	RANK:1
ABILITY:CATEGORY=FEAT|Skill Focus (Perception)
ABILITY:CATEGORY=FEAT|Weapon Finesse

STARTPACK:Sabrewing Default	TYPE:Default Monster.Outsider	VISIBLE:QUALIFY	EQUIPBUY:0	PREMULT:1,[PRERACE:1,Sabrewing],[!PRERACE:1,%]
ALIGN:NE
RACE:Sabrewing	!PRERACE:1,%
NAME:Sabrewing
STAT:STR=10|DEX=10|CON=10|INT=10|WIS=10|CHA=10
SKILL:Escape Artist	RANK:6
SKILL:Intimidate	RANK:6
SKILL:Knowledge (Planes)	RANK:6
SKILL:Perception	RANK:6
SKILL:Sense Motive	RANK:6
SKILL:Stealth	RANK:6
SKILL:Survival	RANK:6
ABILITY:CATEGORY=FEAT|Flyby Attack
ABILITY:CATEGORY=FEAT|Improved Initiative
ABILITY:CATEGORY=FEAT|Power Attack

STARTPACK:Salt Drake Default	TYPE:Default Monster.Dragon	VISIBLE:QUALIFY	EQUIPBUY:0	PREMULT:1,[PRERACE:1,Salt Drake],[!PRERACE:1,%]
ALIGN:TN
RACE:Salt Drake	!PRERACE:1,%
NAME:Salt Drake
STAT:STR=10|DEX=10|CON=10|INT=10|WIS=10|CHA=10
SKILL:Fly	RANK:5
SKILL:Perception	RANK:11
SKILL:Stealth	RANK:7
ABILITY:CATEGORY=FEAT|Cleave
ABILITY:CATEGORY=FEAT|Great Cleave
ABILITY:CATEGORY=FEAT|Hover
ABILITY:CATEGORY=FEAT|Multiattack
ABILITY:CATEGORY=FEAT|Power Attack
ABILITY:CATEGORY=FEAT|Skill Focus (Perception)

STARTPACK:Sand Giant Default	TYPE:Default Monster.Humanoid	VISIBLE:QUALIFY	EQUIPBUY:0	PREMULT:1,[PRERACE:1,Sand Giant],[!PRERACE:1,%]
ALIGN:NE
RACE:Sand Giant	!PRERACE:1,%
NAME:Sand Giant
STAT:STR=10|DEX=10|CON=10|INT=10|WIS=10|CHA=10
SKILL:Acrobatics	RANK:15
SKILL:Perception	RANK:19
SKILL:Survival	RANK:19
ABILITY:CATEGORY=FEAT|Alertness
ABILITY:CATEGORY=FEAT|Awesome Blow
ABILITY:CATEGORY=FEAT|Cleave
ABILITY:CATEGORY=FEAT|Great Cleave
ABILITY:CATEGORY=FEAT|Improved Bull Rush
ABILITY:CATEGORY=FEAT|Iron Will
ABILITY:CATEGORY=FEAT|Power Attack
ABILITY:CATEGORY=FEAT|Toughness
ABILITY:CATEGORY=FEAT|Vital Strike
ABILITY:CATEGORY=FEAT|Weapon Focus (greatsword)

STARTPACK:Sand Kraken Default	TYPE:Default Monster.Magical Beast	VISIBLE:QUALIFY	EQUIPBUY:0	PREMULT:1,[PRERACE:1,Sand Kraken],[!PRERACE:1,%]
ALIGN:TN
RACE:Sand Kraken	!PRERACE:1,%
NAME:Sand Kraken
STAT:STR=10|DEX=10|CON=10|INT=10|WIS=10|CHA=10
SKILL:Perception	RANK:8
ABILITY:CATEGORY=FEAT|Improve Initiative
ABILITY:CATEGORY=FEAT|Iron Will
ABILITY:CATEGORY=FEAT|Power Attack
ABILITY:CATEGORY=FEAT|Weapon Focus (tentacle)

STARTPACK:Sand Stalker Default	TYPE:Default Monster.Magical Beast	VISIBLE:QUALIFY	EQUIPBUY:0	PREMULT:1,[PRERACE:1,Sand Stalker],[!PRERACE:1,%]
ALIGN:TN
RACE:Sand Stalker	!PRERACE:1,%
NAME:Sand Stalker
STAT:STR=10|DEX=10|CON=10|INT=10|WIS=10|CHA=10
SKILL:Acrobatics	RANK:2
SKILL:Perception	RANK:5
SKILL:Stealth	RANK:6
ABILITY:CATEGORY=FEAT|Improved Initiative
ABILITY:CATEGORY=FEAT|Skill Focus (Perception)
ABILITY:CATEGORY=FEAT|Skill Focus (Stealth)

STARTPACK:Sandling Default	TYPE:Default Monster.Outsider	VISIBLE:QUALIFY	EQUIPBUY:0	PREMULT:1,[PRERACE:1,Sandling],[!PRERACE:1,%]
ALIGN:TN
RACE:Sandling	!PRERACE:1,%
NAME:Sandling
STAT:STR=10|DEX=10|CON=10|INT=10|WIS=10|CHA=10
SKILL:Perception	RANK:4
ABILITY:CATEGORY=FEAT|Power Attack
ABILITY:CATEGORY=FEAT|Skill Focus (Perception)

STARTPACK:Scarlet Spider Swarm Default	TYPE:Default Monster.Vermin	VISIBLE:QUALIFY	EQUIPBUY:0	PREMULT:1,[PRERACE:1,Scarlet Spider Swarm],[!PRERACE:1,%]
ALIGN:TN
RACE:Scarlet Spider Swarm	!PRERACE:1,%
NAME:Scarlet Spider Swarm
STAT:STR=10|DEX=10|CON=10|WIS=10|CHA=10
SKILL:Climb	RANK:3
SKILL:Perception	RANK:1
SKILL:Stealth	RANK:3

STARTPACK:Screaming Devilkin Default	TYPE:Default Monster.Magical Beast	VISIBLE:QUALIFY	EQUIPBUY:0	PREMULT:1,[PRERACE:1,Screaming Devilkin],[!PRERACE:1,%]
ALIGN:LE
RACE:Screaming Devilkin	!PRERACE:1,%
NAME:Screaming Devilkin
STAT:STR=10|DEX=10|CON=10|INT=10|WIS=10|CHA=10
SKILL:Fly	RANK:1
SKILL:Perception	RANK:1
SKILL:Stealth	RANK:3
ABILITY:CATEGORY=FEAT|Dodge
ABILITY:CATEGORY=FEAT|Weapon Finesse

STARTPACK:Screaming Skull Default	TYPE:Default Monster.Construct	VISIBLE:QUALIFY	EQUIPBUY:0	PREMULT:1,[PRERACE:1,Screaming Skull],[!PRERACE:1,%]
ALIGN:TN
RACE:Screaming Skull	!PRERACE:1,%
NAME:Screaming Skull
STAT:STR=10|WIS=10|CHA=10

STARTPACK:Scythe Horn Default	TYPE:Default Monster.Animal	VISIBLE:QUALIFY	EQUIPBUY:0	PREMULT:1,[PRERACE:1,Scythe Horn],[!PRERACE:1,%]
ALIGN:TN
RACE:Scythe Horn	!PRERACE:1,%
NAME:Scythe Horn
STAT:STR=10|DEX=10|CON=10|INT=10|WIS=10|CHA=10
SKILL:Perception	RANK:7
SKILL:Swim	RANK:3
ABILITY:CATEGORY=FEAT|Iron Will
ABILITY:CATEGORY=FEAT|Power Attack
ABILITY:CATEGORY=FEAT|Skill Focus (Perception)
ABILITY:CATEGORY=FEAT|Weapon Focus (antlers)

STARTPACK:Scythe Tree Default	TYPE:Default Monster.Plant	VISIBLE:QUALIFY	EQUIPBUY:0	PREMULT:1,[PRERACE:1,Scythe Tree],[!PRERACE:1,%]
ALIGN:CE
RACE:Scythe Tree	!PRERACE:1,%
NAME:Scythe Tree
STAT:STR=10|DEX=10|CON=10|INT=10|WIS=10|CHA=10
SKILL:Perception	RANK:9
SKILL:Stealth	RANK:1
ABILITY:CATEGORY=FEAT|Cleave
ABILITY:CATEGORY=FEAT|Improved Critical (branches)
ABILITY:CATEGORY=FEAT|Lightning Reflexes
ABILITY:CATEGORY=FEAT|Lunge
ABILITY:CATEGORY=FEAT|Power Attack
ABILITY:CATEGORY=FEAT|Skill Focus (Perception)

STARTPACK:Sea Giant Default	TYPE:Default Monster.Humanoid	VISIBLE:QUALIFY	EQUIPBUY:0	PREMULT:1,[PRERACE:1,Sea Giant],[!PRERACE:1,%]
ALIGN:CN
RACE:Sea Giant	!PRERACE:1,%
NAME:Sea Giant
STAT:STR=10|DEX=10|CON=10|INT=10|WIS=10|CHA=10
SKILL:Acrobatics	RANK:7
SKILL:Climb	RANK:3
SKILL:Craft (any one)	RANK:5
SKILL:Intimidate	RANK:11
SKILL:Knowledge (Nature)	RANK:4
SKILL:Perception	RANK:14
SKILL:Stealth	RANK:7
SKILL:Swim	RANK:10
ABILITY:CATEGORY=FEAT|Blind-Fight
ABILITY:CATEGORY=FEAT|Cleave
ABILITY:CATEGORY=FEAT|Improved Initiative
ABILITY:CATEGORY=FEAT|Improved Sunder
ABILITY:CATEGORY=FEAT|Iron Will
ABILITY:CATEGORY=FEAT|Lightning Reflexes
ABILITY:CATEGORY=FEAT|Power Attack
ABILITY:CATEGORY=FEAT|Skill Focus (Knowledge [nature])

STARTPACK:Sea Spider Default	TYPE:Default Monster.Magical Beast	VISIBLE:QUALIFY	EQUIPBUY:0	PREMULT:1,[PRERACE:1,Sea Spider],[!PRERACE:1,%]
ALIGN:NE
RACE:Sea Spider	!PRERACE:1,%
NAME:Sea Spider
STAT:STR=10|DEX=10|CON=10|INT=10|WIS=10|CHA=10
SKILL:Perception	RANK:11
SKILL:Stealth	RANK:1
SKILL:Swim	RANK:10
ABILITY:CATEGORY=FEAT|Cleave
ABILITY:CATEGORY=FEAT|Combat Reflexes
ABILITY:CATEGORY=FEAT|Great Fortitude
ABILITY:CATEGORY=FEAT|Improved Initiative
ABILITY:CATEGORY=FEAT|Power Attack
ABILITY:CATEGORY=FEAT|Skill Focus (Perception)
ABILITY:CATEGORY=FEAT|Skill Focus (Stealth)
ABILITY:CATEGORY=FEAT|Weapon Focus (bite)

STARTPACK:Sepia Snake Default	TYPE:Default Monster.Magical Beast	VISIBLE:QUALIFY	EQUIPBUY:0	PREMULT:1,[PRERACE:1,Sepia Snake],[!PRERACE:1,%]
ALIGN:TN
RACE:Sepia Snake	!PRERACE:1,%
NAME:Sepia Snake
STAT:STR=10|DEX=10|CON=10|INT=10|WIS=10|CHA=10
SKILL:Perception	RANK:5
SKILL:Stealth	RANK:6
ABILITY:CATEGORY=FEAT|Flyby Attack
ABILITY:CATEGORY=FEAT|Improved Initiative
ABILITY:CATEGORY=FEAT|Improved Poison
ABILITY:CATEGORY=FEAT|Power Attack
ABILITY:CATEGORY=FEAT|Skill Focus (Stealth)
ABILITY:CATEGORY=FEAT|Weapon Focus (tail sting)

STARTPACK:Sepulchral Guardian Default	TYPE:Default Monster.Construct	VISIBLE:QUALIFY	EQUIPBUY:0	PREMULT:1,[PRERACE:1,Sepulchral Guardian],[!PRERACE:1,%]
ALIGN:TN
RACE:Sepulchral Guardian	!PRERACE:1,%
NAME:Sepulchral Guardian
STAT:STR=10|DEX=10|WIS=10|CHA=10

STARTPACK:Shadow Rat Default	TYPE:Default Monster.Undead	VISIBLE:QUALIFY	EQUIPBUY:0	PREMULT:1,[PRERACE:1,Shadow Rat],[!PRERACE:1,%]
ALIGN:TN
RACE:Shadow Rat	!PRERACE:1,%
NAME:Shadow Rat
STAT:STR=10|DEX=10|INT=10|WIS=10|CHA=10
SKILL:Acrobatics	RANK:1
SKILL:Climb	RANK:1
SKILL:Perception	RANK:1
SKILL:Stealth	RANK:1
ABILITY:CATEGORY=FEAT|Skill Focus (Perception)
ABILITY:CATEGORY=FEAT|Weapon Finesse

STARTPACK:Shadow Rat Swarm Default	TYPE:Default Monster.Undead	VISIBLE:QUALIFY	EQUIPBUY:0	PREMULT:1,[PRERACE:1,Shadow Rat Swarm],[!PRERACE:1,%]
ALIGN:NE
RACE:Shadow Rat Swarm	!PRERACE:1,%
NAME:Shadow Rat Swarm
STAT:STR=10|DEX=10|INT=10|WIS=10|CHA=10
SKILL:Acrobatics	RANK:1
SKILL:Climb	RANK:6
SKILL:Perception	RANK:5
SKILL:Stealth	RANK:6
ABILITY:CATEGORY=FEAT|Improved Initiative
ABILITY:CATEGORY=FEAT|Lightning Reflexes
ABILITY:CATEGORY=FEAT|Skill Focus (Perception)

STARTPACK:Shadow Wolf Default	TYPE:Default Monster.Undead	VISIBLE:QUALIFY	EQUIPBUY:0	PREMULT:1,[PRERACE:1,Shadow Wolf],[!PRERACE:1,%]
ALIGN:CE
RACE:Shadow Wolf	!PRERACE:1,%
NAME:Shadow Wolf
STAT:DEX=10|INT=10|WIS=10|CHA=10
SKILL:Perception	RANK:4
SKILL:Sense Motive	RANK:1
SKILL:Survival	RANK:1
ABILITY:CATEGORY=FEAT|Alertness
ABILITY:CATEGORY=FEAT|Improved Initiative

STARTPACK:Sheep Default	TYPE:Default Monster.Animal	VISIBLE:QUALIFY	EQUIPBUY:0	PREMULT:1,[PRERACE:1,Sheep],[!PRERACE:1,%]
ALIGN:TN
RACE:Sheep	!PRERACE:1,%
NAME:Sheep
STAT:STR=10|DEX=10|CON=10|INT=10|WIS=10|CHA=10
SKILL:Perception	RANK:2
ABILITY:CATEGORY=FEAT|Skill Focus (Perception)

STARTPACK:Sheet Fungus Default	TYPE:Default Monster.Plant	VISIBLE:QUALIFY	EQUIPBUY:0	PREMULT:1,[PRERACE:1,Sheet Fungus],[!PRERACE:1,%]
ALIGN:NE
RACE:Sheet Fungus	!PRERACE:1,%
NAME:Sheet Fungus
STAT:STR=10|DEX=10|CON=10|INT=10|WIS=10|CHA=10
SKILL:Fly	RANK:3
SKILL:Perception	RANK:3
SKILL:Stealth	RANK:2
ABILITY:CATEGORY=FEAT|Hover
ABILITY:CATEGORY=FEAT|Iron Will

STARTPACK:Shipbreaker Sea Serpent Default	TYPE:Default Monster.Dragon	VISIBLE:QUALIFY	EQUIPBUY:0	PREMULT:1,[PRERACE:1,Shipbreaker Sea Serpent],[!PRERACE:1,%]
ALIGN:CN
RACE:Shipbreaker Sea Serpent	!PRERACE:1,%
NAME:Shipbreaker Sea Serpent
STAT:STR=10|DEX=10|CON=10|INT=10|WIS=10|CHA=10
SKILL:Bluff	RANK:18
SKILL:Intimidate	RANK:38
SKILL:Knowledge (Nature)	RANK:20
SKILL:Perception	RANK:38
SKILL:Sense Motive	RANK:3
SKILL:Stealth	RANK:22
SKILL:Survival	RANK:38
SKILL:Swim	RANK:38
ABILITY:CATEGORY=FEAT|Ability Focus (poison)
ABILITY:CATEGORY=FEAT|Alertness
ABILITY:CATEGORY=FEAT|Blind-Fight
ABILITY:CATEGORY=FEAT|Cleave
ABILITY:CATEGORY=FEAT|Dodge
ABILITY:CATEGORY=FEAT|Endurance
ABILITY:CATEGORY=FEAT|Great Cleave
ABILITY:CATEGORY=FEAT|Great Fortitude
ABILITY:CATEGORY=FEAT|Greater Weapon Focus (bite)
ABILITY:CATEGORY=FEAT|Improved Critical (bite)
ABILITY:CATEGORY=FEAT|Improved Initiative
ABILITY:CATEGORY=FEAT|Improved Lightning Reflexes
ABILITY:CATEGORY=FEAT|Improved Natural Armor
ABILITY:CATEGORY=FEAT|Improved Natural Attack (bite)
ABILITY:CATEGORY=FEAT|Iron Will
ABILITY:CATEGORY=FEAT|Lightning Reflexes
ABILITY:CATEGORY=FEAT|Power Attack
ABILITY:CATEGORY=FEAT|Swim-By Attack
ABILITY:CATEGORY=FEAT|Toughness
ABILITY:CATEGORY=FEAT|Weapon Focus (bite)

STARTPACK:Shrroth Demon Default	TYPE:Default Monster.Outsider	VISIBLE:QUALIFY	EQUIPBUY:0	PREMULT:1,[PRERACE:1,Shrroth Demon],[!PRERACE:1,%]
ALIGN:CE
RACE:Shrroth Demon	!PRERACE:1,%
NAME:Shrroth Demon
STAT:STR=10|DEX=10|CON=10|INT=10|WIS=10|CHA=10
SKILL:Bluff	RANK:12
SKILL:Diplomacy	RANK:12
SKILL:Disguise	RANK:1
SKILL:Intimidate	RANK:12
SKILL:Knowledge (Planes)	RANK:12
SKILL:Perception	RANK:12
SKILL:Sense Motive	RANK:12
SKILL:Stealth	RANK:4
SKILL:Swim	RANK:12
ABILITY:CATEGORY=FEAT|Blind-Fight
ABILITY:CATEGORY=FEAT|Cleave
ABILITY:CATEGORY=FEAT|Deceitful
ABILITY:CATEGORY=FEAT|Improved Initiative
ABILITY:CATEGORY=FEAT|Lightning Reflexes
ABILITY:CATEGORY=FEAT|Power Attack

STARTPACK:Silid Default	TYPE:Default Monster.Humanoid	VISIBLE:QUALIFY	EQUIPBUY:0	PREMULT:1,[PRERACE:1,Silid],[!PRERACE:1,%]
ALIGN:CE
RACE:Silid	!PRERACE:1,%
NAME:Silid
STAT:STR=10|DEX=10|CON=10|INT=10|WIS=10|CHA=10
SKILL:Perception	RANK:1
SKILL:Stealth	RANK:1
ABILITY:CATEGORY=FEAT|Weapon Finesse

STARTPACK:Skin Stitcher Default	TYPE:Default Monster.Aberration	VISIBLE:QUALIFY	EQUIPBUY:0	PREMULT:1,[PRERACE:1,Skin Stitcher],[!PRERACE:1,%]
ALIGN:CE
RACE:Skin Stitcher	!PRERACE:1,%
NAME:Skin Stitcher
STAT:STR=10|DEX=10|CON=10|INT=10|WIS=10|CHA=10
SKILL:Climb	RANK:7
SKILL:Intimidate	RANK:7
SKILL:Perception	RANK:7
SKILL:Stealth	RANK:7
ABILITY:CATEGORY=FEAT|Blind-Fight
ABILITY:CATEGORY=FEAT|Combat Reflexes
ABILITY:CATEGORY=FEAT|Power Attack
ABILITY:CATEGORY=FEAT|Weapon Focus (spiked chain)

STARTPACK:Skitterdark Demon Default	TYPE:Default Monster.Outsider	VISIBLE:QUALIFY	EQUIPBUY:0	PREMULT:1,[PRERACE:1,Skitterdark Demon],[!PRERACE:1,%]
ALIGN:CE
RACE:Skitterdark Demon	!PRERACE:1,%
NAME:Skitterdark Demon
STAT:STR=10|DEX=10|CON=10|INT=10|WIS=10|CHA=10
SKILL:Acrobatics	RANK:4
SKILL:Escape Artist	RANK:4
SKILL:Fly	RANK:4
SKILL:Perception	RANK:4
SKILL:Stealth	RANK:4
SKILL:Survival	RANK:4
ABILITY:CATEGORY=FEAT|Dodge
ABILITY:CATEGORY=FEAT|Weapon Finesse

STARTPACK:Skull Spider Default	TYPE:Default Monster.Vermin	VISIBLE:QUALIFY	EQUIPBUY:0	PREMULT:1,[PRERACE:1,Skull Spider],[!PRERACE:1,%]
ALIGN:TN
RACE:Skull Spider	!PRERACE:1,%
NAME:Skull Spider
STAT:STR=10|DEX=10|CON=10|WIS=10|CHA=10
SKILL:Climb	RANK:1

STARTPACK:Skulleton Default	TYPE:Default Monster.Undead	VISIBLE:QUALIFY	EQUIPBUY:0	PREMULT:1,[PRERACE:1,Skulleton],[!PRERACE:1,%]
ALIGN:NE
RACE:Skulleton	!PRERACE:1,%
NAME:Skulleton
STAT:STR=10|DEX=10|INT=10|WIS=10|CHA=10
SKILL:Fly	RANK:4
SKILL:Intimidate	RANK:4
SKILL:Perception	RANK:4
SKILL:Stealth	RANK:4
ABILITY:CATEGORY=FEAT|Dazzling Display
ABILITY:CATEGORY=FEAT|Weapon Finesse
ABILITY:CATEGORY=FEAT|Skill Focus (Intimidate)
ABILITY:CATEGORY=FEAT|Weapon Focus (bite)

STARTPACK:Slaad Lord Of Entropy Default	TYPE:Default Monster.Outsider	VISIBLE:QUALIFY	EQUIPBUY:0	PREMULT:1,[PRERACE:1,Slaad Lord Of Entropy],[!PRERACE:1,%]
ALIGN:CN
RACE:Slaad Lord Of Entropy	!PRERACE:1,%
NAME:Slaad Lord Of Entropy
STAT:STR=10|DEX=10|CON=10|INT=10|WIS=10|CHA=10
SKILL:Climb	RANK:45
SKILL:Diplomacy	RANK:45
SKILL:Escape Artist	RANK:45
SKILL:Fly	RANK:43
SKILL:Handle Animal	RANK:45
SKILL:Intimidate	RANK:45
SKILL:Knowledge (Arcana)	RANK:45
SKILL:Knowledge (History)	RANK:45
SKILL:Knowledge (Planes)	RANK:48
SKILL:Knowledge (Religion)	RANK:45
SKILL:Perception	RANK:48
SKILL:Sense Motive	RANK:48
SKILL:Spellcraft	RANK:45
SKILL:Stealth	RANK:44
SKILL:Survival	RANK:45
ABILITY:CATEGORY=FEAT|Alertness
ABILITY:CATEGORY=FEAT|Awesome Blow
ABILITY:CATEGORY=FEAT|Bleeding Critical
ABILITY:CATEGORY=FEAT|Blind- Fight
ABILITY:CATEGORY=FEAT|Cleave
ABILITY:CATEGORY=FEAT|Combat Casting
ABILITY:CATEGORY=FEAT|Combat Reflexes
ABILITY:CATEGORY=FEAT|Crippling Critical
ABILITY:CATEGORY=FEAT|Critical Focus
ABILITY:CATEGORY=FEAT|Critical Mastery
ABILITY:CATEGORY=FEAT|Great Cleave
ABILITY:CATEGORY=FEAT|Great Fortitude
ABILITY:CATEGORY=FEAT|Improved Critical (scythe)
ABILITY:CATEGORY=FEAT|Improved Disarm
ABILITY:CATEGORY=FEAT|Improved Vital Strike
ABILITY:CATEGORY=FEAT|Improved Initiative
ABILITY:CATEGORY=FEAT|Improved Sunder
ABILITY:CATEGORY=FEAT|Iron Will
ABILITY:CATEGORY=FEAT|Lightning Reflexes
ABILITY:CATEGORY=FEAT|Power Attack
ABILITY:CATEGORY=FEAT|Quicken Spell- Like Ability (fireball)
ABILITY:CATEGORY=FEAT|Quicken Spell-Like Ability (power word blind)
ABILITY:CATEGORY=FEAT|Vital Strike
ABILITY:CATEGORY=FEAT|Weapon Focus (scythe)

STARTPACK:Slaad Lord Of The Insane Default	TYPE:Default Monster.Outsider	VISIBLE:QUALIFY	EQUIPBUY:0	PREMULT:1,[PRERACE:1,Slaad Lord Of The Insane],[!PRERACE:1,%]
ALIGN:CN
RACE:Slaad Lord Of The Insane	!PRERACE:1,%
NAME:Slaad Lord Of The Insane
STAT:STR=10|DEX=10|CON=10|INT=10|WIS=10|CHA=10
SKILL:Climb	RANK:37
SKILL:Diplomacy	RANK:37
SKILL:Escape Artist	RANK:37
SKILL:Fly	RANK:40
SKILL:Handle Animal	RANK:37
SKILL:Intimidate	RANK:37
SKILL:Knowledge (Arcana)	RANK:37
SKILL:Knowledge (History)	RANK:37
SKILL:Knowledge (Planes)	RANK:40
SKILL:Knowledge (Religion)	RANK:37
SKILL:Perception	RANK:40
SKILL:Sense Motive	RANK:40
SKILL:Stealth	RANK:40
SKILL:Survival	RANK:37
ABILITY:CATEGORY=FEAT|Alertness
ABILITY:CATEGORY=FEAT|Bleeding Critical
ABILITY:CATEGORY=FEAT|Blind-Fight
ABILITY:CATEGORY=FEAT|Cleave
ABILITY:CATEGORY=FEAT|Combat Casting
ABILITY:CATEGORY=FEAT|Combat Reflexes
ABILITY:CATEGORY=FEAT|Critical Focus
ABILITY:CATEGORY=FEAT|Deafening Critical
ABILITY:CATEGORY=FEAT|Great Cleave
ABILITY:CATEGORY=FEAT|Great Fortitude
ABILITY:CATEGORY=FEAT|Improved Bull Rush
ABILITY:CATEGORY=FEAT|Improved Disarm
ABILITY:CATEGORY=FEAT|Improved Initiative
ABILITY:CATEGORY=FEAT|Improved Sunder
ABILITY:CATEGORY=FEAT|Improved Vital Strike
ABILITY:CATEGORY=FEAT|Power Attack
ABILITY:CATEGORY=FEAT|Skill Focus (Perception)
ABILITY:CATEGORY=FEAT|Stunning Critical
ABILITY:CATEGORY=FEAT|Vital Strike
ABILITY:CATEGORY=FEAT|Weapon Focus (slam)

STARTPACK:Slag Worm Default	TYPE:Default Monster.Outsider	VISIBLE:QUALIFY	EQUIPBUY:0	PREMULT:1,[PRERACE:1,Slag Worm],[!PRERACE:1,%]
ALIGN:TN
RACE:Slag Worm	!PRERACE:1,%
NAME:Slag Worm
STAT:STR=10|DEX=10|CON=10|INT=10|WIS=10|CHA=10
SKILL:Appraise	RANK:21
SKILL:Bluff	RANK:24
SKILL:Climb	RANK:21
SKILL:Intimidate	RANK:24
SKILL:Knowledge (Dungeoneering)	RANK:24
SKILL:Knowledge (Engineering)	RANK:24
SKILL:Knowledge (Planes)	RANK:24
SKILL:Perception	RANK:24
SKILL:Sense Motive	RANK:24
SKILL:Survival	RANK:24
ABILITY:CATEGORY=FEAT|Alertness
ABILITY:CATEGORY=FEAT|Cleave
ABILITY:CATEGORY=FEAT|Great Cleave
ABILITY:CATEGORY=FEAT|Great Fortitude
ABILITY:CATEGORY=FEAT|Improved Bull Rush
ABILITY:CATEGORY=FEAT|Improved Critical (bite)
ABILITY:CATEGORY=FEAT|Iron Will
ABILITY:CATEGORY=FEAT|Lightning Reflexes
ABILITY:CATEGORY=FEAT|Power Attack
ABILITY:CATEGORY=FEAT|Toughness
ABILITY:CATEGORY=FEAT|Vital Strike
ABILITY:CATEGORY=FEAT|Weapon Focus (bite)

STARTPACK:Slaughterford Default	TYPE:Default Monster.Monstrous Humanoid	VISIBLE:QUALIFY	EQUIPBUY:0	PREMULT:1,[PRERACE:1,Slaughterford],[!PRERACE:1,%]
ALIGN:NE
RACE:Slaughterford	!PRERACE:1,%
NAME:Slaughterford
STAT:STR=10|DEX=10|CON=10|INT=10|WIS=10|CHA=10
SKILL:Acrobatics	RANK:7
SKILL:Intimidate	RANK:10
SKILL:Perception	RANK:10
SKILL:Stealth	RANK:10
ABILITY:CATEGORY=FEAT|Critical Focus
ABILITY:CATEGORY=FEAT|Dodge
ABILITY:CATEGORY=FEAT|Improved Critical
ABILITY:CATEGORY=FEAT|Improved Initiative
ABILITY:CATEGORY=FEAT|Mobility
ABILITY:CATEGORY=FEAT|Toughness

STARTPACK:Sleeping Willow Default	TYPE:Default Monster.Plant	VISIBLE:QUALIFY	EQUIPBUY:0	PREMULT:1,[PRERACE:1,Sleeping Willow],[!PRERACE:1,%]
ALIGN:NE
RACE:Sleeping Willow	!PRERACE:1,%
NAME:Sleeping Willow
STAT:STR=10|DEX=10|CON=10|INT=10|WIS=10|CHA=10
SKILL:Perception	RANK:7
SKILL:Stealth	RANK:1
ABILITY:CATEGORY=FEAT|Cleave
ABILITY:CATEGORY=FEAT|Improved Critical (slam)
ABILITY:CATEGORY=FEAT|Power Attack
ABILITY:CATEGORY=FEAT|Skill Focus (Perception)
ABILITY:CATEGORY=FEAT|Toughness
ABILITY:CATEGORY=FEAT|Weapon Focus (slam)

STARTPACK:Slime Demodand Default	TYPE:Default Monster.Outsider	VISIBLE:QUALIFY	EQUIPBUY:0	PREMULT:1,[PRERACE:1,Slime Demodand],[!PRERACE:1,%]
ALIGN:CE
RACE:Slime Demodand	!PRERACE:1,%
NAME:Slime Demodand
STAT:STR=10|DEX=10|CON=10|INT=10|WIS=10|CHA=10
SKILL:Acrobatics	RANK:5
SKILL:Bluff	RANK:13
SKILL:Fly	RANK:7
SKILL:Knowledge (Arcana)	RANK:13
SKILL:Knowledge (Planes)	RANK:13
SKILL:Perception	RANK:13
SKILL:Sense Motive	RANK:3
SKILL:Spellcraft	RANK:13
SKILL:Stealth	RANK:13
SKILL:Survival	RANK:13
ABILITY:CATEGORY=FEAT|Alertness
ABILITY:CATEGORY=FEAT|Cleave
ABILITY:CATEGORY=FEAT|Critical Focus
ABILITY:CATEGORY=FEAT|Great Cleave
ABILITY:CATEGORY=FEAT|Power Attack
ABILITY:CATEGORY=FEAT|Sickening Critical
ABILITY:CATEGORY=FEAT|Weapon Focus (claws)

STARTPACK:Slinker Default	TYPE:Default Monster.Magical Beast	VISIBLE:QUALIFY	EQUIPBUY:0	PREMULT:1,[PRERACE:1,Slinker],[!PRERACE:1,%]
ALIGN:LE
RACE:Slinker	!PRERACE:1,%
NAME:Slinker
STAT:STR=10|DEX=10|CON=10|INT=10|WIS=10|CHA=10
SKILL:Acrobatics	RANK:1
SKILL:Climb	RANK:3
SKILL:Escape Artist	RANK:1
SKILL:Perception	RANK:3
SKILL:Stealth	RANK:3
ABILITY:CATEGORY=FEAT|Iron Will
ABILITY:CATEGORY=FEAT|Weapon Finesse

STARTPACK:Slorath Default	TYPE:Default Monster.Magical Beast	VISIBLE:QUALIFY	EQUIPBUY:0	PREMULT:1,[PRERACE:1,Slorath],[!PRERACE:1,%]
ALIGN:CE
RACE:Slorath	!PRERACE:1,%
NAME:Slorath
STAT:STR=10|DEX=10|CON=10|INT=10|WIS=10|CHA=10
SKILL:Acrobatics	RANK:8
SKILL:Climb	RANK:7
SKILL:Perception	RANK:20
SKILL:Spellcraft	RANK:17
SKILL:Stealth	RANK:8
SKILL:Swim	RANK:7
ABILITY:CATEGORY=FEAT|Awesome Blow
ABILITY:CATEGORY=FEAT|Gaze to Ray
ABILITY:CATEGORY=FEAT|Improved Initiative
ABILITY:CATEGORY=FEAT|Improved Bullrush
ABILITY:CATEGORY=FEAT|Iron Will
ABILITY:CATEGORY=FEAT|Lightning Reflexes
ABILITY:CATEGORY=FEAT|Power Attack
ABILITY:CATEGORY=FEAT|Quicken Spell-Like Ability
ABILITY:CATEGORY=FEAT|Skill Focus (Perception)
ABILITY:CATEGORY=FEAT|Weapon Focus (ray)

STARTPACK:Sloth Viper Default	TYPE:Default Monster.Magical Beast	VISIBLE:QUALIFY	EQUIPBUY:0	PREMULT:1,[PRERACE:1,Sloth Viper],[!PRERACE:1,%]
ALIGN:TN
RACE:Sloth Viper	!PRERACE:1,%
NAME:Sloth Viper
STAT:STR=10|DEX=10|CON=10|INT=10|WIS=10|CHA=10
SKILL:Acrobatics	RANK:5
SKILL:Climb	RANK:5
SKILL:Perception	RANK:5
SKILL:Stealth	RANK:1
SKILL:Swim	RANK:5
ABILITY:CATEGORY=FEAT|Improved Initiative
ABILITY:CATEGORY=FEAT|Skill Focus (Perception)
ABILITY:CATEGORY=FEAT|Weapon Finesse

STARTPACK:Small Acid Quasi-elemental Default	TYPE:Default Monster.Outsider	VISIBLE:QUALIFY	EQUIPBUY:0	PREMULT:1,[PRERACE:1,Small Acid Quasi-elemental],[!PRERACE:1,%]
ALIGN:TN
RACE:Small Acid Quasi-elemental	!PRERACE:1,%
NAME:Small Acid Quasi-elemental
STAT:STR=10|DEX=10|CON=10|INT=10|WIS=10|CHA=10
SKILL:Knowledge (Planes)	RANK:1
SKILL:Perception	RANK:1
SKILL:Stealth	RANK:1
SKILL:Swim	RANK:1
ABILITY:CATEGORY=FEAT|Improved Initiative

STARTPACK:Small Barracuda Default	TYPE:Default Monster.Animal	VISIBLE:QUALIFY	EQUIPBUY:0	PREMULT:1,[PRERACE:1,Small Barracuda],[!PRERACE:1,%]
ALIGN:TN
RACE:Small Barracuda	!PRERACE:1,%
NAME:Small Barracuda
STAT:STR=10|DEX=10|CON=10|INT=10|WIS=10|CHA=10
SKILL:Perception	RANK:1
SKILL:Swim	RANK:1
ABILITY:CATEGORY=FEAT|Skill Focus (Perception)
ABILITY:CATEGORY=FEAT|Weapon Finesse

STARTPACK:Small Gravity Elemental Default	TYPE:Default Monster.Outsider	VISIBLE:QUALIFY	EQUIPBUY:0	PREMULT:1,[PRERACE:1,Small Gravity Elemental],[!PRERACE:1,%]
ALIGN:TN
RACE:Small Gravity Elemental	!PRERACE:1,%
NAME:Small Gravity Elemental
STAT:STR=10|DEX=10|CON=10|INT=10|WIS=10|CHA=10
SKILL:Fly	RANK:2
SKILL:Perception	RANK:2
SKILL:Sense Motive	RANK:2
SKILL:Stealth	RANK:2
ABILITY:CATEGORY=FEAT|Throw Anything
ABILITY:CATEGORY=FEAT|Weapon Finesse

STARTPACK:Small Lightning Quasi-elemental Default	TYPE:Default Monster.Outsider	VISIBLE:QUALIFY	EQUIPBUY:0	PREMULT:1,[PRERACE:1,Small Lightning Quasi-elemental],[!PRERACE:1,%]
ALIGN:TN
RACE:Small Lightning Quasi-elemental	!PRERACE:1,%
NAME:Small Lightning Quasi-elemental
STAT:STR=10|DEX=10|CON=10|INT=10|WIS=10|CHA=10
SKILL:Fly	RANK:6
SKILL:Perception	RANK:6
SKILL:Stealth	RANK:6
ABILITY:CATEGORY=FEAT|Dodge
ABILITY:CATEGORY=FEAT|Flyby Attack
ABILITY:CATEGORY=FEAT|Weapon Finesse

STARTPACK:Small Monstrous Sea Wasp Default	TYPE:Default Monster.Vermin	VISIBLE:QUALIFY	EQUIPBUY:0	PREMULT:1,[PRERACE:1,Small Monstrous Sea Wasp],[!PRERACE:1,%]
ALIGN:TN
RACE:Small Monstrous Sea Wasp	!PRERACE:1,%
NAME:Small Monstrous Sea Wasp
STAT:STR=10|DEX=10|CON=10|WIS=10|CHA=10
SKILL:Escape Artist	RANK:1
SKILL:Perception	RANK:1
SKILL:Stealth	RANK:1
SKILL:Swim	RANK:1
ABILITY:CATEGORY=FEAT|Weapon Finesse

STARTPACK:Small Negative Energy Elemental Default	TYPE:Default Monster.Outsider	VISIBLE:QUALIFY	EQUIPBUY:0	PREMULT:1,[PRERACE:1,Small Negative Energy Elemental],[!PRERACE:1,%]
ALIGN:TN
RACE:Small Negative Energy Elemental	!PRERACE:1,%
NAME:Small Negative Energy Elemental
STAT:STR=10|DEX=10|CON=10|INT=10|WIS=10|CHA=10
SKILL:Fly	RANK:2
SKILL:Knowledge (Planes)	RANK:2
SKILL:Perception	RANK:2
SKILL:Stealth	RANK:2
ABILITY:CATEGORY=FEAT|Dodge
ABILITY:CATEGORY=FEAT|Improved Initiative
ABILITY:CATEGORY=FEAT|Weapon Finesse

STARTPACK:Small Obsidian Quasi-elemental Default	TYPE:Default Monster.Outsider	VISIBLE:QUALIFY	EQUIPBUY:0	PREMULT:1,[PRERACE:1,Small Obsidian Quasi-elemental],[!PRERACE:1,%]
ALIGN:TN
RACE:Small Obsidian Quasi-elemental	!PRERACE:1,%
NAME:Small Obsidian Quasi-elemental
STAT:STR=10|DEX=10|CON=10|INT=10|WIS=10|CHA=10
SKILL:Knowledge (Planes)	RANK:1
SKILL:Perception	RANK:1
SKILL:Stealth	RANK:1
ABILITY:CATEGORY=FEAT|Improved Natural Attack
ABILITY:CATEGORY=FEAT|Power Attack

STARTPACK:Small Positive Energy Elemental Default	TYPE:Default Monster.Outsider	VISIBLE:QUALIFY	EQUIPBUY:0	PREMULT:1,[PRERACE:1,Small Positive Energy Elemental],[!PRERACE:1,%]
ALIGN:TN
RACE:Small Positive Energy Elemental	!PRERACE:1,%
NAME:Small Positive Energy Elemental
STAT:STR=10|DEX=10|CON=10|INT=10|WIS=10|CHA=10
SKILL:Fly	RANK:2
SKILL:Knowledge (Planes)	RANK:2
SKILL:Perception	RANK:2
SKILL:Stealth	RANK:2
ABILITY:CATEGORY=FEAT|Dodge
ABILITY:CATEGORY=FEAT|Improved Initiative
ABILITY:CATEGORY=FEAT|Weapon Finesse

STARTPACK:Small Stingray Default	TYPE:Default Monster.Animal	VISIBLE:QUALIFY	EQUIPBUY:0	PREMULT:1,[PRERACE:1,Small Stingray],[!PRERACE:1,%]
ALIGN:TN
RACE:Small Stingray	!PRERACE:1,%
NAME:Small Stingray
STAT:STR=10|DEX=10|CON=10|INT=10|WIS=10|CHA=10
SKILL:Perception	RANK:1
SKILL:Swim	RANK:1
ABILITY:CATEGORY=FEAT|Weapon Finesse

STARTPACK:Smilodon Default	TYPE:Default Monster.Animal	VISIBLE:QUALIFY	EQUIPBUY:0	PREMULT:1,[PRERACE:1,Smilodon],[!PRERACE:1,%]
ALIGN:TN
RACE:Smilodon	!PRERACE:1,%
NAME:Smilodon
STAT:STR=10|DEX=10|CON=10|INT=10|WIS=10|CHA=10
SKILL:Acrobatics	RANK:5
SKILL:Perception	RANK:5
SKILL:Stealth	RANK:6
SKILL:Swim	RANK:1
ABILITY:CATEGORY=FEAT|Power Attack
ABILITY:CATEGORY=FEAT|Run
ABILITY:CATEGORY=FEAT|Skill Focus (Perception)

STARTPACK:Smoke Dragon Default	TYPE:Default Monster.Dragon	VISIBLE:QUALIFY	EQUIPBUY:0	PREMULT:1,[PRERACE:1,Smoke Dragon],[!PRERACE:1,%]
ALIGN:TN
RACE:Smoke Dragon	!PRERACE:1,%
NAME:Smoke Dragon
STAT:STR=10|DEX=10|CON=10|INT=10|WIS=10|CHA=10
SKILL:Bluff	RANK:3
SKILL:Escape Artist	RANK:1
SKILL:Fly	RANK:3
SKILL:Knowledge (Nature)	RANK:3
SKILL:Perception	RANK:3
SKILL:Sense Motive	RANK:1
SKILL:Stealth	RANK:3
ABILITY:CATEGORY=FEAT|Alertness
ABILITY:CATEGORY=FEAT|Weapon Finesse

STARTPACK:Smoke Mephit Default	TYPE:Default Monster.Outsider	VISIBLE:QUALIFY	EQUIPBUY:0	PREMULT:1,[PRERACE:1,Smoke Mephit],[!PRERACE:1,%]
ALIGN:TN
RACE:Smoke Mephit	!PRERACE:1,%
NAME:Smoke Mephit
STAT:STR=10|DEX=10|CON=10|INT=10|WIS=10|CHA=10
SKILL:Bluff	RANK:2
SKILL:Diplomacy	RANK:2
SKILL:Disguise	RANK:1
SKILL:Escape Artist	RANK:3
SKILL:Fly	RANK:3
SKILL:Intimidate	RANK:1
SKILL:Perception	RANK:1
SKILL:Stealth	RANK:3
ABILITY:CATEGORY=FEAT|Dodge
ABILITY:CATEGORY=FEAT|Improved Initiative

STARTPACK:Snow Leopard Default	TYPE:Default Monster.Animal	VISIBLE:QUALIFY	EQUIPBUY:0	PREMULT:1,[PRERACE:1,Snow Leopard],[!PRERACE:1,%]
ALIGN:TN
RACE:Snow Leopard	!PRERACE:1,%
NAME:Snow Leopard
STAT:STR=10|DEX=10|CON=10|INT=10|WIS=10|CHA=10
SKILL:Acrobatics	RANK:1
SKILL:Climb	RANK:4
SKILL:Perception	RANK:4
SKILL:Stealth	RANK:4
ABILITY:CATEGORY=FEAT|Skill Focus (Perception)
ABILITY:CATEGORY=FEAT|Toughness
ABILITY:CATEGORY=FEAT|Weapon Finesse

STARTPACK:Soldier Thermite Default	TYPE:Default Monster.Vermin	VISIBLE:QUALIFY	EQUIPBUY:0	PREMULT:1,[PRERACE:1,Soldier Thermite],[!PRERACE:1,%]
ALIGN:TN
RACE:Soldier Thermite	!PRERACE:1,%
NAME:Soldier Thermite
STAT:STR=10|DEX=10|CON=10|WIS=10|CHA=10

STARTPACK:Sonechard Default	TYPE:Default Monster.Outsider	VISIBLE:QUALIFY	EQUIPBUY:0	PREMULT:1,[PRERACE:1,Sonechard],[!PRERACE:1,%]
ALIGN:CE
RACE:Sonechard	!PRERACE:1,%
NAME:Sonechard
STAT:STR=10|DEX=10|CON=10|INT=10|WIS=10|CHA=10
SKILL:Acrobatics	RANK:8
SKILL:Bluff	RANK:22
SKILL:Diplomacy	RANK:22
SKILL:Disguise	RANK:22
SKILL:Escape Artist	RANK:19
SKILL:Fly	RANK:13
SKILL:Intimidate	RANK:22
SKILL:Knowledge (Arcana)	RANK:19
SKILL:Knowledge (History)	RANK:19
SKILL:Knowledge (Nobility)	RANK:22
SKILL:Knowledge (Planes)	RANK:22
SKILL:Perception	RANK:22
SKILL:Sense Motive	RANK:22
SKILL:Stealth	RANK:18
SKILL:Survival	RANK:22
ABILITY:CATEGORY=FEAT|Bleeding Critical
ABILITY:CATEGORY=FEAT|Cleave
ABILITY:CATEGORY=FEAT|Combat Expertise
ABILITY:CATEGORY=FEAT|Critical Focus
ABILITY:CATEGORY=FEAT|Deceitful
ABILITY:CATEGORY=FEAT|Great Cleave
ABILITY:CATEGORY=FEAT|Improved Critical (heavy pick)
ABILITY:CATEGORY=FEAT|Improved Initiative
ABILITY:CATEGORY=FEAT|Improved Sunder
ABILITY:CATEGORY=FEAT|Power Attack
ABILITY:CATEGORY=FEAT|Weapon Focus (heavy pick)

STARTPACK:Soul Nibbler Default	TYPE:Default Monster.Magical Beast	VISIBLE:QUALIFY	EQUIPBUY:0	PREMULT:1,[PRERACE:1,Soul Nibbler],[!PRERACE:1,%]
ALIGN:TN
RACE:Soul Nibbler	!PRERACE:1,%
NAME:Soul Nibbler
STAT:STR=10|DEX=10|CON=10|INT=10|WIS=10|CHA=10
SKILL:Climb	RANK:1
SKILL:Perception	RANK:1
SKILL:Stealth	RANK:1
ABILITY:CATEGORY=FEAT|Weapon Finesse

STARTPACK:Soul Reaper Default	TYPE:Default Monster.Undead	VISIBLE:QUALIFY	EQUIPBUY:0	PREMULT:1,[PRERACE:1,Soul Reaper],[!PRERACE:1,%]
ALIGN:NE
RACE:Soul Reaper	!PRERACE:1,%
NAME:Soul Reaper
STAT:STR=10|DEX=10|INT=10|WIS=10|CHA=10
SKILL:Climb	RANK:22
SKILL:Diplomacy	RANK:6
SKILL:Intimidate	RANK:22
SKILL:Knowledge (Arcana)	RANK:22
SKILL:Knowledge (Religion)	RANK:22
SKILL:Perception	RANK:22
SKILL:Sense Motive	RANK:22
SKILL:Stealth	RANK:18
SKILL:Survival	RANK:10
ABILITY:CATEGORY=FEAT|Cleave
ABILITY:CATEGORY=FEAT|Critical Focus
ABILITY:CATEGORY=FEAT|Great Cleave
ABILITY:CATEGORY=FEAT|Great Fortitude
ABILITY:CATEGORY=FEAT|Improved Critical (scythe)
ABILITY:CATEGORY=FEAT|Improved Initiative
ABILITY:CATEGORY=FEAT|Lightning Reflexes
ABILITY:CATEGORY=FEAT|Power Attack
ABILITY:CATEGORY=FEAT|Toughness
ABILITY:CATEGORY=FEAT|Vital Strike
ABILITY:CATEGORY=FEAT|Weapon Focus (scythe)

STARTPACK:Spitting Sea Serpent Default	TYPE:Default Monster.Dragon	VISIBLE:QUALIFY	EQUIPBUY:0	PREMULT:1,[PRERACE:1,Spitting Sea Serpent],[!PRERACE:1,%]
ALIGN:CE
RACE:Spitting Sea Serpent	!PRERACE:1,%
NAME:Spitting Sea Serpent
STAT:STR=10|DEX=10|CON=10|INT=10|WIS=10|CHA=10
SKILL:Intimidate	RANK:12
SKILL:Perception	RANK:12
SKILL:Stealth	RANK:8
SKILL:Survival	RANK:12
SKILL:Swim	RANK:12
ABILITY:CATEGORY=FEAT|Ability Focus (poison)
ABILITY:CATEGORY=FEAT|Far Shot
ABILITY:CATEGORY=FEAT|Improved Initiative
ABILITY:CATEGORY=FEAT|Point Blank Shot
ABILITY:CATEGORY=FEAT|Rapid Shot
ABILITY:CATEGORY=FEAT|Swim-By Attack
ABILITY:CATEGORY=FEAT|Weapon Focus (spit)

STARTPACK:Splinter Drake Default	TYPE:Default Monster.Plant	VISIBLE:QUALIFY	EQUIPBUY:0	PREMULT:1,[PRERACE:1,Splinter Drake],[!PRERACE:1,%]
ALIGN:NE
RACE:Splinter Drake	!PRERACE:1,%
NAME:Splinter Drake
STAT:STR=10|DEX=10|CON=10|INT=10|WIS=10|CHA=10
SKILL:Perception	RANK:17
SKILL:Stealth	RANK:12
ABILITY:CATEGORY=FEAT|Cleave
ABILITY:CATEGORY=FEAT|Combat Reflexes
ABILITY:CATEGORY=FEAT|Critical Focus
ABILITY:CATEGORY=FEAT|Great Cleave
ABILITY:CATEGORY=FEAT|Improved Critical (bite)
ABILITY:CATEGORY=FEAT|Improved Natural Attack (bite)
ABILITY:CATEGORY=FEAT|Iron Will
ABILITY:CATEGORY=FEAT|Power Attack
ABILITY:CATEGORY=FEAT|Weapon Focus (bite)

STARTPACK:Spore Rat Default	TYPE:Default Monster.Plant	VISIBLE:QUALIFY	EQUIPBUY:0	PREMULT:1,[PRERACE:1,Spore Rat],[!PRERACE:1,%]
ALIGN:TN
RACE:Spore Rat	!PRERACE:1,%
NAME:Spore Rat
STAT:STR=10|DEX=10|CON=10|INT=10|WIS=10|CHA=10
SKILL:Climb	RANK:3
SKILL:Perception	RANK:3
ABILITY:CATEGORY=FEAT|Alertness
ABILITY:CATEGORY=FEAT|Weapon Finesse

STARTPACK:Squealer Default	TYPE:Default Monster.Magical Beast	VISIBLE:QUALIFY	EQUIPBUY:0	PREMULT:1,[PRERACE:1,Squealer],[!PRERACE:1,%]
ALIGN:TN
RACE:Squealer	!PRERACE:1,%
NAME:Squealer
STAT:STR=10|DEX=10|CON=10|INT=10|WIS=10|CHA=10
SKILL:Acrobatics	RANK:3
SKILL:Climb	RANK:11
SKILL:Perception	RANK:6
SKILL:Stealth	RANK:1
ABILITY:CATEGORY=FEAT|Cleave
ABILITY:CATEGORY=FEAT|Critical Focus
ABILITY:CATEGORY=FEAT|Improved Critical (claw)
ABILITY:CATEGORY=FEAT|Improved Initiative
ABILITY:CATEGORY=FEAT|Power Attack
ABILITY:CATEGORY=FEAT|Skill Focus (Perception)

STARTPACK:Stegocentipede Default	TYPE:Default Monster.Vermin	VISIBLE:QUALIFY	EQUIPBUY:0	PREMULT:1,[PRERACE:1,Stegocentipede],[!PRERACE:1,%]
ALIGN:TN
RACE:Stegocentipede	!PRERACE:1,%
NAME:Stegocentipede
STAT:STR=10|DEX=10|CON=10|WIS=10|CHA=10
SKILL:Climb	RANK:1
SKILL:Perception	RANK:1
SKILL:Stealth	RANK:1

STARTPACK:Stench Kow Default	TYPE:Default Monster.Magical Beast	VISIBLE:QUALIFY	EQUIPBUY:0	PREMULT:1,[PRERACE:1,Stench Kow],[!PRERACE:1,%]
ALIGN:TN
RACE:Stench Kow	!PRERACE:1,%
NAME:Stench Kow
STAT:STR=10|DEX=10|CON=10|INT=10|WIS=10|CHA=10
SKILL:Perception	RANK:3
ABILITY:CATEGORY=FEAT|Great Fortitude
ABILITY:CATEGORY=FEAT|Skill Focus (Perception)

STARTPACK:Sthenno Default	TYPE:Default Monster.Outsider	VISIBLE:QUALIFY	EQUIPBUY:0	PREMULT:1,[PRERACE:1,Sthenno],[!PRERACE:1,%]
ALIGN:LE
RACE:Sthenno	!PRERACE:1,%
NAME:Sthenno
STAT:STR=10|DEX=10|CON=10|INT=10|WIS=10|CHA=10
SKILL:Acrobatics	RANK:18
SKILL:Bluff	RANK:18
SKILL:Craft (alchemy)	RANK:18
SKILL:Diplomacy	RANK:18
SKILL:Fly	RANK:12
SKILL:Intimidate	RANK:18
SKILL:Knowledge (Arcana)	RANK:18
SKILL:Knowledge (Planes)	RANK:18
SKILL:Perception	RANK:18
SKILL:Sense Motive	RANK:18
SKILL:Stealth	RANK:14
SKILL:Survival	RANK:15
ABILITY:CATEGORY=FEAT|Cleave
ABILITY:CATEGORY=FEAT|Great Cleave
ABILITY:CATEGORY=FEAT|Improved Initiative
ABILITY:CATEGORY=FEAT|Lightning Reflexes
ABILITY:CATEGORY=FEAT|Multiattack
ABILITY:CATEGORY=FEAT|Power Attack
ABILITY:CATEGORY=FEAT|Weapon Focus (bite) Weapon Focus (claw)
ABILITY:CATEGORY=FEAT|Weapon Focus (snake bite)

STARTPACK:Stirge Demon Default	TYPE:Default Monster.Outsider	VISIBLE:QUALIFY	EQUIPBUY:0	PREMULT:1,[PRERACE:1,Stirge Demon],[!PRERACE:1,%]
ALIGN:CE
RACE:Stirge Demon	!PRERACE:1,%
NAME:Stirge Demon
STAT:STR=10|DEX=10|CON=10|INT=10|WIS=10|CHA=10
SKILL:Bluff	RANK:5
SKILL:Climb	RANK:8
SKILL:Escape Artist	RANK:5
SKILL:Fly	RANK:8
SKILL:Intimidate	RANK:8
SKILL:Knowledge (Planes)	RANK:5
SKILL:Perception	RANK:8
SKILL:Sense Motive	RANK:8
SKILL:Stealth	RANK:4
SKILL:Survival	RANK:8
ABILITY:CATEGORY=FEAT|Blind-Fight
ABILITY:CATEGORY=FEAT|Cleave
ABILITY:CATEGORY=FEAT|Power Attack
ABILITY:CATEGORY=FEAT|Iron Will

STARTPACK:Stone Guardian Golem Default	TYPE:Default Monster.Construct	VISIBLE:QUALIFY	EQUIPBUY:0	PREMULT:1,[PRERACE:1,Stone Guardian Golem],[!PRERACE:1,%]
ALIGN:TN
RACE:Stone Guardian Golem	!PRERACE:1,%
NAME:Stone Guardian Golem
STAT:STR=10|DEX=10|WIS=10|CHA=10

STARTPACK:Stone Maiden Default	TYPE:Default Monster.Outsider	VISIBLE:QUALIFY	EQUIPBUY:0	PREMULT:1,[PRERACE:1,Stone Maiden],[!PRERACE:1,%]
ALIGN:TN
RACE:Stone Maiden	!PRERACE:1,%
NAME:Stone Maiden
STAT:STR=10|DEX=10|CON=10|INT=10|WIS=10|CHA=10
SKILL:Craft (stonemasonry)	RANK:10
SKILL:Diplomacy	RANK:10
SKILL:Knowledge (Dungeoneering)	RANK:10
SKILL:Knowledge (Nature)	RANK:10
SKILL:Knowledge (Planes)	RANK:10
SKILL:Perception	RANK:10
SKILL:Sense Motive	RANK:10
SKILL:Survival	RANK:10
ABILITY:CATEGORY=FEAT|Improved Initiative
ABILITY:CATEGORY=FEAT|Iron Will
ABILITY:CATEGORY=FEAT|Lightning Reflexes
ABILITY:CATEGORY=FEAT|Power Attack
ABILITY:CATEGORY=FEAT|Weapon Focus (longsword)

STARTPACK:Stone Pudding Default	TYPE:Default Monster.Ooze	VISIBLE:QUALIFY	EQUIPBUY:0	PREMULT:1,[PRERACE:1,Stone Pudding],[!PRERACE:1,%]
ALIGN:TN
RACE:Stone Pudding	!PRERACE:1,%
NAME:Stone Pudding
STAT:STR=10|DEX=10|CON=10|WIS=10|CHA=10
SKILL:Climb	RANK:5
SKILL:Stealth	RANK:1

STARTPACK:Stone Roper Default	TYPE:Default Monster.Aberration	VISIBLE:QUALIFY	EQUIPBUY:0	PREMULT:1,[PRERACE:1,Stone Roper],[!PRERACE:1,%]
ALIGN:CE
RACE:Stone Roper	!PRERACE:1,%
NAME:Stone Roper
STAT:STR=10|DEX=10|CON=10|INT=10|WIS=10|CHA=10
SKILL:Climb	RANK:6
SKILL:Knowledge (Dungeoneering)	RANK:6
SKILL:Perception	RANK:6
SKILL:Stealth	RANK:6
SKILL:Survival	RANK:6
ABILITY:CATEGORY=FEAT|Improved Initiative
ABILITY:CATEGORY=FEAT|Point Blank Shot
ABILITY:CATEGORY=FEAT|Weapon Focus (strand)

STARTPACK:Stormwarden Default	TYPE:Default Monster.Humanoid	VISIBLE:QUALIFY	EQUIPBUY:0	PREMULT:1,[PRERACE:1,Stormwarden],[!PRERACE:1,%]
ALIGN:NE
RACE:Stormwarden	!PRERACE:1,%
NAME:Stormwarden
STAT:STR=10|DEX=10|CON=10|INT=10|WIS=10|CHA=10
SKILL:Acrobatics	RANK:1
SKILL:Knowledge (Any One)	RANK:1
SKILL:Perception	RANK:3
SKILL:Survival	RANK:3
ABILITY:CATEGORY=FEAT|Improved Initiative
ABILITY:CATEGORY=FEAT|Skill Focus (Perception)

STARTPACK:Strangle Weed Default	TYPE:Default Monster.Plant	VISIBLE:QUALIFY	EQUIPBUY:0	PREMULT:1,[PRERACE:1,Strangle Weed],[!PRERACE:1,%]
ALIGN:TN
RACE:Strangle Weed	!PRERACE:1,%
NAME:Strangle Weed
STAT:STR=10|DEX=10|CON=10|INT=10|WIS=10|CHA=10
SKILL:Perception	RANK:2
SKILL:Stealth	RANK:1
SKILL:Swim	RANK:4
ABILITY:CATEGORY=FEAT|Power Attack
ABILITY:CATEGORY=FEAT|Weapon Focus (slam)

STARTPACK:Stroke Lad Default	TYPE:Default Monster.Fey	VISIBLE:QUALIFY	EQUIPBUY:0	PREMULT:1,[PRERACE:1,Stroke Lad],[!PRERACE:1,%]
ALIGN:NE
RACE:Stroke Lad	!PRERACE:1,%
NAME:Stroke Lad
STAT:STR=10|DEX=10|CON=10|INT=10|WIS=10|CHA=10
SKILL:Acrobatics	RANK:8
SKILL:Bluff	RANK:8
SKILL:Diplomacy	RANK:8
SKILL:Escape Artist	RANK:8
SKILL:Knowledge (Local)	RANK:8
SKILL:Perception	RANK:8
SKILL:Sense Motive	RANK:8
SKILL:Stealth	RANK:8
ABILITY:CATEGORY=FEAT|Alertness
ABILITY:CATEGORY=FEAT|Improved Feint
ABILITY:CATEGORY=FEAT|Improved Initiative
ABILITY:CATEGORY=FEAT|Weapon Finesse

STARTPACK:Stunjelly Default	TYPE:Default Monster.Ooze	VISIBLE:QUALIFY	EQUIPBUY:0	PREMULT:1,[PRERACE:1,Stunjelly],[!PRERACE:1,%]
ALIGN:TN
RACE:Stunjelly	!PRERACE:1,%
NAME:Stunjelly
STAT:STR=10|DEX=10|CON=10|WIS=10|CHA=10

STARTPACK:Stygian Leviathan Default	TYPE:Default Monster.Magical Beast	VISIBLE:QUALIFY	EQUIPBUY:0	PREMULT:1,[PRERACE:1,Stygian Leviathan],[!PRERACE:1,%]
ALIGN:NE
RACE:Stygian Leviathan	!PRERACE:1,%
NAME:Stygian Leviathan
STAT:STR=10|DEX=10|CON=10|INT=10|WIS=10|CHA=10
SKILL:Perception	RANK:24
SKILL:Swim	RANK:26
ABILITY:CATEGORY=FEAT|Cleave
ABILITY:CATEGORY=FEAT|Critical Focus
ABILITY:CATEGORY=FEAT|Diehard
ABILITY:CATEGORY=FEAT|Endurance
ABILITY:CATEGORY=FEAT|Great Cleave
ABILITY:CATEGORY=FEAT|Greater Overrun
ABILITY:CATEGORY=FEAT|Great Fortitude
ABILITY:CATEGORY=FEAT|Improved Critical (bite)
ABILITY:CATEGORY=FEAT|Improved Initiative
ABILITY:CATEGORY=FEAT|Improved Great Fortitude
ABILITY:CATEGORY=FEAT|Improved Overrun
ABILITY:CATEGORY=FEAT|Improved Sunder
ABILITY:CATEGORY=FEAT|Iron Will
ABILITY:CATEGORY=FEAT|Lightning Reflexes
ABILITY:CATEGORY=FEAT|Power Attack
ABILITY:CATEGORY=FEAT|Skill Focus (Perception)
ABILITY:CATEGORY=FEAT|Staggering Critical
ABILITY:CATEGORY=FEAT|Weapon Focus (bite)

STARTPACK:Stygian Turtle-shark Default	TYPE:Default Monster.Magical Beast	VISIBLE:QUALIFY	EQUIPBUY:0	PREMULT:1,[PRERACE:1,Stygian Turtle-shark],[!PRERACE:1,%]
ALIGN:NE
RACE:Stygian Turtle-shark	!PRERACE:1,%
NAME:Stygian Turtle-shark
STAT:STR=10|DEX=10|CON=10|INT=10|WIS=10|CHA=10
SKILL:Perception	RANK:14
SKILL:Swim	RANK:5
ABILITY:CATEGORY=FEAT|Cleave
ABILITY:CATEGORY=FEAT|Great Cleave
ABILITY:CATEGORY=FEAT|Improved Critical (bite)
ABILITY:CATEGORY=FEAT|Iron Will
ABILITY:CATEGORY=FEAT|Power Attack
ABILITY:CATEGORY=FEAT|Swim-by Attack
ABILITY:CATEGORY=FEAT|Weapon Focus (bite)

STARTPACK:Stymphalian Bird Default	TYPE:Default Monster.Magical Beast	VISIBLE:QUALIFY	EQUIPBUY:0	PREMULT:1,[PRERACE:1,Stymphalian Bird],[!PRERACE:1,%]
ALIGN:TN
RACE:Stymphalian Bird	!PRERACE:1,%
NAME:Stymphalian Bird
STAT:STR=10|DEX=10|CON=10|INT=10|WIS=10|CHA=10
SKILL:Fly	RANK:2
SKILL:Perception	RANK:2
ABILITY:CATEGORY=FEAT|Flyby Attack
ABILITY:CATEGORY=FEAT|Improved Critical (bite)
ABILITY:CATEGORY=FEAT|Improved Critical (claw)
ABILITY:CATEGORY=FEAT|Improved Critical (feather)
ABILITY:CATEGORY=FEAT|Weapon Focus (feathers)

STARTPACK:Sudoth Default	TYPE:Default Monster.Aberration	VISIBLE:QUALIFY	EQUIPBUY:0	PREMULT:1,[PRERACE:1,Sudoth],[!PRERACE:1,%]
ALIGN:TN
RACE:Sudoth	!PRERACE:1,%
NAME:Sudoth
STAT:STR=10|DEX=10|CON=10|INT=10|WIS=10|CHA=10
SKILL:Perception	RANK:4
SKILL:Stealth	RANK:4
SKILL:Survival	RANK:4
SKILL:Swim	RANK:4
ABILITY:CATEGORY=FEAT|Multiattack
ABILITY:CATEGORY=FEAT|Swim-By Attack

STARTPACK:Swamp Troll Default	TYPE:Default Monster.Humanoid	VISIBLE:QUALIFY	EQUIPBUY:0	PREMULT:1,[PRERACE:1,Swamp Troll],[!PRERACE:1,%]
ALIGN:CE
RACE:Swamp Troll	!PRERACE:1,%
NAME:Swamp Troll
STAT:STR=10|DEX=10|CON=10|INT=10|WIS=10|CHA=10
SKILL:Perception	RANK:1
SKILL:Stealth	RANK:1
SKILL:Survival	RANK:1
SKILL:Swim	RANK:4
ABILITY:CATEGORY=FEAT|Improved Natural Attack (bite)
ABILITY:CATEGORY=FEAT|Iron Will
ABILITY:CATEGORY=FEAT|Skill Focus (Perception)

STARTPACK:T'shann Default	TYPE:Default Monster.Aberration	VISIBLE:QUALIFY	EQUIPBUY:0	PREMULT:1,[PRERACE:1,T'shann],[!PRERACE:1,%]
ALIGN:TN
RACE:T'shann	!PRERACE:1,%
NAME:T'shann
STAT:STR=10|DEX=10|CON=10|INT=10|WIS=10|CHA=10
SKILL:Perception	RANK:4
SKILL:Stealth	RANK:4
ABILITY:CATEGORY=FEAT|Lightning Reflexes
ABILITY:CATEGORY=FEAT|Skill Focus (Perception)

STARTPACK:Tabaxi Default	TYPE:Default Monster.Humanoid	VISIBLE:QUALIFY	EQUIPBUY:0	PREMULT:1,[PRERACE:1,Tabaxi],[!PRERACE:1,%]
ALIGN:CN
RACE:Tabaxi	!PRERACE:1,%
NAME:Tabaxi
STAT:STR=10|DEX=10|CON=10|INT=10|WIS=10|CHA=10
SKILL:Acrobatics	RANK:1
SKILL:Climb	RANK:2
SKILL:Perception	RANK:1
SKILL:Stealth	RANK:1
ABILITY:CATEGORY=FEAT|Weapon Finesse

STARTPACK:Taer Default	TYPE:Default Monster.Monstrous Humanoid	VISIBLE:QUALIFY	EQUIPBUY:0	PREMULT:1,[PRERACE:1,Taer],[!PRERACE:1,%]
ALIGN:TN
RACE:Taer	!PRERACE:1,%
NAME:Taer
STAT:STR=10|DEX=10|CON=10|INT=10|WIS=10|CHA=10
SKILL:Climb	RANK:2
SKILL:Perception	RANK:3
SKILL:Stealth	RANK:1
ABILITY:CATEGORY=FEAT|Skill Focus (Perception)
ABILITY:CATEGORY=FEAT|Toughness

STARTPACK:Tallow Golem Default	TYPE:Default Monster.Construct	VISIBLE:QUALIFY	EQUIPBUY:0	PREMULT:1,[PRERACE:1,Tallow Golem],[!PRERACE:1,%]
ALIGN:TN
RACE:Tallow Golem	!PRERACE:1,%
NAME:Tallow Golem
STAT:STR=10|DEX=10|WIS=10|CHA=10

STARTPACK:Tangtal Default	TYPE:Default Monster.Magical Beast	VISIBLE:QUALIFY	EQUIPBUY:0	PREMULT:1,[PRERACE:1,Tangtal],[!PRERACE:1,%]
ALIGN:NE
RACE:Tangtal	!PRERACE:1,%
NAME:Tangtal
STAT:STR=10|DEX=10|CON=10|INT=10|WIS=10|CHA=10
SKILL:Perception	RANK:3
SKILL:Stealth	RANK:2
ABILITY:CATEGORY=FEAT|Skill Focus (Perception)
ABILITY:CATEGORY=FEAT|Weapon Finesse

STARTPACK:Tazelwurm Default	TYPE:Default Monster.Magical Beast	VISIBLE:QUALIFY	EQUIPBUY:0	PREMULT:1,[PRERACE:1,Tazelwurm],[!PRERACE:1,%]
ALIGN:TN
RACE:Tazelwurm	!PRERACE:1,%
NAME:Tazelwurm
STAT:STR=10|DEX=10|CON=10|INT=10|WIS=10|CHA=10
SKILL:Perception	RANK:3
SKILL:Skill	RANK:7
ABILITY:CATEGORY=FEAT|Improved Initiative
ABILITY:CATEGORY=FEAT|Improved Natural Attack (bite)
ABILITY:CATEGORY=FEAT|Power Attack
ABILITY:CATEGORY=FEAT|Weapon Focus (bite)

STARTPACK:Temporal Crawler Default	TYPE:Default Monster.Magical Beast	VISIBLE:QUALIFY	EQUIPBUY:0	PREMULT:1,[PRERACE:1,Temporal Crawler],[!PRERACE:1,%]
ALIGN:TN
RACE:Temporal Crawler	!PRERACE:1,%
NAME:Temporal Crawler
STAT:STR=10|DEX=10|CON=10|INT=10|WIS=10|CHA=10
SKILL:Climb	RANK:6
SKILL:Perception	RANK:6
SKILL:Stealth	RANK:5
ABILITY:CATEGORY=FEAT|Improved Initiative
ABILITY:CATEGORY=FEAT|Skill Focus (Perception)
ABILITY:CATEGORY=FEAT|Skill Focus (Stealth)

STARTPACK:Tendrul Default	TYPE:Default Monster.Aberration	VISIBLE:QUALIFY	EQUIPBUY:0	PREMULT:1,[PRERACE:1,Tendrul],[!PRERACE:1,%]
ALIGN:NE
RACE:Tendrul	!PRERACE:1,%
NAME:Tendrul
STAT:STR=10|DEX=10|CON=10|INT=10|WIS=10|CHA=10
SKILL:Perception	RANK:7
SKILL:Swim	RANK:8
ABILITY:CATEGORY=FEAT|Improved Iron Will
ABILITY:CATEGORY=FEAT|Iron Will
ABILITY:CATEGORY=FEAT|Power Attack
ABILITY:CATEGORY=FEAT|Skill Focus (Perception)
ABILITY:CATEGORY=FEAT|Toughness

STARTPACK:Tentacled Horror Default	TYPE:Default Monster.Aberration	VISIBLE:QUALIFY	EQUIPBUY:0	PREMULT:1,[PRERACE:1,Tentacled Horror],[!PRERACE:1,%]
ALIGN:CE
RACE:Tentacled Horror	!PRERACE:1,%
NAME:Tentacled Horror
STAT:STR=10|DEX=10|CON=10|INT=10|WIS=10|CHA=10
SKILL:Bluff	RANK:12
SKILL:Intimidate	RANK:15
SKILL:Knowledge (Arcana)	RANK:15
SKILL:Knowledge (Dungeoneering)	RANK:12
SKILL:Perception	RANK:15
SKILL:Sense Motive	RANK:12
ABILITY:CATEGORY=FEAT|Ability Focus (aura of insanity)
ABILITY:CATEGORY=FEAT|Blind-Fight
ABILITY:CATEGORY=FEAT|Cleave
ABILITY:CATEGORY=FEAT|Critical Focus
ABILITY:CATEGORY=FEAT|Improved Critical (tentacle)
ABILITY:CATEGORY=FEAT|Iron Will
ABILITY:CATEGORY=FEAT|Lightning Reflexes
ABILITY:CATEGORY=FEAT|Power Attack

STARTPACK:Terry Demodand Default	TYPE:Default Monster.Outsider	VISIBLE:QUALIFY	EQUIPBUY:0	PREMULT:1,[PRERACE:1,Terry Demodand],[!PRERACE:1,%]
ALIGN:CE
RACE:Terry Demodand	!PRERACE:1,%
NAME:Terry Demodand
STAT:STR=10|DEX=10|CON=10|INT=10|WIS=10|CHA=10
SKILL:Bluff	RANK:11
SKILL:Fly	RANK:5
SKILL:Knowledge (Arcana)	RANK:11
SKILL:Knowledge (Planes)	RANK:11
SKILL:Perception	RANK:11
SKILL:Sense Motive	RANK:8
SKILL:Stealth	RANK:11
SKILL:Survival	RANK:11
ABILITY:CATEGORY=FEAT|Alertness
ABILITY:CATEGORY=FEAT|Cleave
ABILITY:CATEGORY=FEAT|Great Cleave
ABILITY:CATEGORY=FEAT|Iron Will
ABILITY:CATEGORY=FEAT|Power Attack
ABILITY:CATEGORY=FEAT|Weapon Focus (claws)

STARTPACK:Tether Default	TYPE:Default Monster.Magical Beast	VISIBLE:QUALIFY	EQUIPBUY:0	PREMULT:1,[PRERACE:1,Tether],[!PRERACE:1,%]
ALIGN:LE
RACE:Tether	!PRERACE:1,%
NAME:Tether
STAT:STR=10|DEX=10|CON=10|INT=10|WIS=10|CHA=10
SKILL:Acrobatics	RANK:1
SKILL:Climb	RANK:4
SKILL:Escape Artist	RANK:1
SKILL:Perception	RANK:4
SKILL:Stealth	RANK:4
ABILITY:CATEGORY=FEAT|Iron Will
ABILITY:CATEGORY=FEAT|Weapon Finesse

STARTPACK:The Oinodaemon Default	TYPE:Default Monster.Outsider	VISIBLE:QUALIFY	EQUIPBUY:0	PREMULT:1,[PRERACE:1,The Oinodaemon],[!PRERACE:1,%]
ALIGN:NE
RACE:The Oinodaemon	!PRERACE:1,%
NAME:The Oinodaemon
STAT:STR=10|DEX=10|CON=10|INT=10|WIS=10|CHA=10
SKILL:Appraise	RANK:46
SKILL:Bluff	RANK:49
SKILL:Diplomacy	RANK:46
SKILL:Disguise	RANK:46
SKILL:Fly	RANK:44
SKILL:Intimidate	RANK:46
SKILL:Knowledge (Arcana)	RANK:46
SKILL:Knowledge (Local)	RANK:46
SKILL:Knowledge (Planes)	RANK:49
SKILL:Knowledge (Religion)	RANK:46
SKILL:Perception	RANK:49
SKILL:Sense Motive	RANK:49
SKILL:Spellcraft	RANK:46
SKILL:Stealth	RANK:45
SKILL:Survival	RANK:46
ABILITY:CATEGORY=FEAT|Ability Focus (transfixing gaze)
ABILITY:CATEGORY=FEAT|Ability Focus (disease)
ABILITY:CATEGORY=FEAT|Blind-Fight
ABILITY:CATEGORY=FEAT|Cleave
ABILITY:CATEGORY=FEAT|Combat Reflexes
ABILITY:CATEGORY=FEAT|Craft Staff
ABILITY:CATEGORY=FEAT|Critical Focus
ABILITY:CATEGORY=FEAT|Empower Spell
ABILITY:CATEGORY=FEAT|Extend Spell
ABILITY:CATEGORY=FEAT|Great Cleave
ABILITY:CATEGORY=FEAT|Great Fortitude
ABILITY:CATEGORY=FEAT|Improved Critical (slam)
ABILITY:CATEGORY=FEAT|Improved Initiative
ABILITY:CATEGORY=FEAT|Improved Vital Strike
ABILITY:CATEGORY=FEAT|Iron Will
ABILITY:CATEGORY=FEAT|Lightning Reflexes
ABILITY:CATEGORY=FEAT|Maximize Spell
ABILITY:CATEGORY=FEAT|Power Attack
ABILITY:CATEGORY=FEAT|Quicken Spell
ABILITY:CATEGORY=FEAT|Quicken Spell-Like Ability (wall of fire)
ABILITY:CATEGORY=FEAT|Quicken Spell- Like Ability (wall of ice)
ABILITY:CATEGORY=FEAT|Silent Spell
ABILITY:CATEGORY=FEAT|Toughness
ABILITY:CATEGORY=FEAT|Vital Strike
ABILITY:CATEGORY=FEAT|Weapon Focus (slam)

STARTPACK:Thorny Default	TYPE:Default Monster.Plant	VISIBLE:QUALIFY	EQUIPBUY:0	PREMULT:1,[PRERACE:1,Thorny],[!PRERACE:1,%]
ALIGN:TN
RACE:Thorny	!PRERACE:1,%
NAME:Thorny
STAT:STR=10|DEX=10|CON=10|INT=10|WIS=10|CHA=10
SKILL:Perception	RANK:4
SKILL:Stealth	RANK:4
ABILITY:CATEGORY=FEAT|Combat Reflexes
ABILITY:CATEGORY=FEAT|Skill Focus (Perception)

STARTPACK:Thunder Beast Default	TYPE:Default Monster.Magical Beast	VISIBLE:QUALIFY	EQUIPBUY:0	PREMULT:1,[PRERACE:1,Thunder Beast],[!PRERACE:1,%]
ALIGN:TN
RACE:Thunder Beast	!PRERACE:1,%
NAME:Thunder Beast
STAT:STR=10|DEX=10|CON=10|INT=10|WIS=10|CHA=10
SKILL:Perception	RANK:6
ABILITY:CATEGORY=FEAT|Power Attack
ABILITY:CATEGORY=FEAT|Toughness
ABILITY:CATEGORY=FEAT|Vital Strike

STARTPACK:Thundershrike Default	TYPE:Default Monster.Magical Beast	VISIBLE:QUALIFY	EQUIPBUY:0	PREMULT:1,[PRERACE:1,Thundershrike],[!PRERACE:1,%]
ALIGN:TN
RACE:Thundershrike	!PRERACE:1,%
NAME:Thundershrike
STAT:STR=10|DEX=10|CON=10|INT=10|WIS=10|CHA=10
SKILL:Fly	RANK:3
SKILL:Knowledge (Nature)	RANK:6
SKILL:Perception	RANK:11
SKILL:Spellcraft	RANK:8
SKILL:Survival	RANK:4
ABILITY:CATEGORY=FEAT|Flyby Attack
ABILITY:CATEGORY=FEAT|Hover
ABILITY:CATEGORY=FEAT|Power Attack
ABILITY:CATEGORY=FEAT|Snatch
ABILITY:CATEGORY=FEAT|Vital Strike
ABILITY:CATEGORY=FEAT|Weapon Focus (bite)
ABILITY:CATEGORY=FEAT|Wingover

STARTPACK:Time Flayer Default	TYPE:Default Monster.Outsider	VISIBLE:QUALIFY	EQUIPBUY:0	PREMULT:1,[PRERACE:1,Time Flayer],[!PRERACE:1,%]
ALIGN:NE
RACE:Time Flayer	!PRERACE:1,%
NAME:Time Flayer
STAT:STR=10|DEX=10|CON=10|INT=10|WIS=10|CHA=10
SKILL:Acrobatics	RANK:11
SKILL:Bluff	RANK:13
SKILL:Climb	RANK:3
SKILL:Diplomacy	RANK:12
SKILL:Escape Artist	RANK:11
SKILL:Intimidate	RANK:13
SKILL:Knowledge (History)	RANK:13
SKILL:Knowledge (Planes)	RANK:13
SKILL:Perception	RANK:13
SKILL:Sense Motive	RANK:13
SKILL:Stealth	RANK:13
SKILL:Survival	RANK:13
ABILITY:CATEGORY=FEAT|Dodge
ABILITY:CATEGORY=FEAT|Great Fortitude
ABILITY:CATEGORY=FEAT|Improved Initiative
ABILITY:CATEGORY=FEAT|Lightning Reflexes
ABILITY:CATEGORY=FEAT|Mobility
ABILITY:CATEGORY=FEAT|Skill Focus (stealth)
ABILITY:CATEGORY=FEAT|Weapon Focus (greatsword)

STARTPACK:Tiny Monstrous Sea Wasp Default	TYPE:Default Monster.Vermin	VISIBLE:QUALIFY	EQUIPBUY:0	PREMULT:1,[PRERACE:1,Tiny Monstrous Sea Wasp],[!PRERACE:1,%]
ALIGN:TN
RACE:Tiny Monstrous Sea Wasp	!PRERACE:1,%
NAME:Tiny Monstrous Sea Wasp
STAT:STR=10|DEX=10|CON=10|WIS=10|CHA=10
SKILL:Escape Artist	RANK:1
SKILL:Perception	RANK:1
SKILL:Stealth	RANK:1
SKILL:Swim	RANK:1
ABILITY:CATEGORY=FEAT|Weapon Finesse

STARTPACK:Titivilus Default	TYPE:Default Monster.Outsider	VISIBLE:QUALIFY	EQUIPBUY:0	PREMULT:1,[PRERACE:1,Titivilus],[!PRERACE:1,%]
ALIGN:LE
RACE:Titivilus	!PRERACE:1,%
NAME:Titivilus
STAT:STR=10|DEX=10|CON=10|INT=10|WIS=10|CHA=10
SKILL:Appraise	RANK:16
SKILL:Bluff	RANK:19
SKILL:Diplomacy	RANK:19
SKILL:Escape Artist	RANK:19
SKILL:Fly	RANK:19
SKILL:Intimidate	RANK:19
SKILL:Knowledge (Arcana)	RANK:16
SKILL:Knowledge (History)	RANK:16
SKILL:Knowledge (Local)	RANK:16
SKILL:Knowledge (Planes)	RANK:19
SKILL:Knowledge (Religion)	RANK:16
SKILL:Perception	RANK:19
SKILL:Sense Motive	RANK:19
SKILL:Stealth	RANK:19
SKILL:Survival	RANK:19
ABILITY:CATEGORY=FEAT|Alertness
ABILITY:CATEGORY=FEAT|Cleave
ABILITY:CATEGORY=FEAT|Great Cleave
ABILITY:CATEGORY=FEAT|Improved Initiative
ABILITY:CATEGORY=FEAT|Iron Will
ABILITY:CATEGORY=FEAT|Lightning Reflexes
ABILITY:CATEGORY=FEAT|Persuasive
ABILITY:CATEGORY=FEAT|Power Attack
ABILITY:CATEGORY=FEAT|Quicken Spell-Like Ability (confusion)
ABILITY:CATEGORY=FEAT|Vital Strike

STARTPACK:Tombstone Fairy Default	TYPE:Default Monster.Fey	VISIBLE:QUALIFY	EQUIPBUY:0	PREMULT:1,[PRERACE:1,Tombstone Fairy],[!PRERACE:1,%]
ALIGN:NE
RACE:Tombstone Fairy	!PRERACE:1,%
NAME:Tombstone Fairy
STAT:STR=10|DEX=10|CON=10|INT=10|WIS=10|CHA=10
SKILL:Acrobatics	RANK:5
SKILL:Bluff	RANK:15
SKILL:Craft (any)	RANK:5
SKILL:Diplomacy	RANK:15
SKILL:Escape Artist	RANK:15
SKILL:Heal	RANK:12
SKILL:Intimidate	RANK:12
SKILL:Knowledge (Religion)	RANK:2
SKILL:Perception	RANK:15
SKILL:Sense Motive	RANK:15
SKILL:Stealth	RANK:15
ABILITY:CATEGORY=FEAT|Alertness
ABILITY:CATEGORY=FEAT|Blind-Fight
ABILITY:CATEGORY=FEAT|Combat Casting
ABILITY:CATEGORY=FEAT|Dodge
ABILITY:CATEGORY=FEAT|Great Fortitude
ABILITY:CATEGORY=FEAT|Improved Initiative
ABILITY:CATEGORY=FEAT|Iron Will
ABILITY:CATEGORY=FEAT|Weapon Finesse

STARTPACK:Tormentor Devil Default	TYPE:Default Monster.Outsider	VISIBLE:QUALIFY	EQUIPBUY:0	PREMULT:1,[PRERACE:1,Tormentor Devil],[!PRERACE:1,%]
ALIGN:LE
RACE:Tormentor Devil	!PRERACE:1,%
NAME:Tormentor Devil
STAT:STR=10|DEX=10|CON=10|INT=10|WIS=10|CHA=10
SKILL:Bluff	RANK:8
SKILL:Diplomacy	RANK:8
SKILL:Escape Artist	RANK:8
SKILL:Intimidate	RANK:8
SKILL:Knowledge (Planes)	RANK:8
SKILL:Perception	RANK:8
SKILL:Sense Motive	RANK:8
SKILL:Survival	RANK:8
ABILITY:CATEGORY=FEAT|Alertness
ABILITY:CATEGORY=FEAT|Improved Initiative
ABILITY:CATEGORY=FEAT|Power Attack
ABILITY:CATEGORY=FEAT|Skill Focus (Bluff)

STARTPACK:Transposer Default	TYPE:Default Monster.Aberration	VISIBLE:QUALIFY	EQUIPBUY:0	PREMULT:1,[PRERACE:1,Transposer],[!PRERACE:1,%]
ALIGN:TN
RACE:Transposer	!PRERACE:1,%
NAME:Transposer
STAT:STR=10|DEX=10|CON=10|INT=10|WIS=10|CHA=10
SKILL:Bluff	RANK:3
SKILL:Disguise	RANK:6
SKILL:Perception	RANK:6
ABILITY:CATEGORY=FEAT|Dodge
ABILITY:CATEGORY=FEAT|Skill Focus (Disguise)
ABILITY:CATEGORY=FEAT|Skill Focus (Perception)

STARTPACK:Tri-flower Frond Default	TYPE:Default Monster.Plant	VISIBLE:QUALIFY	EQUIPBUY:0	PREMULT:1,[PRERACE:1,Tri-flower Frond],[!PRERACE:1,%]
ALIGN:TN
RACE:Tri-flower Frond	!PRERACE:1,%
NAME:Tri-flower Frond
STAT:STR=10|DEX=10|CON=10|WIS=10|CHA=10

STARTPACK:Troblin Default	TYPE:Default Monster.Humanoid	VISIBLE:QUALIFY	EQUIPBUY:0	PREMULT:1,[PRERACE:1,Troblin],[!PRERACE:1,%]
ALIGN:CE
RACE:Troblin	!PRERACE:1,%
NAME:Troblin
STAT:STR=10|DEX=10|CON=10|INT=10|WIS=10|CHA=10
SKILL:Perception	RANK:1
SKILL:Stealth	RANK:1
ABILITY:CATEGORY=FEAT|Great Fortitude
ABILITY:CATEGORY=FEAT|Toughness

STARTPACK:Tsathar Default	TYPE:Default Monster.Monstrous Humanoid	VISIBLE:QUALIFY	EQUIPBUY:0	PREMULT:1,[PRERACE:1,Tsathar],[!PRERACE:1,%]
ALIGN:CE
RACE:Tsathar	!PRERACE:1,%
NAME:Tsathar
STAT:STR=10|DEX=10|CON=10|INT=10|WIS=10|CHA=10
SKILL:Acrobatics	RANK:1
SKILL:Climb	RANK:1
SKILL:Escape Artist	RANK:2
SKILL:Perception	RANK:2
SKILL:Stealth	RANK:1
SKILL:Swim	RANK:2
ABILITY:CATEGORY=FEAT|Skill Focus (Perception)
ABILITY:CATEGORY=FEAT|Improved Initiative

STARTPACK:Tsathar Scourge Default	TYPE:Default Monster.Monstrous Humanoid	VISIBLE:QUALIFY	EQUIPBUY:0	PREMULT:1,[PRERACE:1,Tsathar Scourge],[!PRERACE:1,%]
ALIGN:CE
RACE:Tsathar Scourge	!PRERACE:1,%
NAME:Tsathar Scourge
STAT:STR=10|DEX=10|CON=10|INT=10|WIS=10|CHA=10
SKILL:Acrobatics	RANK:1
SKILL:Climb	RANK:1
SKILL:Escape Artist	RANK:4
SKILL:Handle Animal	RANK:3
SKILL:Perception	RANK:4
SKILL:Stealth	RANK:3
SKILL:Swim	RANK:4
ABILITY:CATEGORY=FEAT|Skill Focus (Perception)
ABILITY:CATEGORY=FEAT|Improved Initiative
ABILITY:CATEGORY=FEAT|Toughness

STARTPACK:Tsathogga Default	TYPE:Default Monster.Outsider	VISIBLE:QUALIFY	EQUIPBUY:0	PREMULT:1,[PRERACE:1,Tsathogga],[!PRERACE:1,%]
ALIGN:CE
RACE:Tsathogga	!PRERACE:1,%
NAME:Tsathogga
STAT:STR=10|DEX=10|CON=10|INT=10|WIS=10|CHA=10
SKILL:Bluff	RANK:42
SKILL:Diplomacy	RANK:42
SKILL:Intimidate	RANK:42
SKILL:Knowledge (Arcana)	RANK:39
SKILL:Knowledge (History)	RANK:39
SKILL:Knowledge (Planes)	RANK:42
SKILL:Knowledge (Religion)	RANK:42
SKILL:Perception	RANK:42
SKILL:Sense Motive	RANK:42
SKILL:Spellcraft	RANK:39
SKILL:Survival	RANK:42
SKILL:Swim	RANK:42
ABILITY:CATEGORY=FEAT|Bleeding Critical
ABILITY:CATEGORY=FEAT|Blind-Fight
ABILITY:CATEGORY=FEAT|Cleave
ABILITY:CATEGORY=FEAT|Combat Casting
ABILITY:CATEGORY=FEAT|Combat Expertise
ABILITY:CATEGORY=FEAT|Critical Focus
ABILITY:CATEGORY=FEAT|Empower Spell
ABILITY:CATEGORY=FEAT|Enlarge Spell
ABILITY:CATEGORY=FEAT|Extend Spell
ABILITY:CATEGORY=FEAT|Great Cleave
ABILITY:CATEGORY=FEAT|Improved Bull Rush
ABILITY:CATEGORY=FEAT|Improved Critical (bite)
ABILITY:CATEGORY=FEAT|Improved Initiative
ABILITY:CATEGORY=FEAT|Improved Overrun
ABILITY:CATEGORY=FEAT|Maximize Spell
ABILITY:CATEGORY=FEAT|Power Attack
ABILITY:CATEGORY=FEAT|Sickening Critical
ABILITY:CATEGORY=FEAT|Silent Spell
ABILITY:CATEGORY=FEAT|Weapon Focus (bite)
ABILITY:CATEGORY=FEAT|Weapon Focus (claw)
ABILITY:CATEGORY=FEAT|Weapon Focus (tongue)

STARTPACK:Tunnel Worm Default	TYPE:Default Monster.Magical Beast	VISIBLE:QUALIFY	EQUIPBUY:0	PREMULT:1,[PRERACE:1,Tunnel Worm],[!PRERACE:1,%]
ALIGN:TN
RACE:Tunnel Worm	!PRERACE:1,%
NAME:Tunnel Worm
STAT:STR=10|DEX=10|CON=10|INT=10|WIS=10|CHA=10
SKILL:Perception	RANK:9
ABILITY:CATEGORY=FEAT|Iron Will
ABILITY:CATEGORY=FEAT|Lightning Reflexes
ABILITY:CATEGORY=FEAT|Toughness
ABILITY:CATEGORY=FEAT|Skill Focus (Perception)
ABILITY:CATEGORY=FEAT|Weapon Focus (bite)

STARTPACK:Turtle-shark Default	TYPE:Default Monster.Magical Beast	VISIBLE:QUALIFY	EQUIPBUY:0	PREMULT:1,[PRERACE:1,Turtle-shark],[!PRERACE:1,%]
ALIGN:TN
RACE:Turtle-shark	!PRERACE:1,%
NAME:Turtle-shark
STAT:STR=10|DEX=10|CON=10|INT=10|WIS=10|CHA=10
SKILL:Perception	RANK:6
SKILL:Swim	RANK:5
ABILITY:CATEGORY=FEAT|Cleave
ABILITY:CATEGORY=FEAT|Power Attack
ABILITY:CATEGORY=FEAT|Weapon Focus (bite)

STARTPACK:Two-headed Troll Default	TYPE:Default Monster.Humanoid	VISIBLE:QUALIFY	EQUIPBUY:0	PREMULT:1,[PRERACE:1,Two-headed Troll],[!PRERACE:1,%]
ALIGN:CE
RACE:Two-headed Troll	!PRERACE:1,%
NAME:Two-headed Troll
STAT:STR=10|DEX=10|CON=10|INT=10|WIS=10|CHA=10
SKILL:Perception	RANK:10
ABILITY:CATEGORY=FEAT|Cleave
ABILITY:CATEGORY=FEAT|Iron Will
ABILITY:CATEGORY=FEAT|Power Attack
ABILITY:CATEGORY=FEAT|Skill Focus (Perception)
ABILITY:CATEGORY=FEAT|Toughness

STARTPACK:Ubue Default	TYPE:Default Monster.Humanoid	VISIBLE:QUALIFY	EQUIPBUY:0	PREMULT:1,[PRERACE:1,Ubue],[!PRERACE:1,%]
ALIGN:CN
RACE:Ubue	!PRERACE:1,%
NAME:Ubue
STAT:STR=10|DEX=10|CON=10|INT=10|WIS=10|CHA=10
SKILL:Climb	RANK:1
SKILL:Intimidate	RANK:1
SKILL:Perception	RANK:3
ABILITY:CATEGORY=FEAT|Power Attack
ABILITY:CATEGORY=FEAT|Weapon Focus (club)

STARTPACK:Undead Ooze Default	TYPE:Default Monster.Undead	VISIBLE:QUALIFY	EQUIPBUY:0	PREMULT:1,[PRERACE:1,Undead Ooze],[!PRERACE:1,%]
ALIGN:NE
RACE:Undead Ooze	!PRERACE:1,%
NAME:Undead Ooze
STAT:STR=10|DEX=10|WIS=10|CHA=10
SKILL:Climb	RANK:5

STARTPACK:Undead Raven Swarm Default	TYPE:Default Monster.Undead	VISIBLE:QUALIFY	EQUIPBUY:0	PREMULT:1,[PRERACE:1,Undead Raven Swarm],[!PRERACE:1,%]
ALIGN:NE
RACE:Undead Raven Swarm	!PRERACE:1,%
NAME:Undead Raven Swarm
STAT:STR=10|DEX=10|INT=10|WIS=10|CHA=10
SKILL:Fly	RANK:5
SKILL:Perception	RANK:14
ABILITY:CATEGORY=FEAT|Great Fortitude
ABILITY:CATEGORY=FEAT|Improved Initiative
ABILITY:CATEGORY=FEAT|Iron Will
ABILITY:CATEGORY=FEAT|Lightning Reflexes
ABILITY:CATEGORY=FEAT|Skill Focus (Perception)
ABILITY:CATEGORY=FEAT|Toughness
ABILITY:CATEGORY=FEAT|Weapon Finesse

STARTPACK:Vampire Rose Default	TYPE:Default Monster.Plant	VISIBLE:QUALIFY	EQUIPBUY:0	PREMULT:1,[PRERACE:1,Vampire Rose],[!PRERACE:1,%]
ALIGN:TN
RACE:Vampire Rose	!PRERACE:1,%
NAME:Vampire Rose
STAT:STR=10|DEX=10|CON=10|WIS=10|CHA=10

STARTPACK:Vampiric Ooze Default	TYPE:Default Monster.Undead	VISIBLE:QUALIFY	EQUIPBUY:0	PREMULT:1,[PRERACE:1,Vampiric Ooze],[!PRERACE:1,%]
ALIGN:CE
RACE:Vampiric Ooze	!PRERACE:1,%
NAME:Vampiric Ooze
STAT:STR=10|DEX=10|WIS=10|CHA=10
SKILL:Climb	RANK:5
SKILL:Perception	RANK:5
ABILITY:CATEGORY=FEAT|Improved Inititiative
ABILITY:CATEGORY=FEAT|Toughness

STARTPACK:Vapor Dire Rat Default	TYPE:Default Monster.Magical Beast	VISIBLE:QUALIFY	EQUIPBUY:0	PREMULT:1,[PRERACE:1,Vapor Dire Rat],[!PRERACE:1,%]
ALIGN:TN
RACE:Vapor Dire Rat	!PRERACE:1,%
NAME:Vapor Dire Rat
STAT:STR=10|DEX=10|CON=10|INT=10|WIS=10|CHA=10
SKILL:Climb	RANK:1
SKILL:Stealth	RANK:1
SKILL:Swim	RANK:1
ABILITY:CATEGORY=FEAT|Weapon Finesse

STARTPACK:Vapor Wasp Default	TYPE:Default Monster.Magical Beast	VISIBLE:QUALIFY	EQUIPBUY:0	PREMULT:1,[PRERACE:1,Vapor Wasp],[!PRERACE:1,%]
ALIGN:TN
RACE:Vapor Wasp	!PRERACE:1,%
NAME:Vapor Wasp
STAT:STR=10|DEX=10|CON=10|INT=10|WIS=10|CHA=10
SKILL:Fly	RANK:3
SKILL:Perception	RANK:5
ABILITY:CATEGORY=FEAT|Fly-by Attack
ABILITY:CATEGORY=FEAT|Power Attack
ABILITY:CATEGORY=FEAT|Skill Focus (Perception)

STARTPACK:Vegepygmy Bodyguard Default	TYPE:Default Monster.Plant	VISIBLE:QUALIFY	EQUIPBUY:0	PREMULT:1,[PRERACE:1,Vegepygmy Bodyguard],[!PRERACE:1,%]
ALIGN:TN
RACE:Vegepygmy Bodyguard	!PRERACE:1,%
NAME:Vegepygmy Bodyguard
STAT:STR=10|DEX=10|CON=10|INT=10|WIS=10|CHA=10
SKILL:Perception	RANK:5
SKILL:Stealth	RANK:5
ABILITY:CATEGORY=FEAT|Skill Focus (Perception)
ABILITY:CATEGORY=FEAT|Toughness
ABILITY:CATEGORY=FEAT|Weapon Focus (spear)

STARTPACK:Vegepygmy Chief Default	TYPE:Default Monster.Plant	VISIBLE:QUALIFY	EQUIPBUY:0	PREMULT:1,[PRERACE:1,Vegepygmy Chief],[!PRERACE:1,%]
ALIGN:TN
RACE:Vegepygmy Chief	!PRERACE:1,%
NAME:Vegepygmy Chief
STAT:STR=10|DEX=10|CON=10|INT=10|WIS=10|CHA=10
SKILL:Diplomacy	RANK:1
SKILL:Intimidate	RANK:2
SKILL:Perception	RANK:9
SKILL:Stealth	RANK:9
SKILL:Survival	RANK:1
ABILITY:CATEGORY=FEAT|Cleave
ABILITY:CATEGORY=FEAT|Power Attack
ABILITY:CATEGORY=FEAT|Skill Focus (Perception)
ABILITY:CATEGORY=FEAT|Toughness
ABILITY:CATEGORY=FEAT|Weapon Focus (spear)

STARTPACK:Vegepygmy Commoner Default	TYPE:Default Monster.Plant	VISIBLE:QUALIFY	EQUIPBUY:0	PREMULT:1,[PRERACE:1,Vegepygmy Commoner],[!PRERACE:1,%]
ALIGN:TN
RACE:Vegepygmy Commoner	!PRERACE:1,%
NAME:Vegepygmy Commoner
STAT:STR=10|DEX=10|CON=10|INT=10|WIS=10|CHA=10
SKILL:Perception	RANK:1
SKILL:Stealth	RANK:1
ABILITY:CATEGORY=FEAT|Skill Focus (Perception)

STARTPACK:Vegepygmy Guard Default	TYPE:Default Monster.Plant	VISIBLE:QUALIFY	EQUIPBUY:0	PREMULT:1,[PRERACE:1,Vegepygmy Guard],[!PRERACE:1,%]
ALIGN:TN
RACE:Vegepygmy Guard	!PRERACE:1,%
NAME:Vegepygmy Guard
STAT:STR=10|DEX=10|CON=10|INT=10|WIS=10|CHA=10
SKILL:Perception	RANK:4
SKILL:Stealth	RANK:4
ABILITY:CATEGORY=FEAT|Skill Focus (Perception)
ABILITY:CATEGORY=FEAT|Toughness

STARTPACK:Vegepygmy Subchief Default	TYPE:Default Monster.Plant	VISIBLE:QUALIFY	EQUIPBUY:0	PREMULT:1,[PRERACE:1,Vegepygmy Subchief],[!PRERACE:1,%]
ALIGN:TN
RACE:Vegepygmy Subchief	!PRERACE:1,%
NAME:Vegepygmy Subchief
STAT:STR=10|DEX=10|CON=10|INT=10|WIS=10|CHA=10
SKILL:Perception	RANK:6
SKILL:Stealth	RANK:6
ABILITY:CATEGORY=FEAT|Skill Focus (Perception)
ABILITY:CATEGORY=FEAT|Toughness
ABILITY:CATEGORY=FEAT|Weapon Focus (spear)

STARTPACK:Vegepygmy Worker Default	TYPE:Default Monster.Plant	VISIBLE:QUALIFY	EQUIPBUY:0	PREMULT:1,[PRERACE:1,Vegepygmy Worker],[!PRERACE:1,%]
ALIGN:TN
RACE:Vegepygmy Worker	!PRERACE:1,%
NAME:Vegepygmy Worker
STAT:STR=10|DEX=10|CON=10|INT=10|WIS=10|CHA=10
SKILL:Perception	RANK:3
SKILL:Stealth	RANK:3
ABILITY:CATEGORY=FEAT|Skill Focus (Perception)
ABILITY:CATEGORY=FEAT|Toughness

STARTPACK:Velvet Ant Swarm Default	TYPE:Default Monster.Vermin	VISIBLE:QUALIFY	EQUIPBUY:0	PREMULT:1,[PRERACE:1,Velvet Ant Swarm],[!PRERACE:1,%]
ALIGN:TN
RACE:Velvet Ant Swarm	!PRERACE:1,%
NAME:Velvet Ant Swarm
STAT:STR=10|DEX=10|CON=10|WIS=10|CHA=10
SKILL:Climb	RANK:5

STARTPACK:Vepar Default	TYPE:Default Monster.Outsider	VISIBLE:QUALIFY	EQUIPBUY:0	PREMULT:1,[PRERACE:1,Vepar],[!PRERACE:1,%]
ALIGN:CE
RACE:Vepar	!PRERACE:1,%
NAME:Vepar
STAT:STR=10|DEX=10|CON=10|INT=10|WIS=10|CHA=10
SKILL:Bluff	RANK:22
SKILL:Diplomacy	RANK:19
SKILL:Disguise	RANK:22
SKILL:Escape Artist	RANK:19
SKILL:Intimidate	RANK:19
SKILL:Knowledge (Arcana)	RANK:19
SKILL:Knowledge (Geography)	RANK:19
SKILL:Knowledge (Planes)	RANK:22
SKILL:Knowledge (Religion)	RANK:19
SKILL:Perception	RANK:22
SKILL:Sense Motive	RANK:22
SKILL:Stealth	RANK:18
SKILL:Survival	RANK:19
SKILL:Swim	RANK:8
SKILL:Use Magical Device	RANK:20
ABILITY:CATEGORY=FEAT|Alertness
ABILITY:CATEGORY=FEAT|Blind-Fight
ABILITY:CATEGORY=FEAT|Cleave
ABILITY:CATEGORY=FEAT|Deceitful
ABILITY:CATEGORY=FEAT|Great Fortitude
ABILITY:CATEGORY=FEAT|Improved Critical (trident)
ABILITY:CATEGORY=FEAT|Improved Initiative
ABILITY:CATEGORY=FEAT|Power Attack
ABILITY:CATEGORY=FEAT|Quicken Spell-Like Ability (ice storm)
ABILITY:CATEGORY=FEAT|Weapon Focus (claw)
ABILITY:CATEGORY=FEAT|Weapon Focus (trident)

STARTPACK:Vilstrak Default	TYPE:Default Monster.Aberration	VISIBLE:QUALIFY	EQUIPBUY:0	PREMULT:1,[PRERACE:1,Vilstrak],[!PRERACE:1,%]
ALIGN:NE
RACE:Vilstrak	!PRERACE:1,%
NAME:Vilstrak
STAT:STR=10|DEX=10|CON=10|INT=10|WIS=10|CHA=10
SKILL:Perception	RANK:1
SKILL:Stealth	RANK:1
ABILITY:CATEGORY=FEAT|Skill Focus (Perception)

STARTPACK:Volcano Giant Default	TYPE:Default Monster.Humanoid	VISIBLE:QUALIFY	EQUIPBUY:0	PREMULT:1,[PRERACE:1,Volcano Giant],[!PRERACE:1,%]
ALIGN:CN
RACE:Volcano Giant	!PRERACE:1,%
NAME:Volcano Giant
STAT:STR=10|DEX=10|CON=10|INT=10|WIS=10|CHA=10
SKILL:Acrobatics	RANK:10
SKILL:Climb	RANK:4
SKILL:Intimidate	RANK:17
SKILL:Knowledge (Nature)	RANK:7
SKILL:Perception	RANK:13
ABILITY:CATEGORY=FEAT|Awesome Blow
ABILITY:CATEGORY=FEAT|Cleave
ABILITY:CATEGORY=FEAT|Diehard
ABILITY:CATEGORY=FEAT|Endurance
ABILITY:CATEGORY=FEAT|Improved Bull Rush
ABILITY:CATEGORY=FEAT|Improved Sunder
ABILITY:CATEGORY=FEAT|Intimidating Prowess
ABILITY:CATEGORY=FEAT|Iron Will
ABILITY:CATEGORY=FEAT|Power Attack
ABILITY:CATEGORY=FEAT|Vital Strike

STARTPACK:Volt Default	TYPE:Default Monster.Aberration	VISIBLE:QUALIFY	EQUIPBUY:0	PREMULT:1,[PRERACE:1,Volt],[!PRERACE:1,%]
ALIGN:TN
RACE:Volt	!PRERACE:1,%
NAME:Volt
STAT:STR=10|DEX=10|CON=10|INT=10|WIS=10|CHA=10
SKILL:Fly	RANK:3
SKILL:Perception	RANK:3
ABILITY:CATEGORY=FEAT|Lightning Reflexes
ABILITY:CATEGORY=FEAT|Weapon Finesse

STARTPACK:Vorin Default	TYPE:Default Monster.Aberration	VISIBLE:QUALIFY	EQUIPBUY:0	PREMULT:1,[PRERACE:1,Vorin],[!PRERACE:1,%]
ALIGN:CE
RACE:Vorin	!PRERACE:1,%
NAME:Vorin
STAT:STR=10|DEX=10|CON=10|INT=10|WIS=10|CHA=10
SKILL:Escape Artist	RANK:1
SKILL:Perception	RANK:10
SKILL:Sense Motive	RANK:1
SKILL:Stealth	RANK:6
ABILITY:CATEGORY=FEAT|Alertness
ABILITY:CATEGORY=FEAT|Cleave
ABILITY:CATEGORY=FEAT|Improved Initiative
ABILITY:CATEGORY=FEAT|Improved Natural Attack (sting)
ABILITY:CATEGORY=FEAT|Power Attack
ABILITY:CATEGORY=FEAT|Skill Focus (Stealth)
ABILITY:CATEGORY=FEAT|Stealthy
ABILITY:CATEGORY=FEAT|Weapon Focus (spit)
ABILITY:CATEGORY=FEAT|Weapon Focus (sting)

STARTPACK:Vulchling Default	TYPE:Default Monster.Magical Beast	VISIBLE:QUALIFY	EQUIPBUY:0	PREMULT:1,[PRERACE:1,Vulchling],[!PRERACE:1,%]
ALIGN:CE
RACE:Vulchling	!PRERACE:1,%
NAME:Vulchling
STAT:STR=10|DEX=10|CON=10|INT=10|WIS=10|CHA=10
SKILL:Perception	RANK:1
SKILL:Stealth	RANK:1
ABILITY:CATEGORY=FEAT|Dodge
ABILITY:CATEGORY=FEAT|Weapon Finesse

STARTPACK:Wang Liang Default	TYPE:Default Monster.Outsider	VISIBLE:QUALIFY	EQUIPBUY:0	PREMULT:1,[PRERACE:1,Wang Liang],[!PRERACE:1,%]
ALIGN:LE
RACE:Wang Liang	!PRERACE:1,%
NAME:Wang Liang
STAT:STR=10|DEX=10|CON=10|INT=10|WIS=10|CHA=10
SKILL:Bluff	RANK:4
SKILL:Climb	RANK:4
SKILL:Intimidate	RANK:2
SKILL:Knowledge (Planes)	RANK:2
SKILL:Perception	RANK:4
SKILL:Sense Motive	RANK:4
SKILL:Survival	RANK:4
ABILITY:CATEGORY=FEAT|Improved Initiative
ABILITY:CATEGORY=FEAT|Weapon Finesse

STARTPACK:Warden Jack Swarm Default	TYPE:Default Monster.Construct	VISIBLE:QUALIFY	EQUIPBUY:0	PREMULT:1,[PRERACE:1,Warden Jack Swarm],[!PRERACE:1,%]
ALIGN:TN
RACE:Warden Jack Swarm	!PRERACE:1,%
NAME:Warden Jack Swarm
STAT:STR=10|DEX=10|WIS=10|CHA=10

STARTPACK:Water Elemental Construct Default	TYPE:Default Monster.Construct	VISIBLE:QUALIFY	EQUIPBUY:0	PREMULT:1,[PRERACE:1,Water Elemental Construct],[!PRERACE:1,%]
ALIGN:TN
RACE:Water Elemental Construct	!PRERACE:1,%
NAME:Water Elemental Construct
STAT:STR=10|DEX=10|WIS=10|CHA=10
SKILL:Swim	RANK:5

STARTPACK:Well Lurker Default	TYPE:Default Monster.Aberration	VISIBLE:QUALIFY	EQUIPBUY:0	PREMULT:1,[PRERACE:1,Well Lurker],[!PRERACE:1,%]
ALIGN:TN
RACE:Well Lurker	!PRERACE:1,%
NAME:Well Lurker
STAT:STR=10|DEX=10|CON=10|INT=10|WIS=10|CHA=10
SKILL:Perception	RANK:12
ABILITY:CATEGORY=FEAT|Alertness
ABILITY:CATEGORY=FEAT|Improved Grapple
ABILITY:CATEGORY=FEAT|Lightning Reflexes
ABILITY:CATEGORY=FEAT|Multiattack
ABILITY:CATEGORY=FEAT|Power Attack
ABILITY:CATEGORY=FEAT|Weapon Focus (tentacle)

STARTPACK:Whip Jelly Default	TYPE:Default Monster.Ooze	VISIBLE:QUALIFY	EQUIPBUY:0	PREMULT:1,[PRERACE:1,Whip Jelly],[!PRERACE:1,%]
ALIGN:TN
RACE:Whip Jelly	!PRERACE:1,%
NAME:Whip Jelly
STAT:STR=10|DEX=10|CON=10|WIS=10|CHA=10
SKILL:Climb	RANK:3

STARTPACK:White Pudding Default	TYPE:Default Monster.Ooze	VISIBLE:QUALIFY	EQUIPBUY:0	PREMULT:1,[PRERACE:1,White Pudding],[!PRERACE:1,%]
ALIGN:TN
RACE:White Pudding	!PRERACE:1,%
NAME:White Pudding
STAT:STR=10|DEX=10|CON=10|WIS=10|CHA=10
SKILL:Climb	RANK:5

STARTPACK:Widow Creeper Default	TYPE:Default Monster.Plant	VISIBLE:QUALIFY	EQUIPBUY:0	PREMULT:1,[PRERACE:1,Widow Creeper],[!PRERACE:1,%]
ALIGN:TN
RACE:Widow Creeper	!PRERACE:1,%
NAME:Widow Creeper
STAT:STR=10|DEX=10|CON=10|INT=10|WIS=10|CHA=10
SKILL:Climb	RANK:10
SKILL:Perception	RANK:15
SKILL:Stealth	RANK:2
ABILITY:CATEGORY=FEAT|Improved Initiative
ABILITY:CATEGORY=FEAT|Improved Iron Will
ABILITY:CATEGORY=FEAT|Iron Will
ABILITY:CATEGORY=FEAT|Lightning Reflexes
ABILITY:CATEGORY=FEAT|Power Attack
ABILITY:CATEGORY=FEAT|Skill Focus (Perception
ABILITY:CATEGORY=FEAT|Stealth)
ABILITY:CATEGORY=FEAT|Toughness
ABILITY:CATEGORY=FEAT|Weapon Focus (tentacle)

STARTPACK:Willow Dusk Default	TYPE:Default Monster.Plant	VISIBLE:QUALIFY	EQUIPBUY:0	PREMULT:1,[PRERACE:1,Willow Dusk],[!PRERACE:1,%]
ALIGN:CE
RACE:Willow Dusk	!PRERACE:1,%
NAME:Willow Dusk
STAT:STR=10|DEX=10|CON=10|INT=10|WIS=10|CHA=10
SKILL:Perception	RANK:17
SKILL:Stealth	RANK:4
ABILITY:CATEGORY=FEAT|Ability Focus (aura of misery)
ABILITY:CATEGORY=FEAT|Ability Focus (droning)
ABILITY:CATEGORY=FEAT|Improved Trip
ABILITY:CATEGORY=FEAT|Iron Will
ABILITY:CATEGORY=FEAT|Lightning Reflexes
ABILITY:CATEGORY=FEAT|Power Attack
ABILITY:CATEGORY=FEAT|Skill Focus (Perception)
ABILITY:CATEGORY=FEAT|Skill Focus(Stealth)
ABILITY:CATEGORY=FEAT|Toughness
ABILITY:CATEGORY=FEAT|Weapon Focus (slam)

STARTPACK:Wind Walker Default	TYPE:Default Monster.Outsider	VISIBLE:QUALIFY	EQUIPBUY:0	PREMULT:1,[PRERACE:1,Wind Walker],[!PRERACE:1,%]
ALIGN:TN
RACE:Wind Walker	!PRERACE:1,%
NAME:Wind Walker
STAT:STR=10|DEX=10|CON=10|INT=10|WIS=10|CHA=10
SKILL:Bluff	RANK:3
SKILL:Diplomacy	RANK:7
SKILL:Fly	RANK:7
SKILL:Intimidate	RANK:7
SKILL:Knowledge (Planes)	RANK:7
SKILL:Perception	RANK:7
SKILL:Sense Motive	RANK:4
SKILL:Stealth	RANK:3
ABILITY:CATEGORY=FEAT|Combat Reflexes
ABILITY:CATEGORY=FEAT|Improved Initiative
ABILITY:CATEGORY=FEAT|Power Attack
ABILITY:CATEGORY=FEAT|Toughness

STARTPACK:Witch Tree Default	TYPE:Default Monster.Plant	VISIBLE:QUALIFY	EQUIPBUY:0	PREMULT:1,[PRERACE:1,Witch Tree],[!PRERACE:1,%]
ALIGN:CE
RACE:Witch Tree	!PRERACE:1,%
NAME:Witch Tree
STAT:STR=10|DEX=10|CON=10|INT=10|WIS=10|CHA=10
SKILL:Bluff	RANK:4
SKILL:Diplomacy	RANK:4
SKILL:Knowledge (Arcana)	RANK:8
SKILL:Perception	RANK:11
SKILL:Sense Motive	RANK:1
SKILL:Spellcraft	RANK:5
ABILITY:CATEGORY=FEAT|Alertness
ABILITY:CATEGORY=FEAT|Improved Initiative
ABILITY:CATEGORY=FEAT|Iron Will
ABILITY:CATEGORY=FEAT|Lightning Reflexes
ABILITY:CATEGORY=FEAT|Power Attack
ABILITY:CATEGORY=FEAT|Weapon Focus (tendril)

STARTPACK:Witch-doll Golem Default	TYPE:Default Monster.Construct	VISIBLE:QUALIFY	EQUIPBUY:0	PREMULT:1,[PRERACE:1,Witch-doll Golem],[!PRERACE:1,%]
ALIGN:TN
RACE:Witch-doll Golem	!PRERACE:1,%
NAME:Witch-doll Golem
STAT:STR=10|DEX=10|WIS=10|CHA=10

STARTPACK:Witherstench Default	TYPE:Default Monster.Magical Beast	VISIBLE:QUALIFY	EQUIPBUY:0	PREMULT:1,[PRERACE:1,Witherstench],[!PRERACE:1,%]
ALIGN:TN
RACE:Witherstench	!PRERACE:1,%
NAME:Witherstench
STAT:STR=10|DEX=10|CON=10|INT=10|WIS=10|CHA=10
SKILL:Perception	RANK:2
ABILITY:CATEGORY=FEAT|Weapon Finesse

STARTPACK:Witherweed Default	TYPE:Default Monster.Plant	VISIBLE:QUALIFY	EQUIPBUY:0	PREMULT:1,[PRERACE:1,Witherweed],[!PRERACE:1,%]
ALIGN:TN
RACE:Witherweed	!PRERACE:1,%
NAME:Witherweed
STAT:STR=10|DEX=10|CON=10|WIS=10|CHA=10

STARTPACK:Wizard's Shackle Default	TYPE:Default Monster.Magical Beast	VISIBLE:QUALIFY	EQUIPBUY:0	PREMULT:1,[PRERACE:1,Wizard's Shackle],[!PRERACE:1,%]
ALIGN:TN
RACE:Wizard's Shackle	!PRERACE:1,%
NAME:Wizard's Shackle
STAT:STR=10|DEX=10|CON=10|INT=10|WIS=10|CHA=10
SKILL:Perception	RANK:1
ABILITY:CATEGORY=FEAT|Weapon Finesse

STARTPACK:Wolf-spider Default	TYPE:Default Monster.Magical Beast	VISIBLE:QUALIFY	EQUIPBUY:0	PREMULT:1,[PRERACE:1,Wolf-spider],[!PRERACE:1,%]
ALIGN:NE
RACE:Wolf-spider	!PRERACE:1,%
NAME:Wolf-spider
STAT:STR=10|DEX=10|CON=10|INT=10|WIS=10|CHA=10
SKILL:Acrobatics	RANK:1
SKILL:Climb	RANK:5
SKILL:Perception	RANK:6
SKILL:Sense Motive	RANK:1
SKILL:Stealth	RANK:2
SKILL:Survival	RANK:1
ABILITY:CATEGORY=FEAT|Alertness
ABILITY:CATEGORY=FEAT|Improved Initiative
ABILITY:CATEGORY=FEAT|Weapon Finesse

STARTPACK:Wood Giant Default	TYPE:Default Monster.Humanoid	VISIBLE:QUALIFY	EQUIPBUY:0	PREMULT:1,[PRERACE:1,Wood Giant],[!PRERACE:1,%]
ALIGN:CG
RACE:Wood Giant	!PRERACE:1,%
NAME:Wood Giant
STAT:STR=10|DEX=10|CON=10|INT=10|WIS=10|CHA=10
SKILL:Acrobatics	RANK:4
SKILL:Climb	RANK:7
SKILL:Perception	RANK:4
SKILL:Stealth	RANK:1
ABILITY:CATEGORY=FEAT|Deadly Aim
ABILITY:CATEGORY=FEAT|Point Blank Shot
ABILITY:CATEGORY=FEAT|Martial Weapon Proficiency (longbow)
ABILITY:CATEGORY=FEAT|Weapon Focus (longbow)

STARTPACK:Woodwose Default	TYPE:Default Monster.Fey	VISIBLE:QUALIFY	EQUIPBUY:0	PREMULT:1,[PRERACE:1,Woodwose],[!PRERACE:1,%]
ALIGN:NE
RACE:Woodwose	!PRERACE:1,%
NAME:Woodwose
STAT:STR=10|DEX=10|CON=10|INT=10|WIS=10|CHA=10
SKILL:Bluff	RANK:15
SKILL:Craft (alchemy)	RANK:17
SKILL:Craft (any)	RANK:17
SKILL:Diplomacy	RANK:10
SKILL:Knowledge (Nature)	RANK:17
SKILL:Perception	RANK:17
SKILL:Sense Motive	RANK:17
SKILL:Stealth	RANK:11
ABILITY:CATEGORY=FEAT|Alertness
ABILITY:CATEGORY=FEAT|Blind-Fight
ABILITY:CATEGORY=FEAT|Combat Casting
ABILITY:CATEGORY=FEAT|Dodge
ABILITY:CATEGORY=FEAT|Empower Spell
ABILITY:CATEGORY=FEAT|Improved Initiative
ABILITY:CATEGORY=FEAT|Quicken Spell
ABILITY:CATEGORY=FEAT|Stealthy

STARTPACK:Woolly Rhinoceros Elasmotherium Default	TYPE:Default Monster.Animal	VISIBLE:QUALIFY	EQUIPBUY:0	PREMULT:1,[PRERACE:1,Woolly Rhinoceros Elasmotherium],[!PRERACE:1,%]
ALIGN:TN
RACE:Woolly Rhinoceros Elasmotherium	!PRERACE:1,%
NAME:Woolly Rhinoceros Elasmotherium
STAT:STR=10|DEX=10|CON=10|INT=10|WIS=10|CHA=10
SKILL:Perception	RANK:15
ABILITY:CATEGORY=FEAT|Endurance
ABILITY:CATEGORY=FEAT|Great Fortitude
ABILITY:CATEGORY=FEAT|Improved Critical (gore)
ABILITY:CATEGORY=FEAT|Improved Bull Rush
ABILITY:CATEGORY=FEAT|Power Attack
ABILITY:CATEGORY=FEAT|Skill Focus (Perception)
ABILITY:CATEGORY=FEAT|Toughness
ABILITY:CATEGORY=FEAT|Weapon Focus (gore)

STARTPACK:Worker Thermite Default	TYPE:Default Monster.Vermin	VISIBLE:QUALIFY	EQUIPBUY:0	PREMULT:1,[PRERACE:1,Worker Thermite],[!PRERACE:1,%]
ALIGN:TN
RACE:Worker Thermite	!PRERACE:1,%
NAME:Worker Thermite
STAT:STR=10|DEX=10|CON=10|WIS=10|CHA=10

STARTPACK:Wrath Dragon Default	TYPE:Default Monster.Dragon	VISIBLE:QUALIFY	EQUIPBUY:0	PREMULT:1,[PRERACE:1,Wrath Dragon],[!PRERACE:1,%]
ALIGN:NG
RACE:Wrath Dragon	!PRERACE:1,%
NAME:Wrath Dragon
STAT:STR=10|DEX=10|CON=10|INT=10|WIS=10|CHA=10
SKILL:Diplomacy	RANK:30
SKILL:Fly	RANK:22
SKILL:Heal	RANK:30
SKILL:Intimidate	RANK:30
SKILL:Knowledge (Planes)	RANK:30
SKILL:Knowledge (Religion)	RANK:30
SKILL:Perception	RANK:30
SKILL:Sense Motive	RANK:30
SKILL:Use Magic Device	RANK:30
ABILITY:CATEGORY=FEAT|Alignment Channel
ABILITY:CATEGORY=FEAT|Blind-Fight
ABILITY:CATEGORY=FEAT|Cleave
ABILITY:CATEGORY=FEAT|Combat Reflexes
ABILITY:CATEGORY=FEAT|Flyby Attack
ABILITY:CATEGORY=FEAT|Great Cleave
ABILITY:CATEGORY=FEAT|Hover
ABILITY:CATEGORY=FEAT|Improved Initiative
ABILITY:CATEGORY=FEAT|Iron Will
ABILITY:CATEGORY=FEAT|Multiattack
ABILITY:CATEGORY=FEAT|Power Attack
ABILITY:CATEGORY=FEAT|Snatch
ABILITY:CATEGORY=FEAT|Weapon Focus (bite)
ABILITY:CATEGORY=FEAT|Weapon Focus (claw)
ABILITY:CATEGORY=FEAT|Turn Undead

STARTPACK:Xaphan Default	TYPE:Default Monster.Outsider	VISIBLE:QUALIFY	EQUIPBUY:0	PREMULT:1,[PRERACE:1,Xaphan],[!PRERACE:1,%]
ALIGN:LE
RACE:Xaphan	!PRERACE:1,%
NAME:Xaphan
STAT:STR=10|DEX=10|CON=10|INT=10|WIS=10|CHA=10
SKILL:Acrobatics	RANK:35
SKILL:Bluff	RANK:35
SKILL:Diplomacy	RANK:32
SKILL:Disguise	RANK:1
SKILL:Fly	RANK:33
SKILL:Heal	RANK:35
SKILL:Intimidate	RANK:35
SKILL:Knowledge (Arcana)	RANK:35
SKILL:Knowledge (Local)	RANK:32
SKILL:Knowledge (Planes)	RANK:35
SKILL:Knowledge (Religion)	RANK:32
SKILL:Perception	RANK:35
SKILL:Sense Motive	RANK:35
SKILL:Spellcraft	RANK:32
SKILL:Stealth	RANK:31
SKILL:Survival	RANK:32
ABILITY:CATEGORY=FEAT|Alertness
ABILITY:CATEGORY=FEAT|Bleeding Critical
ABILITY:CATEGORY=FEAT|Cleave
ABILITY:CATEGORY=FEAT|Combat Casting
ABILITY:CATEGORY=FEAT|Craft Wondrous Item
ABILITY:CATEGORY=FEAT|Critical Focus
ABILITY:CATEGORY=FEAT|Deceitful
ABILITY:CATEGORY=FEAT|Empower Spell
ABILITY:CATEGORY=FEAT|Great Cleave
ABILITY:CATEGORY=FEAT|Improved Critical (falchion)
ABILITY:CATEGORY=FEAT|Improved Initiative
ABILITY:CATEGORY=FEAT|Iron Will
ABILITY:CATEGORY=FEAT|Lightning Reflexes
ABILITY:CATEGORY=FEAT|Power Attack
ABILITY:CATEGORY=FEAT|Quicken Spell
ABILITY:CATEGORY=FEAT|Quicken Spell-Like Ability (fireball)
ABILITY:CATEGORY=FEAT|Weapon Focus (falchion)
ABILITY:CATEGORY=FEAT|Widen Spell

STARTPACK:Young Cloud Dragon Default	TYPE:Default Monster.Dragon	VISIBLE:QUALIFY	EQUIPBUY:0	PREMULT:1,[PRERACE:1,Young Cloud Dragon],[!PRERACE:1,%]
ALIGN:TN
RACE:Young Cloud Dragon	!PRERACE:1,%
NAME:Young Cloud Dragon
STAT:STR=10|DEX=10|CON=10|INT=10|WIS=10|CHA=10
SKILL:Bluff	RANK:8
SKILL:Diplomacy	RANK:8
SKILL:Fly	RANK:2
SKILL:Intimidate	RANK:8
SKILL:Knowledge (Arcana)	RANK:8
SKILL:Knowledge (Nature)	RANK:8
SKILL:Perception	RANK:8
SKILL:Sense Motive	RANK:8
ABILITY:CATEGORY=FEAT|Flyby Attack
ABILITY:CATEGORY=FEAT|Hover
ABILITY:CATEGORY=FEAT|Improved Initiative
ABILITY:CATEGORY=FEAT|Wingover

STARTPACK:Young Dungeon Dragon Default	TYPE:Default Monster.Dragon	VISIBLE:QUALIFY	EQUIPBUY:0	PREMULT:1,[PRERACE:1,Young Dungeon Dragon],[!PRERACE:1,%]
ALIGN:TN
RACE:Young Dungeon Dragon	!PRERACE:1,%
NAME:Young Dungeon Dragon
STAT:STR=10|DEX=10|CON=10|INT=10|WIS=10|CHA=10
SKILL:Bluff	RANK:5
SKILL:Craft (crystal carving)	RANK:5
SKILL:Craft (traps)	RANK:2
SKILL:Diplomacy	RANK:3
SKILL:Disable Device	RANK:1
SKILL:Fly	RANK:5
SKILL:Knowledge (Engineering)	RANK:5
SKILL:Perception	RANK:5
SKILL:Sense Motive	RANK:5
ABILITY:CATEGORY=FEAT|Flyby Attack
ABILITY:CATEGORY=FEAT|Master Craftsman
ABILITY:CATEGORY=FEAT|Skill Focus (Craft [crystal carving])
ABILITY:CATEGORY=FEAT|Skill Focus (Knowledge [engineering])

STARTPACK:Young Mist Dragon Default	TYPE:Default Monster.Dragon	VISIBLE:QUALIFY	EQUIPBUY:0	PREMULT:1,[PRERACE:1,Young Mist Dragon],[!PRERACE:1,%]
ALIGN:TN
RACE:Young Mist Dragon	!PRERACE:1,%
NAME:Young Mist Dragon
STAT:STR=10|DEX=10|CON=10|INT=10|WIS=10|CHA=10
SKILL:Bluff	RANK:10
SKILL:Diplomacy	RANK:10
SKILL:Fly	RANK:4
SKILL:Knowledge (Arcana)	RANK:10
SKILL:Knowledge (Nature)	RANK:10
SKILL:Perception	RANK:10
SKILL:Sense Motive	RANK:10
SKILL:Spellcraft	RANK:10
SKILL:Swim	RANK:10
ABILITY:CATEGORY=FEAT|Alertness
ABILITY:CATEGORY=FEAT|Flyby Attack
ABILITY:CATEGORY=FEAT|Hover
ABILITY:CATEGORY=FEAT|Multiattack
ABILITY:CATEGORY=FEAT|Wingover

