SOURCELONG:Bestiary 5	SOURCESHORT:B5	SOURCEWEB:http://paizo.com/products/btpy9g9x	SOURCEDATE:2015-12

STARTPACK:Aatheriexa Default	TYPE:Default Monster.Aberration	VISIBLE:QUALIFY	EQUIPBUY:0	PREMULT:1,[PRERACE:1,Aatheriexa],[!PRERACE:1,%]	SOURCEPAGE:p.7
ALIGN:NE
RACE:Aatheriexa	!PRERACE:1,%
NAME:Aatheriexa
STAT:STR=10|DEX=10|CON=10|INT=10|WIS=10|CHA=10
SKILL:Acrobatics	RANK:13
SKILL:Diplomacy	RANK:10
SKILL:Fly	RANK:12
SKILL:Knowledge (Arcana)	RANK:7
SKILL:Perception	RANK:13
SKILL:Sense Motive	RANK:10
SKILL:Spellcraft	RANK:8
SKILL:Stealth	RANK:13
SKILL:Use Magic Device	RANK:10
ABILITY:CATEGORY=FEAT|Combat Reflexes
ABILITY:CATEGORY=FEAT|Critical Focus
ABILITY:CATEGORY=FEAT|Flyby Attack
ABILITY:CATEGORY=FEAT|Hover
ABILITY:CATEGORY=FEAT|Improved Initiative
ABILITY:CATEGORY=FEAT|Skill Focus (Perception)
ABILITY:CATEGORY=FEAT|Weapon Finesse
ABILITY:CATEGORY=FEAT|Weapon Focus (tentacle)
ABILITY:CATEGORY=FEAT|Wingover

STARTPACK:Aeon (Lipika) Default	TYPE:Default Monster.Outsider	VISIBLE:QUALIFY	EQUIPBUY:0	PREMULT:1,[PRERACE:1,Aeon (Lipika)],[!PRERACE:1,%]	SOURCEPAGE:p.8
ALIGN:TN
RACE:Aeon (Lipika)	!PRERACE:1,%
NAME:Aeon (Lipika)
STAT:STR=10|DEX=10|CON=10|INT=10|WIS=10|CHA=10
SKILL:Bluff	RANK:24
SKILL:Diplomacy	RANK:21
SKILL:Fly	RANK:24
SKILL:Intimidate	RANK:21
SKILL:Knowledge (Arcana)	RANK:24
SKILL:Knowledge (History)	RANK:24
SKILL:Knowledge (Nobility)	RANK:24
SKILL:Knowledge (Planes)	RANK:24
SKILL:Knowledge (Religion)	RANK:24
SKILL:Knowledge (Dungeoneering)	RANK:11
SKILL:Knowledge (Engineering)	RANK:11
SKILL:Knowledge (Geography)	RANK:11
SKILL:Knowledge (Local)	RANK:11
SKILL:Knowledge (Nature)	RANK:11
SKILL:Perception	RANK:24
SKILL:Sense Motive	RANK:24
SKILL:Spellcraft	RANK:11
ABILITY:CATEGORY=FEAT|Combat Casting
ABILITY:CATEGORY=FEAT|Combat Reflexes
ABILITY:CATEGORY=FEAT|Dodge
ABILITY:CATEGORY=FEAT|Flyby Attack
ABILITY:CATEGORY=FEAT|Great Fortitude
ABILITY:CATEGORY=FEAT|Improved Critical (force blast)
ABILITY:CATEGORY=FEAT|Improved Great Fortitude
ABILITY:CATEGORY=FEAT|Improved Initiative
ABILITY:CATEGORY=FEAT|Improved Iron Will
ABILITY:CATEGORY=FEAT|Iron Will
ABILITY:CATEGORY=FEAT|Lightning Reflexes
ABILITY:CATEGORY=FEAT|Mobility

STARTPACK:Aeon (Othaos) Default	TYPE:Default Monster.Outsider	VISIBLE:QUALIFY	EQUIPBUY:0	PREMULT:1,[PRERACE:1,Aeon (Othaos)],[!PRERACE:1,%]	SOURCEPAGE:p.10
ALIGN:TN
RACE:Aeon (Othaos)	!PRERACE:1,%
NAME:Aeon (Othaos)
STAT:STR=10|DEX=10|CON=10|INT=10|WIS=10|CHA=10
SKILL:Fly	RANK:6
SKILL:Knowledge (Arcana)	RANK:6
SKILL:Knowledge (History)	RANK:6
SKILL:Knowledge (Nature)	RANK:6
SKILL:Knowledge (Planes)	RANK:6
SKILL:Perception	RANK:6
SKILL:Sense Motive	RANK:6
SKILL:Stealth	RANK:6
ABILITY:CATEGORY=FEAT|Dodge
ABILITY:CATEGORY=FEAT|Flyby Attack
ABILITY:CATEGORY=FEAT|Improved Initiative

STARTPACK:Agathion (Cervinal) Default	TYPE:Default Monster.Outsider	VISIBLE:QUALIFY	EQUIPBUY:0	PREMULT:1,[PRERACE:1,Agathion (Cervinal)],[!PRERACE:1,%]	SOURCEPAGE:p.12
ALIGN:NG
RACE:Agathion (Cervinal)	!PRERACE:1,%
NAME:Agathion (Cervinal)
STAT:STR=10|DEX=10|CON=10|INT=10|WIS=10|CHA=10
SKILL:Acrobatics	RANK:21
SKILL:Climb	RANK:18
SKILL:Diplomacy	RANK:21
SKILL:Intimidate	RANK:18
SKILL:Knowledge (Arcana)	RANK:21
SKILL:Knowledge (Nature)	RANK:21
SKILL:Knowledge (Planes)	RANK:21
SKILL:Perception	RANK:21
SKILL:Stealth	RANK:17
SKILL:Survival	RANK:18
ABILITY:CATEGORY=FEAT|Combat Casting
ABILITY:CATEGORY=FEAT|Combat Reflexes
ABILITY:CATEGORY=FEAT|Deadly Aim
ABILITY:CATEGORY=FEAT|Dodge
ABILITY:CATEGORY=FEAT|Lightning Reflexes
ABILITY:CATEGORY=FEAT|Manyshot
ABILITY:CATEGORY=FEAT|Mobility
ABILITY:CATEGORY=FEAT|Point-Blank Shot
ABILITY:CATEGORY=FEAT|Precise Shot
ABILITY:CATEGORY=FEAT|Rapid Shot
ABILITY:CATEGORY=FEAT|Weapon Focus (composite longbow)

STARTPACK:Agathion (Reptial) Default	TYPE:Default Monster.Outsider	VISIBLE:QUALIFY	EQUIPBUY:0	PREMULT:1,[PRERACE:1,Agathion (Reptial)],[!PRERACE:1,%]	SOURCEPAGE:p.13
ALIGN:NG
RACE:Agathion (Reptial)	!PRERACE:1,%
NAME:Agathion (Reptial)
STAT:STR=10|DEX=10|CON=10|INT=10|WIS=10|CHA=10
SKILL:Acrobatics	RANK:4
SKILL:Climb	RANK:5
SKILL:Diplomacy	RANK:2
SKILL:Intimidate	RANK:5
SKILL:Knowledge (Arcana)	RANK:2
SKILL:Knowledge (Geography)	RANK:1
SKILL:Knowledge (History)	RANK:1
SKILL:Knowledge (Nature)	RANK:1
SKILL:Knowledge (Nobility)	RANK:1
SKILL:Knowledge (Religion)	RANK:1
SKILL:Knowledge (Planes)	RANK:5
SKILL:Perception	RANK:5
SKILL:Sense Motive	RANK:5
SKILL:Spellcraft	RANK:5
SKILL:Stealth	RANK:5
ABILITY:CATEGORY=FEAT|Dodge
ABILITY:CATEGORY=FEAT|Improved Initiative
ABILITY:CATEGORY=FEAT|Scribe Scroll
ABILITY:CATEGORY=FEAT|Weapon Finesse

STARTPACK:Ahool Default	TYPE:Default Monster.Magical Beast	VISIBLE:QUALIFY	EQUIPBUY:0	PREMULT:1,[PRERACE:1,Ahool],[!PRERACE:1,%]	SOURCEPAGE:p.15
ALIGN:NE
RACE:Ahool	!PRERACE:1,%
NAME:Ahool
STAT:STR=10|DEX=10|CON=10|INT=10|WIS=10|CHA=10
SKILL:Fly	RANK:1
SKILL:Perception	RANK:6
SKILL:Stealth	RANK:3
SKILL:Survival	RANK:4
ABILITY:CATEGORY=FEAT|Flyby Attack
ABILITY:CATEGORY=FEAT|Hover
ABILITY:CATEGORY=FEAT|Improved Critical (bite)
ABILITY:CATEGORY=FEAT|Iron Will
ABILITY:CATEGORY=FEAT|Power Attack
ABILITY:CATEGORY=FEAT|Skill Focus (Perception)

STARTPACK:Akaname Default	TYPE:Default Monster.Aberration	VISIBLE:QUALIFY	EQUIPBUY:0	PREMULT:1,[PRERACE:1,Akaname],[!PRERACE:1,%]	SOURCEPAGE:p.16
ALIGN:TN
RACE:Akaname	!PRERACE:1,%
NAME:Akaname
STAT:STR=10|DEX=10|CON=10|INT=10|WIS=10|CHA=10
SKILL:Climb	RANK:2
SKILL:Escape Artist	RANK:2
SKILL:Knowledge (Dungeoneering)	RANK:2
SKILL:Perception	RANK:2
SKILL:Stealth	RANK:2
ABILITY:CATEGORY=FEAT|Power Attack

STARTPACK:Amarok Default	TYPE:Default Monster.Magical Beast	VISIBLE:QUALIFY	EQUIPBUY:0	PREMULT:1,[PRERACE:1,Amarok],[!PRERACE:1,%]	SOURCEPAGE:p.17
ALIGN:LN
RACE:Amarok	!PRERACE:1,%
NAME:Amarok
STAT:STR=10|DEX=10|CON=10|INT=10|WIS=10|CHA=10
SKILL:Perception	RANK:15
SKILL:Sense Motive	RANK:15
SKILL:Stealth	RANK:11
SKILL:Survival	RANK:12
ABILITY:CATEGORY=FEAT|Alertness
ABILITY:CATEGORY=FEAT|Cleave
ABILITY:CATEGORY=FEAT|Combat Reflexes
ABILITY:CATEGORY=FEAT|Greater Grapple
ABILITY:CATEGORY=FEAT|Improved Critical (bite)
ABILITY:CATEGORY=FEAT|Improved Grapple
ABILITY:CATEGORY=FEAT|Improved Vital Strike
ABILITY:CATEGORY=FEAT|Iron Will
ABILITY:CATEGORY=FEAT|Power Attack
ABILITY:CATEGORY=FEAT|Vital Strike

STARTPACK:Amphiptere Default	TYPE:Default Monster.Dragon	VISIBLE:QUALIFY	EQUIPBUY:0	PREMULT:1,[PRERACE:1,Amphiptere],[!PRERACE:1,%]	SOURCEPAGE:p.18
ALIGN:TN
RACE:Amphiptere	!PRERACE:1,%
NAME:Amphiptere
STAT:STR=10|DEX=10|CON=10|INT=10|WIS=10|CHA=10
SKILL:Fly	RANK:5
SKILL:Perception	RANK:5
SKILL:Sense Motive	RANK:5
SKILL:Stealth	RANK:1
ABILITY:CATEGORY=FEAT|Flyby Attack
ABILITY:CATEGORY=FEAT|Improved Initiative
ABILITY:CATEGORY=FEAT|Weapon Focus (tail)

STARTPACK:Anemos Default	TYPE:Default Monster.Outsider	VISIBLE:QUALIFY	EQUIPBUY:0	PREMULT:1,[PRERACE:1,Anemos],[!PRERACE:1,%]	SOURCEPAGE:p.20
ALIGN:TN
RACE:Anemos	!PRERACE:1,%
NAME:Anemos
STAT:STR=10|DEX=10|CON=10|INT=10|WIS=10|CHA=10
SKILL:Acrobatics	RANK:22
SKILL:Fly	RANK:22
SKILL:Knowledge (Geography)	RANK:22
SKILL:Knowledge (Nature)	RANK:22
SKILL:Knowledge (Planes)	RANK:22
SKILL:Perception	RANK:22
SKILL:Perform (wind instruments)	RANK:22
SKILL:Sense Motive	RANK:22
SKILL:Spellcraft	RANK:19
SKILL:Stealth	RANK:22
SKILL:Survival	RANK:19
SKILL:Use Magic Device	RANK:22
ABILITY:CATEGORY=FEAT|Combat Reflexes
ABILITY:CATEGORY=FEAT|Deadly Aim
ABILITY:CATEGORY=FEAT|Flyby Attack
ABILITY:CATEGORY=FEAT|Improved Critical (kinetic blast)
ABILITY:CATEGORY=FEAT|Improved Critical (spear)
ABILITY:CATEGORY=FEAT|Improved Initiative
ABILITY:CATEGORY=FEAT|Improved Iron Will
ABILITY:CATEGORY=FEAT|Improved Precise Shot
ABILITY:CATEGORY=FEAT|Iron Will
ABILITY:CATEGORY=FEAT|Point-Blank Shot
ABILITY:CATEGORY=FEAT|Precise Shot

STARTPACK:Angel (Balisse) Default	TYPE:Default Monster.Outsider	VISIBLE:QUALIFY	EQUIPBUY:0	PREMULT:1,[PRERACE:1,Angel (Balisse)],[!PRERACE:1,%]	SOURCEPAGE:p.22
ALIGN:NG
RACE:Angel (Balisse)	!PRERACE:1,%
NAME:Angel (Balisse)
STAT:STR=10|DEX=10|CON=10|INT=10|WIS=10|CHA=10
SKILL:Acrobatics	RANK:10
SKILL:Diplomacy	RANK:10
SKILL:Fly	RANK:10
SKILL:Knowledge (Planes)	RANK:10
SKILL:Knowledge (Religion)	RANK:10
SKILL:Perception	RANK:10
SKILL:Sense Motive	RANK:10
ABILITY:CATEGORY=FEAT|Dodge
ABILITY:CATEGORY=FEAT|Improved Initiative
ABILITY:CATEGORY=FEAT|Lightning Reflexes
ABILITY:CATEGORY=FEAT|Mobility
ABILITY:CATEGORY=FEAT|Power Attack

STARTPACK:Angel (Choral) Default	TYPE:Default Monster.Outsider	VISIBLE:QUALIFY	EQUIPBUY:0	PREMULT:1,[PRERACE:1,Angel (Choral)],[!PRERACE:1,%]	SOURCEPAGE:p.23
ALIGN:NG
RACE:Angel (Choral)	!PRERACE:1,%
NAME:Angel (Choral)
STAT:STR=10|DEX=10|CON=10|INT=10|WIS=10|CHA=10
SKILL:Acrobatics	RANK:8
SKILL:Diplomacy	RANK:8
SKILL:Escape Artist	RANK:5
SKILL:Fly	RANK:8
SKILL:Knowledge (Planes)	RANK:8
SKILL:Knowledge (Religion)	RANK:8
SKILL:Perception	RANK:8
SKILL:Perform (sing)	RANK:8
SKILL:Sense Motive	RANK:8
ABILITY:CATEGORY=FEAT|Alertness
ABILITY:CATEGORY=FEAT|Great Fortitude
ABILITY:CATEGORY=FEAT|Improved Initiative
ABILITY:CATEGORY=FEAT|Toughness

STARTPACK:Angel (Empyrean) Default	TYPE:Default Monster.Outsider	VISIBLE:QUALIFY	EQUIPBUY:0	PREMULT:1,[PRERACE:1,Angel (Empyrean)],[!PRERACE:1,%]	SOURCEPAGE:p.24
ALIGN:NG
RACE:Angel (Empyrean)	!PRERACE:1,%
NAME:Angel (Empyrean)
STAT:STR=10|DEX=10|CON=10|INT=10|WIS=10|CHA=10
SKILL:Craft (any)	RANK:25
SKILL:Diplomacy	RANK:25
SKILL:Disguise	RANK:5
SKILL:Fly	RANK:12
SKILL:Heal	RANK:4
SKILL:Knowledge (History)	RANK:25
SKILL:Knowledge (Planes)	RANK:25
SKILL:Knowledge (Religion)	RANK:25
SKILL:Perception	RANK:25
SKILL:Perform (any one)	RANK:25
SKILL:Sense Motive	RANK:25
SKILL:Spellcraft	RANK:22
SKILL:Stealth	RANK:21
SKILL:Use Magic Device	RANK:22
ABILITY:CATEGORY=FEAT|Combat Reflexes
ABILITY:CATEGORY=FEAT|Dazing Assault
ABILITY:CATEGORY=FEAT|Deadly Aim
ABILITY:CATEGORY=FEAT|Furious Focus
ABILITY:CATEGORY=FEAT|Improved Critical (halberd)
ABILITY:CATEGORY=FEAT|Improved Initiative
ABILITY:CATEGORY=FEAT|Lightning Reflexes
ABILITY:CATEGORY=FEAT|Manyshot
ABILITY:CATEGORY=FEAT|Point-Blank Shot
ABILITY:CATEGORY=FEAT|Power Attack
ABILITY:CATEGORY=FEAT|Quicken Spell
ABILITY:CATEGORY=FEAT|Rapid Shot
ABILITY:CATEGORY=FEAT|Weapon Focus (halberd)

STARTPACK:Animate Hair Default	TYPE:Default Monster.Ooze	VISIBLE:QUALIFY	EQUIPBUY:0	PREMULT:1,[PRERACE:1,Animate Hair],[!PRERACE:1,%]	SOURCEPAGE:p.26
ALIGN:NE
RACE:Animate Hair	!PRERACE:1,%
NAME:Animate Hair
STAT:STR=10|DEX=10|CON=10|INT=10|WIS=10|CHA=10
SKILL:Climb	RANK:2
SKILL:Disguise	RANK:1
ABILITY:CATEGORY=FEAT|Improved Grapple
ABILITY:CATEGORY=FEAT|Improved Initiative

STARTPACK:Ant (Knight Ant) Default	TYPE:Default Monster.Vermin	VISIBLE:QUALIFY	EQUIPBUY:0	PREMULT:1,[PRERACE:1,Ant (Knight Ant)],[!PRERACE:1,%]	SOURCEPAGE:p.27
ALIGN:TN
RACE:Ant (Knight Ant)	!PRERACE:1,%
NAME:Ant (Knight Ant)
STAT:STR=10|DEX=10|CON=10|WIS=10|CHA=10

STARTPACK:Ant (Megapon Ant) Default	TYPE:Default Monster.Vermin	VISIBLE:QUALIFY	EQUIPBUY:0	PREMULT:1,[PRERACE:1,Ant (Megapon Ant)],[!PRERACE:1,%]	SOURCEPAGE:p.27
ALIGN:TN
RACE:Ant (Megapon Ant)	!PRERACE:1,%
NAME:Ant (Megapon Ant)
STAT:STR=10|DEX=10|CON=10|WIS=10|CHA=10
SKILL:Climb	RANK:5
ABILITY:CATEGORY=FEAT|Snatch
ABILITY:CATEGORY=FEAT|Toughness

STARTPACK:Apallie Default	TYPE:Default Monster.Ooze	VISIBLE:QUALIFY	EQUIPBUY:0	PREMULT:1,[PRERACE:1,Apallie],[!PRERACE:1,%]	SOURCEPAGE:p.30
ALIGN:TN
RACE:Apallie	!PRERACE:1,%
NAME:Apallie
STAT:STR=10|DEX=10|CON=10|INT=10|WIS=10|CHA=10
SKILL:Bluff	RANK:1
SKILL:Climb	RANK:4
SKILL:Disguise	RANK:3
SKILL:Perception	RANK:1
SKILL:Stealth	RANK:4
ABILITY:CATEGORY=FEAT|Deceitful
ABILITY:CATEGORY=FEAT|Lightning Reflexes

STARTPACK:Archon (Exscinder) Default	TYPE:Default Monster.Outsider	VISIBLE:QUALIFY	EQUIPBUY:0	PREMULT:1,[PRERACE:1,Archon (Exscinder)],[!PRERACE:1,%]	SOURCEPAGE:p.34
ALIGN:LG
RACE:Archon (Exscinder)	!PRERACE:1,%
NAME:Archon (Exscinder)
STAT:STR=10|DEX=10|CON=10|INT=10|WIS=10|CHA=10
SKILL:Intimidate	RANK:14
SKILL:Knowledge (Arcana)	RANK:14
SKILL:Knowledge (History)	RANK:14
SKILL:Knowledge (Planes)	RANK:14
SKILL:Knowledge (Religion)	RANK:14
SKILL:Knowledge (Geography)	RANK:11
SKILL:Linguistics	RANK:4
SKILL:Perception	RANK:14
SKILL:Sense Motive	RANK:14
SKILL:Spellcraft	RANK:4
ABILITY:CATEGORY=FEAT|Alertness
ABILITY:CATEGORY=FEAT|Cleave
ABILITY:CATEGORY=FEAT|Combat Reflexes
ABILITY:CATEGORY=FEAT|Great Fortitude
ABILITY:CATEGORY=FEAT|Improved Initiative
ABILITY:CATEGORY=FEAT|Lightning Reflexes
ABILITY:CATEGORY=FEAT|Power Attack

STARTPACK:Archon (Gate Archon) Default	TYPE:Default Monster.Outsider	VISIBLE:QUALIFY	EQUIPBUY:0	PREMULT:1,[PRERACE:1,Archon (Gate Archon)],[!PRERACE:1,%]	SOURCEPAGE:p.35
ALIGN:LG
RACE:Archon (Gate Archon)	!PRERACE:1,%
NAME:Archon (Gate Archon)
STAT:STR=10|DEX=10|CON=10|INT=10|WIS=10|CHA=10
SKILL:Acrobatics	RANK:17
SKILL:Bluff	RANK:17
SKILL:Diplomacy	RANK:13
SKILL:Disable Device	RANK:17
SKILL:Disguise	RANK:17
SKILL:Knowledge (Planes)	RANK:14
SKILL:Perception	RANK:15
SKILL:Sense Motive	RANK:17
SKILL:Sleight of Hand	RANK:17
SKILL:Stealth	RANK:17
ABILITY:CATEGORY=FEAT|Blind-Fight
ABILITY:CATEGORY=FEAT|Combat Expertise
ABILITY:CATEGORY=FEAT|Defensive Combat Training
ABILITY:CATEGORY=FEAT|Greater Feint
ABILITY:CATEGORY=FEAT|Improved Feint
ABILITY:CATEGORY=FEAT|Improved Initiative
ABILITY:CATEGORY=FEAT|Skill Focus (Bluff)

STARTPACK:Assassin Bug (Giant Assassin Bug) Default	TYPE:Default Monster.Vermin	VISIBLE:QUALIFY	EQUIPBUY:0	PREMULT:1,[PRERACE:1,Assassin Bug (Giant Assassin Bug)],[!PRERACE:1,%]	SOURCEPAGE:p.36
ALIGN:TN
RACE:Assassin Bug (Giant Assassin Bug)	!PRERACE:1,%
NAME:Assassin Bug (Giant Assassin Bug)
STAT:STR=10|DEX=10|CON=10|WIS=10|CHA=10
SKILL:Perception	RANK:1
SKILL:Stealth	RANK:5

STARTPACK:Assassin Bug (Great Assassin Bug) Default	TYPE:Default Monster.Vermin	VISIBLE:QUALIFY	EQUIPBUY:0	PREMULT:1,[PRERACE:1,Assassin Bug (Great Assassin Bug)],[!PRERACE:1,%]	SOURCEPAGE:p.36
ALIGN:TN
RACE:Assassin Bug (Great Assassin Bug)	!PRERACE:1,%
NAME:Assassin Bug (Great Assassin Bug)
STAT:STR=10|DEX=10|CON=10|WIS=10|CHA=10
SKILL:Perception	RANK:1
SKILL:Stealth	RANK:3

STARTPACK:Azata (Gancanagh) Default	TYPE:Default Monster.Outsider	VISIBLE:QUALIFY	EQUIPBUY:0	PREMULT:1,[PRERACE:1,Azata (Gancanagh)],[!PRERACE:1,%]	SOURCEPAGE:p.38
ALIGN:CG
RACE:Azata (Gancanagh)	!PRERACE:1,%
NAME:Azata (Gancanagh)
STAT:STR=10|DEX=10|CON=10|INT=10|WIS=10|CHA=10
SKILL:Bluff	RANK:5
SKILL:Diplomacy	RANK:5
SKILL:Disguise	RANK:5
SKILL:Intimidate	RANK:5
SKILL:Knowledge (Planes)	RANK:1
SKILL:Perception	RANK:5
SKILL:Perform (wind instruments)	RANK:5
SKILL:Sense Motive	RANK:3
SKILL:Stealth	RANK:1
SKILL:Use Magic Device	RANK:2
ABILITY:CATEGORY=FEAT|Combat Reflexes
ABILITY:CATEGORY=FEAT|Persuasive
ABILITY:CATEGORY=FEAT|Weapon Finesse

STARTPACK:Azata (Raelis) Default	TYPE:Default Monster.Outsider	VISIBLE:QUALIFY	EQUIPBUY:0	PREMULT:1,[PRERACE:1,Azata (Raelis)],[!PRERACE:1,%]	SOURCEPAGE:p.39
ALIGN:CG
RACE:Azata (Raelis)	!PRERACE:1,%
NAME:Azata (Raelis)
STAT:STR=10|DEX=10|CON=10|INT=10|WIS=10|CHA=10
SKILL:Acrobatics	RANK:11
SKILL:Bluff	RANK:11
SKILL:Disguise	RANK:7
SKILL:Fly	RANK:11
SKILL:Knowledge (Geography)	RANK:11
SKILL:Knowledge (Planes)	RANK:11
SKILL:Knowledge (History)	RANK:8
SKILL:Perception	RANK:11
SKILL:Perform (oratory)	RANK:11
SKILL:Spellcraft	RANK:11
SKILL:Stealth	RANK:7
ABILITY:CATEGORY=FEAT|Greater Grapple
ABILITY:CATEGORY=FEAT|Improved Grapple
ABILITY:CATEGORY=FEAT|Improved Initiative
ABILITY:CATEGORY=FEAT|Improved Unarmed Strike
ABILITY:CATEGORY=FEAT|Power Attack
ABILITY:CATEGORY=FEAT|Weapon Focus (slam)

STARTPACK:Bagiennik Default	TYPE:Default Monster.Fey	VISIBLE:QUALIFY	EQUIPBUY:0	PREMULT:1,[PRERACE:1,Bagiennik],[!PRERACE:1,%]	SOURCEPAGE:p.40
ALIGN:CN
RACE:Bagiennik	!PRERACE:1,%
NAME:Bagiennik
STAT:STR=10|DEX=10|CON=10|INT=10|WIS=10|CHA=10
SKILL:Bluff	RANK:4
SKILL:Diplomacy	RANK:6
SKILL:Escape Artist	RANK:4
SKILL:Heal	RANK:12
SKILL:Knowledge (Arcana)	RANK:1
SKILL:Knowledge (Nature)	RANK:7
SKILL:Perception	RANK:12
SKILL:Sense Motive	RANK:8
SKILL:Stealth	RANK:12
SKILL:Survival	RANK:5
SKILL:Swim	RANK:12
SKILL:Use Magic Device	RANK:12
ABILITY:CATEGORY=FEAT|Alertness
ABILITY:CATEGORY=FEAT|Self-Sufficient
ABILITY:CATEGORY=FEAT|Skill Focus (Heal)
ABILITY:CATEGORY=FEAT|Toughness
ABILITY:CATEGORY=FEAT|Weapon Finesse
ABILITY:CATEGORY=FEAT|Weapon Focus (nasal spray)

STARTPACK:Bear (Dire Polar Bear) Default	TYPE:Default Monster.Animal	VISIBLE:QUALIFY	EQUIPBUY:0	PREMULT:1,[PRERACE:1,Bear (Dire Polar Bear)],[!PRERACE:1,%]	SOURCEPAGE:p.41
ALIGN:TN
RACE:Bear (Dire Polar Bear)	!PRERACE:1,%
NAME:Bear (Dire Polar Bear)
STAT:STR=10|DEX=10|CON=10|INT=10|WIS=10|CHA=10

STARTPACK:Bisha Ga Tsuku Default	TYPE:Default Monster.Outsider	VISIBLE:QUALIFY	EQUIPBUY:0	PREMULT:1,[PRERACE:1,Bisha Ga Tsuku],[!PRERACE:1,%]	SOURCEPAGE:p.42
ALIGN:NE
RACE:Bisha Ga Tsuku	!PRERACE:1,%
NAME:Bisha Ga Tsuku
STAT:STR=10|DEX=10|CON=10|INT=10|WIS=10|CHA=10
SKILL:Acrobatics	RANK:12
SKILL:Fly	RANK:12
SKILL:Knowledge (Geography)	RANK:11
SKILL:Knowledge (Nature)	RANK:10
SKILL:Knowledge (Planes)	RANK:7
SKILL:Perception	RANK:12
SKILL:Spellcraft	RANK:8
SKILL:Stealth	RANK:12
ABILITY:CATEGORY=FEAT|Dazing Assault
ABILITY:CATEGORY=FEAT|Flyby Attack
ABILITY:CATEGORY=FEAT|Improved Critical (tentacle)
ABILITY:CATEGORY=FEAT|Improved Initiative
ABILITY:CATEGORY=FEAT|Power Attack
ABILITY:CATEGORY=FEAT|Weapon Focus (tentacle)

STARTPACK:Blightspawn Default	TYPE:Default Monster.Aberration	VISIBLE:QUALIFY	EQUIPBUY:0	PREMULT:1,[PRERACE:1,Blightspawn],[!PRERACE:1,%]	SOURCEPAGE:p.43
ALIGN:CE
RACE:Blightspawn	!PRERACE:1,%
NAME:Blightspawn
STAT:STR=10|DEX=10|CON=10|INT=10|WIS=10|CHA=10
SKILL:Climb	RANK:5
SKILL:Fly	RANK:7
SKILL:Perception	RANK:7
ABILITY:CATEGORY=FEAT|Flyby Attack
ABILITY:CATEGORY=FEAT|Improved Initiative
ABILITY:CATEGORY=FEAT|Lightning Reflexes
ABILITY:CATEGORY=FEAT|Power Attack

STARTPACK:Bone Ship Default	TYPE:Default Monster.Undead	VISIBLE:QUALIFY	EQUIPBUY:0	PREMULT:1,[PRERACE:1,Bone Ship],[!PRERACE:1,%]	SOURCEPAGE:p.44
ALIGN:CE
RACE:Bone Ship	!PRERACE:1,%
NAME:Bone Ship
STAT:STR=10|DEX=10|INT=10|WIS=10|CHA=10
SKILL:Intimidate	RANK:26
SKILL:Knowledge (Geography)	RANK:10
SKILL:Perception	RANK:26
SKILL:Profession (sailor)	RANK:10
SKILL:Swim	RANK:26
ABILITY:CATEGORY=FEAT|Great Fortitude
ABILITY:CATEGORY=FEAT|Greater Bull Rush
ABILITY:CATEGORY=FEAT|Greater Overrun
ABILITY:CATEGORY=FEAT|Greater Vital Strike
ABILITY:CATEGORY=FEAT|Improved Bull Rush
ABILITY:CATEGORY=FEAT|Improved Great Fortitude
ABILITY:CATEGORY=FEAT|Improved Lightning Reflexes
ABILITY:CATEGORY=FEAT|Improved Vital Strike
ABILITY:CATEGORY=FEAT|Lightning Reflexes
ABILITY:CATEGORY=FEAT|Power Attack
ABILITY:CATEGORY=FEAT|Skill Focus (Perception)
ABILITY:CATEGORY=FEAT|Vital Strike
ABILITY:CATEGORY=FEAT|Weapon Focus (slam)

STARTPACK:Brain Mole Default	TYPE:Default Monster.Magical Beast	VISIBLE:QUALIFY	EQUIPBUY:0	PREMULT:1,[PRERACE:1,Brain Mole],[!PRERACE:1,%]	SOURCEPAGE:p.46
ALIGN:TN
RACE:Brain Mole	!PRERACE:1,%
NAME:Brain Mole
STAT:STR=10|DEX=10|CON=10|INT=10|WIS=10|CHA=10
SKILL:Stealth	RANK:2
ABILITY:CATEGORY=FEAT|Skill Focus (Stealth)
ABILITY:CATEGORY=FEAT|Weapon Finesse

STARTPACK:Brain Mole (Brain Mole Monarch) Default	TYPE:Default Monster.Magical Beast	VISIBLE:QUALIFY	EQUIPBUY:0	PREMULT:1,[PRERACE:1,Brain Mole (Brain Mole Monarch)],[!PRERACE:1,%]	SOURCEPAGE:p.47
ALIGN:TN
RACE:Brain Mole (Brain Mole Monarch)	!PRERACE:1,%
NAME:Brain Mole (Brain Mole Monarch)
STAT:STR=10|DEX=10|CON=10|INT=10|WIS=10|CHA=10
SKILL:Climb	RANK:6
SKILL:Fly	RANK:6
SKILL:Perception	RANK:2
SKILL:Stealth	RANK:6
ABILITY:CATEGORY=FEAT|Iron Will
ABILITY:CATEGORY=FEAT|Lookout
ABILITY:CATEGORY=FEAT|Paired Opportunists
ABILITY:CATEGORY=FEAT|Weapon Finesse

STARTPACK:Caller in Darkness Default	TYPE:Default Monster.Undead	VISIBLE:QUALIFY	EQUIPBUY:0	PREMULT:1,[PRERACE:1,Caller in Darkness],[!PRERACE:1,%]	SOURCEPAGE:p.48
ALIGN:CE
RACE:Caller in Darkness	!PRERACE:1,%
NAME:Caller in Darkness
STAT:DEX=10|INT=10|WIS=10|CHA=10
SKILL:Fly	RANK:1
SKILL:Intimidate	RANK:13
SKILL:Knowledge (Arcana)	RANK:13
SKILL:Perception	RANK:13
SKILL:Sense Motive	RANK:13
SKILL:Spellcraft	RANK:13
SKILL:Stealth	RANK:11
ABILITY:CATEGORY=FEAT|Ability Focus (wrap in despair)
ABILITY:CATEGORY=FEAT|Alertness
ABILITY:CATEGORY=FEAT|Combat Reflexes
ABILITY:CATEGORY=FEAT|Dodge
ABILITY:CATEGORY=FEAT|Improved Initiative
ABILITY:CATEGORY=FEAT|Skill Focus (Intimidate, Stealth)

STARTPACK:Caterpillar (Blood Caterpillar) Default	TYPE:Default Monster.Vermin	VISIBLE:QUALIFY	EQUIPBUY:0	PREMULT:1,[PRERACE:1,Caterpillar (Blood Caterpillar)],[!PRERACE:1,%]	SOURCEPAGE:p.51
ALIGN:TN
RACE:Caterpillar (Blood Caterpillar)	!PRERACE:1,%
NAME:Caterpillar (Blood Caterpillar)
STAT:STR=10|DEX=10|CON=10|WIS=10|CHA=10
SKILL:Climb	RANK:5

STARTPACK:Caterpillar (Horn Caterpillar) Default	TYPE:Default Monster.Vermin	VISIBLE:QUALIFY	EQUIPBUY:0	PREMULT:1,[PRERACE:1,Caterpillar (Horn Caterpillar)],[!PRERACE:1,%]	SOURCEPAGE:p.51
ALIGN:TN
RACE:Caterpillar (Horn Caterpillar)	!PRERACE:1,%
NAME:Caterpillar (Horn Caterpillar)
STAT:STR=10|DEX=10|CON=10|WIS=10|CHA=10
SKILL:Climb	RANK:3

STARTPACK:Celedon Default	TYPE:Default Monster.Construct	VISIBLE:QUALIFY	EQUIPBUY:0	PREMULT:1,[PRERACE:1,Celedon],[!PRERACE:1,%]	SOURCEPAGE:p.52
ALIGN:TN
RACE:Celedon	!PRERACE:1,%
NAME:Celedon
STAT:STR=10|DEX=10|INT=10|WIS=10|CHA=10
SKILL:Knowledge (Religion)	RANK:1
ABILITY:CATEGORY=FEAT|Iron Will
ABILITY:CATEGORY=FEAT|Skill Focus (Knowledge [religion])

STARTPACK:Cerynitis Default	TYPE:Default Monster.Magical Beast	VISIBLE:QUALIFY	EQUIPBUY:0	PREMULT:1,[PRERACE:1,Cerynitis],[!PRERACE:1,%]	SOURCEPAGE:p.53
ALIGN:TN
RACE:Cerynitis	!PRERACE:1,%
NAME:Cerynitis
STAT:STR=10|DEX=10|CON=10|INT=10|WIS=10|CHA=10
SKILL:Acrobatics	RANK:3
SKILL:Escape Artist	RANK:8
SKILL:Knowledge (Religion)	RANK:2
SKILL:Perception	RANK:9
SKILL:Stealth	RANK:1
SKILL:Survival	RANK:1
ABILITY:CATEGORY=FEAT|Dodge
ABILITY:CATEGORY=FEAT|Improved Initiative
ABILITY:CATEGORY=FEAT|Lightning Stance
ABILITY:CATEGORY=FEAT|Mobility
ABILITY:CATEGORY=FEAT|Run
ABILITY:CATEGORY=FEAT|Wind Stance

STARTPACK:Cetus Default	TYPE:Default Monster.Dragon	VISIBLE:QUALIFY	EQUIPBUY:0	PREMULT:1,[PRERACE:1,Cetus],[!PRERACE:1,%]	SOURCEPAGE:p.54
ALIGN:CN
RACE:Cetus	!PRERACE:1,%
NAME:Cetus
STAT:STR=10|DEX=10|CON=10|INT=10|WIS=10|CHA=10
SKILL:Acrobatics	RANK:7
SKILL:Intimidate	RANK:5
SKILL:Perception	RANK:16
SKILL:Stealth	RANK:1
SKILL:Survival	RANK:5
SKILL:Swim	RANK:9
ABILITY:CATEGORY=FEAT|Combat Reflexes
ABILITY:CATEGORY=FEAT|Deflect Arrows
ABILITY:CATEGORY=FEAT|Dodge
ABILITY:CATEGORY=FEAT|Great Fortitude
ABILITY:CATEGORY=FEAT|Greater Vital Strike
ABILITY:CATEGORY=FEAT|Improved Vital Strike
ABILITY:CATEGORY=FEAT|Mobility
ABILITY:CATEGORY=FEAT|Quicken Spell-Like Ability (control water)
ABILITY:CATEGORY=FEAT|Vital Strike

STARTPACK:Cherufe Default	TYPE:Default Monster.Magical Beast	VISIBLE:QUALIFY	EQUIPBUY:0	PREMULT:1,[PRERACE:1,Cherufe],[!PRERACE:1,%]	SOURCEPAGE:p.55
ALIGN:NE
RACE:Cherufe	!PRERACE:1,%
NAME:Cherufe
STAT:STR=10|DEX=10|CON=10|INT=10|WIS=10|CHA=10
SKILL:Climb	RANK:12
SKILL:Perception	RANK:12
SKILL:Swim	RANK:18
ABILITY:CATEGORY=FEAT|Diehard
ABILITY:CATEGORY=FEAT|Endurance
ABILITY:CATEGORY=FEAT|Improved Initiative
ABILITY:CATEGORY=FEAT|Iron Will
ABILITY:CATEGORY=FEAT|Lightning Reflexes
ABILITY:CATEGORY=FEAT|Power Attack
ABILITY:CATEGORY=FEAT|Weapon Focus (bite)
ABILITY:CATEGORY=FEAT|Weapon Focus (claw)
ABILITY:CATEGORY=FEAT|Weapon Focus (rock)

STARTPACK:Chuspiki Default	TYPE:Default Monster.Magical Beast	VISIBLE:QUALIFY	EQUIPBUY:0	PREMULT:1,[PRERACE:1,Chuspiki],[!PRERACE:1,%]	SOURCEPAGE:p.56
ALIGN:CN
RACE:Chuspiki	!PRERACE:1,%
NAME:Chuspiki
STAT:STR=10|DEX=10|CON=10|INT=10|WIS=10|CHA=10
SKILL:Acrobatics	RANK:3
SKILL:Fly	RANK:3
SKILL:Perception	RANK:1
SKILL:Stealth	RANK:3
ABILITY:CATEGORY=FEAT|Point-Blank Shot
ABILITY:CATEGORY=FEAT|Precise Shot
ABILITY:CATEGORY=FEAT|Weapon Finesse

STARTPACK:Cuero Default	TYPE:Default Monster.Aberration	VISIBLE:QUALIFY	EQUIPBUY:0	PREMULT:1,[PRERACE:1,Cuero],[!PRERACE:1,%]	SOURCEPAGE:p.62
ALIGN:TN
RACE:Cuero	!PRERACE:1,%
NAME:Cuero
STAT:STR=10|DEX=10|CON=10|INT=10|WIS=10|CHA=10
SKILL:Perception	RANK:7
SKILL:Stealth	RANK:6
SKILL:Swim	RANK:5
ABILITY:CATEGORY=FEAT|Blind-Fight
ABILITY:CATEGORY=FEAT|Combat Reflexes
ABILITY:CATEGORY=FEAT|Improved Initiative
ABILITY:CATEGORY=FEAT|Skill Focus (Stealth)

STARTPACK:Cursed King Default	TYPE:Default Monster.Undead	VISIBLE:QUALIFY	EQUIPBUY:0	PREMULT:1,[PRERACE:1,Cursed King],[!PRERACE:1,%]	SOURCEPAGE:p.63
ALIGN:CE
RACE:Cursed King	!PRERACE:1,%
NAME:Cursed King
STAT:STR=10|DEX=10|INT=10|WIS=10|CHA=10
SKILL:Perception	RANK:5
SKILL:Stealth	RANK:9
ABILITY:CATEGORY=FEAT|Combat Reflexes
ABILITY:CATEGORY=FEAT|Following Step
ABILITY:CATEGORY=FEAT|Great Fortitude
ABILITY:CATEGORY=FEAT|Improved Critical B (bite)
ABILITY:CATEGORY=FEAT|Power Attack
ABILITY:CATEGORY=FEAT|Step Up
ABILITY:CATEGORY=FEAT|Step Up and Strike
ABILITY:CATEGORY=FEAT|Toughness

STARTPACK:Cyclops (Kabandha) Default	TYPE:Default Monster.Humanoid	VISIBLE:QUALIFY	EQUIPBUY:0	PREMULT:1,[PRERACE:1,Cyclops (Kabandha)],[!PRERACE:1,%]	SOURCEPAGE:p.64
ALIGN:LN
RACE:Cyclops (Kabandha)	!PRERACE:1,%
NAME:Cyclops (Kabandha)
STAT:STR=10|DEX=10|CON=10|INT=10|WIS=10|CHA=10
SKILL:Intimidate	RANK:5
SKILL:Perception	RANK:14
SKILL:Profession (soldier)	RANK:3
SKILL:Sense Motive	RANK:4
SKILL:Stealth	RANK:1
SKILL:Survival	RANK:5
ABILITY:CATEGORY=FEAT|Alertness
ABILITY:CATEGORY=FEAT|Improved Initiative
ABILITY:CATEGORY=FEAT|Improved Iron Will
ABILITY:CATEGORY=FEAT|Iron Will
ABILITY:CATEGORY=FEAT|Lightning Reflexes
ABILITY:CATEGORY=FEAT|Power Attack
ABILITY:CATEGORY=FEAT|Vital Strike

STARTPACK:Death Coach Default	TYPE:Default Monster.Undead	VISIBLE:QUALIFY	EQUIPBUY:0	PREMULT:1,[PRERACE:1,Death Coach],[!PRERACE:1,%]	SOURCEPAGE:p.67
ALIGN:NE
RACE:Death Coach	!PRERACE:1,%
NAME:Death Coach
STAT:DEX=10|INT=10|WIS=10|CHA=10
SKILL:Fly	RANK:13
SKILL:Intimidate	RANK:17
SKILL:Knowledge (Geography)	RANK:4
SKILL:Knowledge (History)	RANK:4
SKILL:Knowledge (Local)	RANK:4
SKILL:Knowledge (Nobility)	RANK:4
SKILL:Perception	RANK:17
SKILL:Sense Motive	RANK:6
SKILL:Survival	RANK:14
ABILITY:CATEGORY=FEAT|Combat Reflexes
ABILITY:CATEGORY=FEAT|Dodge
ABILITY:CATEGORY=FEAT|Improved Initiative
ABILITY:CATEGORY=FEAT|Lightning Stance
ABILITY:CATEGORY=FEAT|Mobility
ABILITY:CATEGORY=FEAT|Quicken Spell-Like Ability (fear)
ABILITY:CATEGORY=FEAT|Skill Focus (Intimidate)
ABILITY:CATEGORY=FEAT|Skill Focus (Perception)
ABILITY:CATEGORY=FEAT|Wind Stance

STARTPACK:Deep Merfolk Default	TYPE:Default Monster.Humanoid	VISIBLE:QUALIFY	EQUIPBUY:0	PREMULT:1,[PRERACE:1,Deep Merfolk],[!PRERACE:1,%]	SOURCEPAGE:p.172
ALIGN:TN
RACE:Deep Merfolk	!PRERACE:1,%
NAME:Deep Merfolk
STAT:STR=10|DEX=10|CON=10|INT=10|WIS=10|CHA=10
SKILL:Perception	RANK:1
SKILL:Stealth	RANK:1
SKILL:Swim	RANK:4
ABILITY:CATEGORY=FEAT|Improved Initiative
ABILITY:CATEGORY=FEAT|Power Attack

STARTPACK:Deep One Default	TYPE:Default Monster.Monstrous Humanoid	VISIBLE:QUALIFY	EQUIPBUY:0	PREMULT:1,[PRERACE:1,Deep One],[!PRERACE:1,%]	SOURCEPAGE:p.68
ALIGN:CE
RACE:Deep One	!PRERACE:1,%
NAME:Deep One
STAT:STR=10|DEX=10|CON=10|INT=10|WIS=10|CHA=10
SKILL:Knowledge (Religion)	RANK:2
SKILL:Perception	RANK:2
SKILL:Stealth	RANK:2
SKILL:Swim	RANK:2
SKILL:Use Magic Device	RANK:2
ABILITY:CATEGORY=FEAT|Great Fortitude
ABILITY:CATEGORY=FEAT|Improved Initiative

STARTPACK:Deep One (Elder Deep One) Default	TYPE:Default Monster.Monstrous Humanoid	VISIBLE:QUALIFY	EQUIPBUY:0	PREMULT:1,[PRERACE:1,Deep One (Elder Deep One)],[!PRERACE:1,%]	SOURCEPAGE:p.69
ALIGN:CE
RACE:Deep One (Elder Deep One)	!PRERACE:1,%
NAME:Deep One (Elder Deep One)
STAT:STR=10|DEX=10|CON=10|INT=10|WIS=10|CHA=10
SKILL:Intimidate	RANK:15
SKILL:Knowledge (Arcana)	RANK:12
SKILL:Knowledge (Religion)	RANK:12
SKILL:Perception	RANK:15
SKILL:Sense Motive	RANK:12
SKILL:Stealth	RANK:3
SKILL:Swim	RANK:15
SKILL:Use Magic Device	RANK:12
ABILITY:CATEGORY=FEAT|Awesome Blow
ABILITY:CATEGORY=FEAT|Improved Bull Rush
ABILITY:CATEGORY=FEAT|Improved Critical (bite)
ABILITY:CATEGORY=FEAT|Improved Critical (claw)
ABILITY:CATEGORY=FEAT|Improved Initiative
ABILITY:CATEGORY=FEAT|Lightning Reflexes
ABILITY:CATEGORY=FEAT|Power Attack
ABILITY:CATEGORY=FEAT|Vital Strike

STARTPACK:Demodand (Gristly Demodand) Default	TYPE:Default Monster.Outsider	VISIBLE:QUALIFY	EQUIPBUY:0	PREMULT:1,[PRERACE:1,Demodand (Gristly Demodand)],[!PRERACE:1,%]	SOURCEPAGE:p.72
ALIGN:CE
RACE:Demodand (Gristly Demodand)	!PRERACE:1,%
NAME:Demodand (Gristly Demodand)
STAT:STR=10|DEX=10|CON=10|INT=10|WIS=10|CHA=10
SKILL:Fly	RANK:23
SKILL:Intimidate	RANK:23
SKILL:Perception	RANK:23
SKILL:Sense Motive	RANK:23
ABILITY:CATEGORY=FEAT|Alertness
ABILITY:CATEGORY=FEAT|Awesome Blow
ABILITY:CATEGORY=FEAT|Combat Reflexes
ABILITY:CATEGORY=FEAT|Critical Focus
ABILITY:CATEGORY=FEAT|Flyby Attack
ABILITY:CATEGORY=FEAT|Greater Bull Rush
ABILITY:CATEGORY=FEAT|Greater Overrun
ABILITY:CATEGORY=FEAT|Improved Bull Rush
ABILITY:CATEGORY=FEAT|Improved Critical (bite, claw)
ABILITY:CATEGORY=FEAT|Improved Initiative
ABILITY:CATEGORY=FEAT|Improved Overrun
ABILITY:CATEGORY=FEAT|Intimidating Prowess
ABILITY:CATEGORY=FEAT|Power Attack
ABILITY:CATEGORY=FEAT|Stunning Critical

STARTPACK:Demodand (Stringy Demodand) Default	TYPE:Default Monster.Outsider	VISIBLE:QUALIFY	EQUIPBUY:0	PREMULT:1,[PRERACE:1,Demodand (Stringy Demodand)],[!PRERACE:1,%]	SOURCEPAGE:p.73
ALIGN:CE
RACE:Demodand (Stringy Demodand)	!PRERACE:1,%
NAME:Demodand (Stringy Demodand)
STAT:STR=10|DEX=10|CON=10|INT=10|WIS=10|CHA=10
SKILL:Fly	RANK:20
SKILL:Intimidate	RANK:20
SKILL:Perception	RANK:20
SKILL:Sense Motive	RANK:20
ABILITY:CATEGORY=FEAT|Alertness
ABILITY:CATEGORY=FEAT|Awesome Blow
ABILITY:CATEGORY=FEAT|Combat Reflexes
ABILITY:CATEGORY=FEAT|Critical Focus
ABILITY:CATEGORY=FEAT|Flyby Attack
ABILITY:CATEGORY=FEAT|Greater Bull Rush
ABILITY:CATEGORY=FEAT|Greater Overrun
ABILITY:CATEGORY=FEAT|Improved Bull Rush
ABILITY:CATEGORY=FEAT|Improved Critical (bite, claw)
ABILITY:CATEGORY=FEAT|Improved Initiative
ABILITY:CATEGORY=FEAT|Improved Overrun
ABILITY:CATEGORY=FEAT|Intimidating Prowess
ABILITY:CATEGORY=FEAT|Power Attack
ABILITY:CATEGORY=FEAT|Stunning Critical

STARTPACK:Demon (Abrikandilu) Default	TYPE:Default Monster.Outsider	VISIBLE:QUALIFY	EQUIPBUY:0	PREMULT:1,[PRERACE:1,Demon (Abrikandilu)],[!PRERACE:1,%]	SOURCEPAGE:p.74
ALIGN:CE
RACE:Demon (Abrikandilu)	!PRERACE:1,%
NAME:Demon (Abrikandilu)
STAT:STR=10|DEX=10|CON=10|INT=10|WIS=10|CHA=10
SKILL:Appraise	RANK:5
SKILL:Climb	RANK:5
SKILL:Disable Device	RANK:5
SKILL:Perception	RANK:5
ABILITY:CATEGORY=FEAT|Improved Sunder
ABILITY:CATEGORY=FEAT|Iron Will
ABILITY:CATEGORY=FEAT|Power Attack
ABILITY:CATEGORY=FEAT|Throw Anything

STARTPACK:Demon (Cambion) Default	TYPE:Default Monster.Outsider	VISIBLE:QUALIFY	EQUIPBUY:0	PREMULT:1,[PRERACE:1,Demon (Cambion)],[!PRERACE:1,%]	SOURCEPAGE:p.75
ALIGN:CE
RACE:Demon (Cambion)	!PRERACE:1,%
NAME:Demon (Cambion)
STAT:STR=10|DEX=10|CON=10|INT=10|WIS=10|CHA=10
SKILL:Acrobatics	RANK:3
SKILL:Bluff	RANK:3
SKILL:Disguise	RANK:3
SKILL:Intimidate	RANK:3
SKILL:Perception	RANK:3
SKILL:Sense Motive	RANK:3
SKILL:Stealth	RANK:3
ABILITY:CATEGORY=FEAT|Deceitful
ABILITY:CATEGORY=FEAT|Power Attack

STARTPACK:Demon (Seraptis) Default	TYPE:Default Monster.Outsider	VISIBLE:QUALIFY	EQUIPBUY:0	PREMULT:1,[PRERACE:1,Demon (Seraptis)],[!PRERACE:1,%]	SOURCEPAGE:p.76
ALIGN:CE
RACE:Demon (Seraptis)	!PRERACE:1,%
NAME:Demon (Seraptis)
STAT:STR=10|DEX=10|CON=10|INT=10|WIS=10|CHA=10
SKILL:Acrobatics	RANK:15
SKILL:Bluff	RANK:15
SKILL:Fly	RANK:15
SKILL:Intimidate	RANK:15
SKILL:Knowledge (Planes)	RANK:15
SKILL:Knowledge (Religion)	RANK:15
SKILL:Perception	RANK:15
SKILL:Sense Motive	RANK:15
SKILL:Stealth	RANK:15
ABILITY:CATEGORY=FEAT|Bleeding Critical
ABILITY:CATEGORY=FEAT|Combat Reflexes
ABILITY:CATEGORY=FEAT|Critical Focus
ABILITY:CATEGORY=FEAT|Improved Critical (scimitar)
ABILITY:CATEGORY=FEAT|Improved Initiative
ABILITY:CATEGORY=FEAT|Multiattack
ABILITY:CATEGORY=FEAT|Power Attack
ABILITY:CATEGORY=FEAT|Weapon Focus (scimitar)

STARTPACK:Devil (Apostate Devil (Deimavigga)) Default	TYPE:Default Monster.Outsider	VISIBLE:QUALIFY	EQUIPBUY:0	PREMULT:1,[PRERACE:1,Devil (Apostate Devil (Deimavigga))],[!PRERACE:1,%]	SOURCEPAGE:p.78
ALIGN:LE
RACE:Devil (Apostate Devil (Deimavigga))	!PRERACE:1,%
NAME:Devil (Apostate Devil (Deimavigga))
STAT:STR=10|DEX=10|CON=10|INT=10|WIS=10|CHA=10
SKILL:Perception	RANK:1
SKILL:Stealth	RANK:1
SKILL:Swim	RANK:7
ABILITY:CATEGORY=FEAT|Great Fortitude
ABILITY:CATEGORY=FEAT|Improved Initiative
ABILITY:CATEGORY=FEAT|Iron Will
ABILITY:CATEGORY=FEAT|Lightning Reflexes
ABILITY:CATEGORY=FEAT|Skill Focus (Perception)

STARTPACK:Devil (Heresy Devil (Ayngavhaul)) Default	TYPE:Default Monster.Outsider	VISIBLE:QUALIFY	EQUIPBUY:0	PREMULT:1,[PRERACE:1,Devil (Heresy Devil (Ayngavhaul))],[!PRERACE:1,%]	SOURCEPAGE:p.80
ALIGN:LE
RACE:Devil (Heresy Devil (Ayngavhaul))	!PRERACE:1,%
NAME:Devil (Heresy Devil (Ayngavhaul))
STAT:STR=10|DEX=10|CON=10|INT=10|WIS=10|CHA=10
SKILL:Perception	RANK:2
SKILL:Stealth	RANK:1
SKILL:Swim	RANK:9
ABILITY:CATEGORY=FEAT|Great Fortitude
ABILITY:CATEGORY=FEAT|Improved Initiative
ABILITY:CATEGORY=FEAT|Iron Will
ABILITY:CATEGORY=FEAT|Lightning Reflexes
ABILITY:CATEGORY=FEAT|Skill Focus (Perception)

STARTPACK:Devil (Warmonger Devil (Levaloch)) Default	TYPE:Default Monster.Outsider	VISIBLE:QUALIFY	EQUIPBUY:0	PREMULT:1,[PRERACE:1,Devil (Warmonger Devil (Levaloch))],[!PRERACE:1,%]	SOURCEPAGE:p.81
ALIGN:LE
RACE:Devil (Warmonger Devil (Levaloch))	!PRERACE:1,%
NAME:Devil (Warmonger Devil (Levaloch))
STAT:STR=10|DEX=10|CON=10|INT=10|WIS=10|CHA=10
SKILL:Perception	RANK:4
SKILL:Stealth	RANK:1
SKILL:Swim	RANK:8
ABILITY:CATEGORY=FEAT|Great Fortitude
ABILITY:CATEGORY=FEAT|Improved Initiative
ABILITY:CATEGORY=FEAT|Iron Will
ABILITY:CATEGORY=FEAT|Lightning Reflexes
ABILITY:CATEGORY=FEAT|Skill Focus (Perception)

STARTPACK:Doppeldrek Default	TYPE:Default Monster.Ooze	VISIBLE:QUALIFY	EQUIPBUY:0	PREMULT:1,[PRERACE:1,Doppeldrek],[!PRERACE:1,%]	SOURCEPAGE:p.85
ALIGN:TN
RACE:Doppeldrek	!PRERACE:1,%
NAME:Doppeldrek
STAT:STR=10|DEX=10|CON=10|WIS=10|CHA=10
SKILL:Disguise	RANK:5

STARTPACK:Dragon (Esoteric (Astral), Adult Astral Dragon) Default	TYPE:Default Monster.Dragon	VISIBLE:QUALIFY	EQUIPBUY:0	PREMULT:1,[PRERACE:1,Dragon (Esoteric (Astral), Adult Astral Dragon)],[!PRERACE:1,%]	SOURCEPAGE:p.88
ALIGN:TN
RACE:Dragon (Esoteric (Astral), Adult Astral Dragon)	!PRERACE:1,%
NAME:Dragon (Esoteric (Astral), Adult Astral Dragon)
STAT:STR=10|DEX=10|CON=10|INT=10|WIS=10|CHA=10

STARTPACK:Dragon (Esoteric (Astral), Ancient Astral Dragon) Default	TYPE:Default Monster.Dragon	VISIBLE:QUALIFY	EQUIPBUY:0	PREMULT:1,[PRERACE:1,Dragon (Esoteric (Astral), Ancient Astral Dragon)],[!PRERACE:1,%]	SOURCEPAGE:p.89
ALIGN:TN
RACE:Dragon (Esoteric (Astral), Ancient Astral Dragon)	!PRERACE:1,%
NAME:Dragon (Esoteric (Astral), Ancient Astral Dragon)
STAT:STR=10|DEX=10|CON=10|INT=10|WIS=10|CHA=10

STARTPACK:Dragon (Esoteric (Astral), Young Astral Dragon) Default	TYPE:Default Monster.Dragon	VISIBLE:QUALIFY	EQUIPBUY:0	PREMULT:1,[PRERACE:1,Dragon (Esoteric (Astral), Young Astral Dragon)],[!PRERACE:1,%]	SOURCEPAGE:p.88
ALIGN:TN
RACE:Dragon (Esoteric (Astral), Young Astral Dragon)	!PRERACE:1,%
NAME:Dragon (Esoteric (Astral), Young Astral Dragon)
STAT:STR=10|DEX=10|CON=10|INT=10|WIS=10|CHA=10

STARTPACK:Dragon (Esoteric (Dream), Adult Dream Dragon) Default	TYPE:Default Monster.Dragon	VISIBLE:QUALIFY	EQUIPBUY:0	PREMULT:1,[PRERACE:1,Dragon (Esoteric (Dream), Adult Dream Dragon)],[!PRERACE:1,%]	SOURCEPAGE:p.90
ALIGN:TN
RACE:Dragon (Esoteric (Dream), Adult Dream Dragon)	!PRERACE:1,%
NAME:Dragon (Esoteric (Dream), Adult Dream Dragon)
STAT:STR=10|DEX=10|CON=10|INT=10|WIS=10|CHA=10

STARTPACK:Dragon (Esoteric (Dream), Ancient Dream Dragon) Default	TYPE:Default Monster.Dragon	VISIBLE:QUALIFY	EQUIPBUY:0	PREMULT:1,[PRERACE:1,Dragon (Esoteric (Dream), Ancient Dream Dragon)],[!PRERACE:1,%]	SOURCEPAGE:p.91
ALIGN:TN
RACE:Dragon (Esoteric (Dream), Ancient Dream Dragon)	!PRERACE:1,%
NAME:Dragon (Esoteric (Dream), Ancient Dream Dragon)
STAT:STR=10|DEX=10|CON=10|INT=10|WIS=10|CHA=10

STARTPACK:Dragon (Esoteric (Dream), Young Dream Dragon) Default	TYPE:Default Monster.Dragon	VISIBLE:QUALIFY	EQUIPBUY:0	PREMULT:1,[PRERACE:1,Dragon (Esoteric (Dream), Young Dream Dragon)],[!PRERACE:1,%]	SOURCEPAGE:p.90
ALIGN:TN
RACE:Dragon (Esoteric (Dream), Young Dream Dragon)	!PRERACE:1,%
NAME:Dragon (Esoteric (Dream), Young Dream Dragon)
STAT:STR=10|DEX=10|CON=10|INT=10|WIS=10|CHA=10

STARTPACK:Dragon (Esoteric (Etheric), Adult Etheric Dragon) Default	TYPE:Default Monster.Dragon	VISIBLE:QUALIFY	EQUIPBUY:0	PREMULT:1,[PRERACE:1,Dragon (Esoteric (Etheric), Adult Etheric Dragon)],[!PRERACE:1,%]	SOURCEPAGE:p.92
ALIGN:TN
RACE:Dragon (Esoteric (Etheric), Adult Etheric Dragon)	!PRERACE:1,%
NAME:Dragon (Esoteric (Etheric), Adult Etheric Dragon)
STAT:STR=10|DEX=10|CON=10|INT=10|WIS=10|CHA=10

STARTPACK:Dragon (Esoteric (Etheric), Ancient Etheric Dragon) Default	TYPE:Default Monster.Dragon	VISIBLE:QUALIFY	EQUIPBUY:0	PREMULT:1,[PRERACE:1,Dragon (Esoteric (Etheric), Ancient Etheric Dragon)],[!PRERACE:1,%]	SOURCEPAGE:p.93
ALIGN:TN
RACE:Dragon (Esoteric (Etheric), Ancient Etheric Dragon)	!PRERACE:1,%
NAME:Dragon (Esoteric (Etheric), Ancient Etheric Dragon)
STAT:STR=10|DEX=10|CON=10|INT=10|WIS=10|CHA=10

STARTPACK:Dragon (Esoteric (Etheric), Young Etheric Dragon) Default	TYPE:Default Monster.Dragon	VISIBLE:QUALIFY	EQUIPBUY:0	PREMULT:1,[PRERACE:1,Dragon (Esoteric (Etheric), Young Etheric Dragon)],[!PRERACE:1,%]	SOURCEPAGE:p.92
ALIGN:TN
RACE:Dragon (Esoteric (Etheric), Young Etheric Dragon)	!PRERACE:1,%
NAME:Dragon (Esoteric (Etheric), Young Etheric Dragon)
STAT:STR=10|DEX=10|CON=10|INT=10|WIS=10|CHA=10

STARTPACK:Dragon (Esoteric (Nightmare), Adult Nightmare Dragon) Default	TYPE:Default Monster.Dragon	VISIBLE:QUALIFY	EQUIPBUY:0	PREMULT:1,[PRERACE:1,Dragon (Esoteric (Nightmare), Adult Nightmare Dragon)],[!PRERACE:1,%]	SOURCEPAGE:p.94
ALIGN:NE
RACE:Dragon (Esoteric (Nightmare), Adult Nightmare Dragon)	!PRERACE:1,%
NAME:Dragon (Esoteric (Nightmare), Adult Nightmare Dragon)
STAT:STR=10|DEX=10|CON=10|INT=10|WIS=10|CHA=10

STARTPACK:Dragon (Esoteric (Nightmare), Ancient Nightmare Dragon) Default	TYPE:Default Monster.Dragon	VISIBLE:QUALIFY	EQUIPBUY:0	PREMULT:1,[PRERACE:1,Dragon (Esoteric (Nightmare), Ancient Nightmare Dragon)],[!PRERACE:1,%]	SOURCEPAGE:p.95
ALIGN:NE
RACE:Dragon (Esoteric (Nightmare), Ancient Nightmare Dragon)	!PRERACE:1,%
NAME:Dragon (Esoteric (Nightmare), Ancient Nightmare Dragon)
STAT:STR=10|DEX=10|CON=10|INT=10|WIS=10|CHA=10

STARTPACK:Dragon (Esoteric (Nightmare), Young Nightmare Dragon) Default	TYPE:Default Monster.Dragon	VISIBLE:QUALIFY	EQUIPBUY:0	PREMULT:1,[PRERACE:1,Dragon (Esoteric (Nightmare), Young Nightmare Dragon)],[!PRERACE:1,%]	SOURCEPAGE:p.94
ALIGN:NE
RACE:Dragon (Esoteric (Nightmare), Young Nightmare Dragon)	!PRERACE:1,%
NAME:Dragon (Esoteric (Nightmare), Young Nightmare Dragon)
STAT:STR=10|DEX=10|CON=10|INT=10|WIS=10|CHA=10

STARTPACK:Dragon (Esoteric (Occult), Adult Occult Dragon) Default	TYPE:Default Monster.Dragon	VISIBLE:QUALIFY	EQUIPBUY:0	PREMULT:1,[PRERACE:1,Dragon (Esoteric (Occult), Adult Occult Dragon)],[!PRERACE:1,%]	SOURCEPAGE:p.96
ALIGN:NG
RACE:Dragon (Esoteric (Occult), Adult Occult Dragon)	!PRERACE:1,%
NAME:Dragon (Esoteric (Occult), Adult Occult Dragon)
STAT:STR=10|DEX=10|CON=10|INT=10|WIS=10|CHA=10

STARTPACK:Dragon (Esoteric (Occult), Ancient Occult Dragon) Default	TYPE:Default Monster.Dragon	VISIBLE:QUALIFY	EQUIPBUY:0	PREMULT:1,[PRERACE:1,Dragon (Esoteric (Occult), Ancient Occult Dragon)],[!PRERACE:1,%]	SOURCEPAGE:p.97
ALIGN:NG
RACE:Dragon (Esoteric (Occult), Ancient Occult Dragon)	!PRERACE:1,%
NAME:Dragon (Esoteric (Occult), Ancient Occult Dragon)
STAT:STR=10|DEX=10|CON=10|INT=10|WIS=10|CHA=10

STARTPACK:Dragon (Esoteric (Occult), Young Occult Dragon) Default	TYPE:Default Monster.Dragon	VISIBLE:QUALIFY	EQUIPBUY:0	PREMULT:1,[PRERACE:1,Dragon (Esoteric (Occult), Young Occult Dragon)],[!PRERACE:1,%]	SOURCEPAGE:p.96
ALIGN:NG
RACE:Dragon (Esoteric (Occult), Young Occult Dragon)	!PRERACE:1,%
NAME:Dragon (Esoteric (Occult), Young Occult Dragon)
STAT:STR=10|DEX=10|CON=10|INT=10|WIS=10|CHA=10

STARTPACK:Drake (Ether Drake) Default	TYPE:Default Monster.Dragon	VISIBLE:QUALIFY	EQUIPBUY:0	PREMULT:1,[PRERACE:1,Drake (Ether Drake)],[!PRERACE:1,%]	SOURCEPAGE:p.99
ALIGN:TN
RACE:Drake (Ether Drake)	!PRERACE:1,%
NAME:Drake (Ether Drake)
STAT:STR=10|DEX=10|CON=10|INT=10|WIS=10|CHA=10
SKILL:Perception	RANK:12
SKILL:Stealth	RANK:12
ABILITY:CATEGORY=FEAT|Cleave
ABILITY:CATEGORY=FEAT|Combat Reflexes
ABILITY:CATEGORY=FEAT|Critical Focus
ABILITY:CATEGORY=FEAT|Great Cleave
ABILITY:CATEGORY=FEAT|Improved Critical (bite)
ABILITY:CATEGORY=FEAT|Improved Natural Attack (bite)
ABILITY:CATEGORY=FEAT|Iron Will
ABILITY:CATEGORY=FEAT|Power Attack
ABILITY:CATEGORY=FEAT|Weapon Focus (bite)

STARTPACK:Drake (Jungle Drake) Default	TYPE:Default Monster.Dragon	VISIBLE:QUALIFY	EQUIPBUY:0	PREMULT:1,[PRERACE:1,Drake (Jungle Drake)],[!PRERACE:1,%]	SOURCEPAGE:p.100
ALIGN:NE
RACE:Drake (Jungle Drake)	!PRERACE:1,%
NAME:Drake (Jungle Drake)
STAT:STR=10|DEX=10|CON=10|INT=10|WIS=10|CHA=10
SKILL:Perception	RANK:7
SKILL:Stealth	RANK:7
ABILITY:CATEGORY=FEAT|Cleave
ABILITY:CATEGORY=FEAT|Combat Reflexes
ABILITY:CATEGORY=FEAT|Critical Focus
ABILITY:CATEGORY=FEAT|Great Cleave
ABILITY:CATEGORY=FEAT|Improved Critical (bite)
ABILITY:CATEGORY=FEAT|Improved Natural Attack (bite)
ABILITY:CATEGORY=FEAT|Iron Will
ABILITY:CATEGORY=FEAT|Power Attack
ABILITY:CATEGORY=FEAT|Weapon Focus (bite)

STARTPACK:Echeneis Default	TYPE:Default Monster.Magical Beast	VISIBLE:QUALIFY	EQUIPBUY:0	PREMULT:1,[PRERACE:1,Echeneis],[!PRERACE:1,%]	SOURCEPAGE:p.103
ALIGN:TN
RACE:Echeneis	!PRERACE:1,%
NAME:Echeneis
STAT:STR=10|DEX=10|CON=10|INT=10|WIS=10|CHA=10
SKILL:Perception	RANK:2
SKILL:Stealth	RANK:3
SKILL:Swim	RANK:3
ABILITY:CATEGORY=FEAT|Improved Initiative
ABILITY:CATEGORY=FEAT|Lightning Reflexes

STARTPACK:Egregore Default	TYPE:Default Monster.Aberration	VISIBLE:QUALIFY	EQUIPBUY:0	PREMULT:1,[PRERACE:1,Egregore],[!PRERACE:1,%]	SOURCEPAGE:p.104
ALIGN:TN
RACE:Egregore	!PRERACE:1,%
NAME:Egregore
STAT:STR=10|DEX=10|CON=10|INT=10|WIS=10|CHA=10
SKILL:Bluff	RANK:10
SKILL:Escape Artist	RANK:13
SKILL:Fly	RANK:13
SKILL:Intimidate	RANK:13
SKILL:Knowledge (Arcana)	RANK:13
SKILL:Perception	RANK:13
SKILL:Sense Motive	RANK:10
SKILL:Spellcraft	RANK:13
ABILITY:CATEGORY=FEAT|Combat Reflexes
ABILITY:CATEGORY=FEAT|Dodge
ABILITY:CATEGORY=FEAT|Great Fortitude
ABILITY:CATEGORY=FEAT|Improved Initiative
ABILITY:CATEGORY=FEAT|Iron Will
ABILITY:CATEGORY=FEAT|Lightning Reflexes
ABILITY:CATEGORY=FEAT|Toughness

STARTPACK:Elemental (Aether) (Elder Aether Elemental) Default	TYPE:Default Monster.Outsider	VISIBLE:QUALIFY	EQUIPBUY:0	PREMULT:1,[PRERACE:1,Elemental (Aether) (Elder Aether Elemental)],[!PRERACE:1,%]	SOURCEPAGE:p.107
ALIGN:TN
RACE:Elemental (Aether) (Elder Aether Elemental)	!PRERACE:1,%
NAME:Elemental (Aether) (Elder Aether Elemental)
STAT:STR=10|DEX=10|CON=10|INT=10|WIS=10|CHA=10
SKILL:Acrobatics	RANK:16
SKILL:Escape Artist	RANK:16
SKILL:Fly	RANK:16
SKILL:Knowledge (Planes)	RANK:16
SKILL:Perception	RANK:16
SKILL:Stealth	RANK:8
ABILITY:CATEGORY=FEAT|Combat Reflexes
ABILITY:CATEGORY=FEAT|Deadly Aim
ABILITY:CATEGORY=FEAT|Improved Critical (telekinetic throw)
ABILITY:CATEGORY=FEAT|Improved Initiative
ABILITY:CATEGORY=FEAT|Improved Iron Will
ABILITY:CATEGORY=FEAT|Improved Precise Shot
ABILITY:CATEGORY=FEAT|Iron Will
ABILITY:CATEGORY=FEAT|Point-Blank Shot
ABILITY:CATEGORY=FEAT|Precise Shot

STARTPACK:Elemental (Aether) (Greater Aether Elemental) Default	TYPE:Default Monster.Outsider	VISIBLE:QUALIFY	EQUIPBUY:0	PREMULT:1,[PRERACE:1,Elemental (Aether) (Greater Aether Elemental)],[!PRERACE:1,%]	SOURCEPAGE:p.107
ALIGN:TN
RACE:Elemental (Aether) (Greater Aether Elemental)	!PRERACE:1,%
NAME:Elemental (Aether) (Greater Aether Elemental)
STAT:STR=10|DEX=10|CON=10|INT=10|WIS=10|CHA=10
SKILL:Acrobatics	RANK:13
SKILL:Fly	RANK:13
SKILL:Knowledge (Planes)	RANK:13
SKILL:Perception	RANK:13
SKILL:Stealth	RANK:5
ABILITY:CATEGORY=FEAT|Deadly Aim
ABILITY:CATEGORY=FEAT|Improved Critical (telekinetic throw)
ABILITY:CATEGORY=FEAT|Improved Initiative
ABILITY:CATEGORY=FEAT|Improved Iron Will
ABILITY:CATEGORY=FEAT|Improved Precise Shot
ABILITY:CATEGORY=FEAT|Iron Will
ABILITY:CATEGORY=FEAT|Point-Blank Shot
ABILITY:CATEGORY=FEAT|Precise Shot

STARTPACK:Elemental (Aether) (Huge Aether Elemental) Default	TYPE:Default Monster.Outsider	VISIBLE:QUALIFY	EQUIPBUY:0	PREMULT:1,[PRERACE:1,Elemental (Aether) (Huge Aether Elemental)],[!PRERACE:1,%]	SOURCEPAGE:p.106
ALIGN:TN
RACE:Elemental (Aether) (Huge Aether Elemental)	!PRERACE:1,%
NAME:Elemental (Aether) (Huge Aether Elemental)
STAT:STR=10|DEX=10|CON=10|INT=10|WIS=10|CHA=10
SKILL:Acrobatics	RANK:10
SKILL:Fly	RANK:10
SKILL:Perception	RANK:10
SKILL:Stealth	RANK:2
ABILITY:CATEGORY=FEAT|Improved Critical (telekinetic throw)
ABILITY:CATEGORY=FEAT|Improved Initiative
ABILITY:CATEGORY=FEAT|Improved Iron Will
ABILITY:CATEGORY=FEAT|Iron Will
ABILITY:CATEGORY=FEAT|Point-Blank Shot
ABILITY:CATEGORY=FEAT|Precise Shot

STARTPACK:Elemental (Aether) (Large Aether Elemental) Default	TYPE:Default Monster.Outsider	VISIBLE:QUALIFY	EQUIPBUY:0	PREMULT:1,[PRERACE:1,Elemental (Aether) (Large Aether Elemental)],[!PRERACE:1,%]	SOURCEPAGE:p.106
ALIGN:TN
RACE:Elemental (Aether) (Large Aether Elemental)	!PRERACE:1,%
NAME:Elemental (Aether) (Large Aether Elemental)
STAT:STR=10|DEX=10|CON=10|INT=10|WIS=10|CHA=10
SKILL:Acrobatics	RANK:8
SKILL:Fly	RANK:8
SKILL:Perception	RANK:8
SKILL:Stealth	RANK:4
ABILITY:CATEGORY=FEAT|Improved Initiative
ABILITY:CATEGORY=FEAT|Improved Iron Will
ABILITY:CATEGORY=FEAT|Iron Will
ABILITY:CATEGORY=FEAT|Point- Blank Shot
ABILITY:CATEGORY=FEAT|Precise Shot

STARTPACK:Elemental (Aether) (Medium Aether Elemental) Default	TYPE:Default Monster.Outsider	VISIBLE:QUALIFY	EQUIPBUY:0	PREMULT:1,[PRERACE:1,Elemental (Aether) (Medium Aether Elemental)],[!PRERACE:1,%]	SOURCEPAGE:p.106
ALIGN:TN
RACE:Elemental (Aether) (Medium Aether Elemental)	!PRERACE:1,%
NAME:Elemental (Aether) (Medium Aether Elemental)
STAT:STR=10|DEX=10|CON=10|INT=10|WIS=10|CHA=10
SKILL:Acrobatics	RANK:2
SKILL:Fly	RANK:4
SKILL:Perception	RANK:4
SKILL:Stealth	RANK:4
ABILITY:CATEGORY=FEAT|Improved Initiative
ABILITY:CATEGORY=FEAT|Iron Will
ABILITY:CATEGORY=FEAT|Point-Blank Shot

STARTPACK:Elemental (Aether) (Small Aether Elemental) Default	TYPE:Default Monster.Outsider	VISIBLE:QUALIFY	EQUIPBUY:0	PREMULT:1,[PRERACE:1,Elemental (Aether) (Small Aether Elemental)],[!PRERACE:1,%]	SOURCEPAGE:p.106
ALIGN:TN
RACE:Elemental (Aether) (Small Aether Elemental)	!PRERACE:1,%
NAME:Elemental (Aether) (Small Aether Elemental)
STAT:STR=10|DEX=10|CON=10|INT=10|WIS=10|CHA=10
SKILL:Acrobatics	RANK:1
SKILL:Fly	RANK:2
SKILL:Perception	RANK:2
SKILL:Stealth	RANK:2
ABILITY:CATEGORY=FEAT|Improved Initiative
ABILITY:CATEGORY=FEAT|Point-Blank Shot

STARTPACK:Emotion Ooze Default	TYPE:Default Monster.Ooze	VISIBLE:QUALIFY	EQUIPBUY:0	PREMULT:1,[PRERACE:1,Emotion Ooze],[!PRERACE:1,%]	SOURCEPAGE:p.108
ALIGN:TN
RACE:Emotion Ooze	!PRERACE:1,%
NAME:Emotion Ooze
STAT:STR=10|DEX=10|CON=10|WIS=10|CHA=10
SKILL:Climb	RANK:5

STARTPACK:Encantado Default	TYPE:Default Monster.Fey	VISIBLE:QUALIFY	EQUIPBUY:0	PREMULT:1,[PRERACE:1,Encantado],[!PRERACE:1,%]	SOURCEPAGE:p.110
ALIGN:CN
RACE:Encantado	!PRERACE:1,%
NAME:Encantado
STAT:STR=10|DEX=10|CON=10|INT=10|WIS=10|CHA=10
SKILL:Bluff	RANK:10
SKILL:Diplomacy	RANK:10
SKILL:Disguise	RANK:1
SKILL:Escape Artist	RANK:10
SKILL:Knowledge (Local)	RANK:5
SKILL:Perception	RANK:10
SKILL:Perform (dance)	RANK:5
SKILL:Perform (sing)	RANK:5
SKILL:Sense Motive	RANK:4
SKILL:Stealth	RANK:10
SKILL:Swim	RANK:9
ABILITY:CATEGORY=FEAT|Agile Maneuvers
ABILITY:CATEGORY=FEAT|Deceitful
ABILITY:CATEGORY=FEAT|Improved Initiative
ABILITY:CATEGORY=FEAT|Toughness
ABILITY:CATEGORY=FEAT|Weapon Finesse

STARTPACK:Etiainen Default	TYPE:Default Monster.Outsider	VISIBLE:QUALIFY	EQUIPBUY:0	PREMULT:1,[PRERACE:1,Etiainen],[!PRERACE:1,%]	SOURCEPAGE:p.111
ALIGN:CN
RACE:Etiainen	!PRERACE:1,%
NAME:Etiainen
STAT:DEX=10|CON=10|INT=10|WIS=10|CHA=10
SKILL:Disguise	RANK:2
SKILL:Perception	RANK:2
SKILL:Stealth	RANK:2
ABILITY:CATEGORY=FEAT|Skill Focus (Stealth)
ABILITY:CATEGORY=FEAT|Weapon Finesse

STARTPACK:Fastachee Default	TYPE:Default Monster.Fey	VISIBLE:QUALIFY	EQUIPBUY:0	PREMULT:1,[PRERACE:1,Fastachee],[!PRERACE:1,%]	SOURCEPAGE:p.114
ALIGN:NG
RACE:Fastachee	!PRERACE:1,%
NAME:Fastachee
STAT:STR=10|DEX=10|CON=10|INT=10|WIS=10|CHA=10
SKILL:Acrobatics	RANK:18
SKILL:Craft (alchemy)	RANK:18
SKILL:Escape Artist	RANK:18
SKILL:Heal	RANK:18
SKILL:Knowledge (Arcana)	RANK:15
SKILL:Knowledge (Nature)	RANK:18
SKILL:Perception	RANK:18
SKILL:Sense Motive	RANK:18
SKILL:Spellcraft	RANK:15
SKILL:Survival	RANK:15
ABILITY:CATEGORY=FEAT|Augment Summoning
ABILITY:CATEGORY=FEAT|Combat Casting
ABILITY:CATEGORY=FEAT|Great Fortitude
ABILITY:CATEGORY=FEAT|Improved Initiative
ABILITY:CATEGORY=FEAT|Skill Focus (Heal)
ABILITY:CATEGORY=FEAT|Spell Focus (conjuration)
ABILITY:CATEGORY=FEAT|Toughness
ABILITY:CATEGORY=FEAT|Weapon Finesse
ABILITY:CATEGORY=FEAT|Weapon Focus (vines)

STARTPACK:Firbolg Default	TYPE:Default Monster.Humanoid	VISIBLE:QUALIFY	EQUIPBUY:0	PREMULT:1,[PRERACE:1,Firbolg],[!PRERACE:1,%]	SOURCEPAGE:p.116
ALIGN:TN
RACE:Firbolg	!PRERACE:1,%
NAME:Firbolg
STAT:STR=10|DEX=10|CON=10|INT=10|WIS=10|CHA=10
SKILL:Climb	RANK:4
SKILL:Knowledge (Nature)	RANK:1
SKILL:Perception	RANK:4
SKILL:Sense Motive	RANK:1
SKILL:Stealth	RANK:1
SKILL:Survival	RANK:4
ABILITY:CATEGORY=FEAT|Deflect Arrows
ABILITY:CATEGORY=FEAT|Improved Initiative
ABILITY:CATEGORY=FEAT|Lightning Reflexes

STARTPACK:Gegenees Default	TYPE:Default Monster.Monstrous Humanoid	VISIBLE:QUALIFY	EQUIPBUY:0	PREMULT:1,[PRERACE:1,Gegenees],[!PRERACE:1,%]	SOURCEPAGE:p.118
ALIGN:CN
RACE:Gegenees	!PRERACE:1,%
NAME:Gegenees
STAT:STR=10|DEX=10|CON=10|INT=10|WIS=10|CHA=10
SKILL:Climb	RANK:5
SKILL:Craft (any one)	RANK:3
SKILL:Intimidate	RANK:20
SKILL:Perception	RANK:20
SKILL:Stealth	RANK:12
SKILL:Survival	RANK:7
SKILL:Swim	RANK:5
ABILITY:CATEGORY=FEAT|Awesome Blow
ABILITY:CATEGORY=FEAT|Combat Reflexes
ABILITY:CATEGORY=FEAT|Critical Focus
ABILITY:CATEGORY=FEAT|Improved Bull Rush
ABILITY:CATEGORY=FEAT|Improved Initiative
ABILITY:CATEGORY=FEAT|Intimidating Prowess
ABILITY:CATEGORY=FEAT|Power Attack
ABILITY:CATEGORY=FEAT|Quick Draw
ABILITY:CATEGORY=FEAT|Staggering Critical
ABILITY:CATEGORY=FEAT|Stunning Critical

STARTPACK:Ghoul (Leng Ghoul) Default	TYPE:Default Monster.Undead	VISIBLE:QUALIFY	EQUIPBUY:0	PREMULT:1,[PRERACE:1,Ghoul (Leng Ghoul)],[!PRERACE:1,%]	SOURCEPAGE:p.120
ALIGN:CE
RACE:Ghoul (Leng Ghoul)	!PRERACE:1,%
NAME:Ghoul (Leng Ghoul)
STAT:STR=10|DEX=10|INT=10|WIS=10|CHA=10
SKILL:Knowledge (History)	RANK:1
SKILL:Perception	RANK:1
SKILL:Stealth	RANK:1
ABILITY:CATEGORY=FEAT|Dodge
ABILITY:CATEGORY=FEAT|Weapon Focus (claws)

STARTPACK:Giant Mantis Shrimp Default	TYPE:Default Monster.Vermin	VISIBLE:QUALIFY	EQUIPBUY:0	PREMULT:1,[PRERACE:1,Giant Mantis Shrimp],[!PRERACE:1,%]	SOURCEPAGE:p.232
ALIGN:TN
RACE:Giant Mantis Shrimp	!PRERACE:1,%
NAME:Giant Mantis Shrimp
STAT:STR=10|DEX=10|CON=10|WIS=10|CHA=10
ABILITY:CATEGORY=FEAT|Weapon Finesse

STARTPACK:Giant Muckdweller Default	TYPE:Default Monster.Magical Beast	VISIBLE:QUALIFY	EQUIPBUY:0	PREMULT:1,[PRERACE:1,Giant Muckdweller],[!PRERACE:1,%]	SOURCEPAGE:p.175
ALIGN:TN
RACE:Giant Muckdweller	!PRERACE:1,%
NAME:Giant Muckdweller
STAT:STR=10|DEX=10|CON=10|INT=10|WIS=10|CHA=10
SKILL:Acrobatics	RANK:1
SKILL:Perception	RANK:3
SKILL:Swim	RANK:3
ABILITY:CATEGORY=FEAT|Iron Will
ABILITY:CATEGORY=FEAT|Skill Focus (Perception)

STARTPACK:Giant Scarab Default	TYPE:Default Monster.Vermin	VISIBLE:QUALIFY	EQUIPBUY:0	PREMULT:1,[PRERACE:1,Giant Scarab],[!PRERACE:1,%]	SOURCEPAGE:p.221
ALIGN:TN
RACE:Giant Scarab	!PRERACE:1,%
NAME:Giant Scarab
STAT:STR=10|DEX=10|CON=10|WIS=10|CHA=10
SKILL:Climb	RANK:5
SKILL:Perception	RANK:1

STARTPACK:Giant Termite Default	TYPE:Default Monster.Vermin	VISIBLE:QUALIFY	EQUIPBUY:0	PREMULT:1,[PRERACE:1,Giant Termite],[!PRERACE:1,%]	SOURCEPAGE:p.242
ALIGN:TN
RACE:Giant Termite	!PRERACE:1,%
NAME:Giant Termite
STAT:STR=10|DEX=10|CON=10|WIS=10|CHA=10

STARTPACK:Giant (Eclipse Giant) Default	TYPE:Default Monster.Humanoid	VISIBLE:QUALIFY	EQUIPBUY:0	PREMULT:1,[PRERACE:1,Giant (Eclipse Giant)],[!PRERACE:1,%]	SOURCEPAGE:p.121
ALIGN:TN
RACE:Giant (Eclipse Giant)	!PRERACE:1,%
NAME:Giant (Eclipse Giant)
STAT:STR=10|DEX=10|CON=10|INT=10|WIS=10|CHA=10
SKILL:Perception	RANK:1
SKILL:Stealth	RANK:6
ABILITY:CATEGORY=FEAT|Cleave
ABILITY:CATEGORY=FEAT|Great Fortitude
ABILITY:CATEGORY=FEAT|Improved Initiative
ABILITY:CATEGORY=FEAT|Power Attack
ABILITY:CATEGORY=FEAT|Skill Focus (Stealth)
ABILITY:CATEGORY=FEAT|Vital Strike
ABILITY:CATEGORY=FEAT|Weapon Focus (bite)

STARTPACK:Giant (Moon Giant) Default	TYPE:Default Monster.Humanoid	VISIBLE:QUALIFY	EQUIPBUY:0	PREMULT:1,[PRERACE:1,Giant (Moon Giant)],[!PRERACE:1,%]	SOURCEPAGE:p.122
ALIGN:LN
RACE:Giant (Moon Giant)	!PRERACE:1,%
NAME:Giant (Moon Giant)
STAT:STR=10|DEX=10|CON=10|INT=10|WIS=10|CHA=10
SKILL:Perception	RANK:3
SKILL:Stealth	RANK:2
ABILITY:CATEGORY=FEAT|Cleave
ABILITY:CATEGORY=FEAT|Great Fortitude
ABILITY:CATEGORY=FEAT|Improved Initiative
ABILITY:CATEGORY=FEAT|Power Attack
ABILITY:CATEGORY=FEAT|Skill Focus (Stealth)
ABILITY:CATEGORY=FEAT|Vital Strike
ABILITY:CATEGORY=FEAT|Weapon Focus (bite)

STARTPACK:Giant (Sun Giant) Default	TYPE:Default Monster.Humanoid	VISIBLE:QUALIFY	EQUIPBUY:0	PREMULT:1,[PRERACE:1,Giant (Sun Giant)],[!PRERACE:1,%]	SOURCEPAGE:p.123
ALIGN:CE
RACE:Giant (Sun Giant)	!PRERACE:1,%
NAME:Giant (Sun Giant)
STAT:STR=10|DEX=10|CON=10|INT=10|WIS=10|CHA=10
SKILL:Perception	RANK:2
SKILL:Stealth	RANK:3
ABILITY:CATEGORY=FEAT|Cleave
ABILITY:CATEGORY=FEAT|Great Fortitude
ABILITY:CATEGORY=FEAT|Improved Initiative
ABILITY:CATEGORY=FEAT|Power Attack
ABILITY:CATEGORY=FEAT|Skill Focus (Stealth)
ABILITY:CATEGORY=FEAT|Vital Strike
ABILITY:CATEGORY=FEAT|Weapon Focus (bite)

STARTPACK:Golem (Crystal Golem) Default	TYPE:Default Monster.Construct	VISIBLE:QUALIFY	EQUIPBUY:0	PREMULT:1,[PRERACE:1,Golem (Crystal Golem)],[!PRERACE:1,%]	SOURCEPAGE:p.126
ALIGN:TN
RACE:Golem (Crystal Golem)	!PRERACE:1,%
NAME:Golem (Crystal Golem)
STAT:STR=10|DEX=10|WIS=10|CHA=10

STARTPACK:Golem (Lead Golem) Default	TYPE:Default Monster.Construct	VISIBLE:QUALIFY	EQUIPBUY:0	PREMULT:1,[PRERACE:1,Golem (Lead Golem)],[!PRERACE:1,%]	SOURCEPAGE:p.127
ALIGN:TN
RACE:Golem (Lead Golem)	!PRERACE:1,%
NAME:Golem (Lead Golem)
STAT:STR=10|DEX=10|WIS=10|CHA=10

STARTPACK:Gravebound Default	TYPE:Default Monster.Undead	VISIBLE:QUALIFY	EQUIPBUY:0	PREMULT:1,[PRERACE:1,Gravebound],[!PRERACE:1,%]	SOURCEPAGE:p.128
ALIGN:NE
RACE:Gravebound	!PRERACE:1,%
NAME:Gravebound
STAT:STR=10|DEX=10|INT=10|WIS=10|CHA=10
SKILL:Acrobatics	RANK:1
SKILL:Intimidate	RANK:4
SKILL:Knowledge (Religion)	RANK:4
SKILL:Perception	RANK:4
SKILL:Stealth	RANK:4
ABILITY:CATEGORY=FEAT|Ability Focus (gravedigger)
ABILITY:CATEGORY=FEAT|Improved Initiative
ABILITY:CATEGORY=FEAT|Weapon Focus (claw)

STARTPACK:Gray Default	TYPE:Default Monster.Humanoid	VISIBLE:QUALIFY	EQUIPBUY:0	PREMULT:1,[PRERACE:1,Gray],[!PRERACE:1,%]	SOURCEPAGE:p.129
ALIGN:NE
RACE:Gray	!PRERACE:1,%
NAME:Gray
STAT:STR=10|DEX=10|CON=10|INT=10|WIS=10|CHA=10
SKILL:Heal	RANK:3
SKILL:Knowledge (Any One)	RANK:3
SKILL:Knowledge (Arcana)	RANK:1
SKILL:Knowledge (Planes)	RANK:3
SKILL:Perception	RANK:3
SKILL:Sense Motive	RANK:3
SKILL:Spellcraft	RANK:3
ABILITY:CATEGORY=FEAT|Combat Casting
ABILITY:CATEGORY=FEAT|Improved Iron Will
ABILITY:CATEGORY=FEAT|Iron Will

STARTPACK:Gremlin (Hobkins) Default	TYPE:Default Monster.Fey	VISIBLE:QUALIFY	EQUIPBUY:0	PREMULT:1,[PRERACE:1,Gremlin (Hobkins)],[!PRERACE:1,%]	SOURCEPAGE:p.131
ALIGN:NE
RACE:Gremlin (Hobkins)	!PRERACE:1,%
NAME:Gremlin (Hobkins)
STAT:STR=10|DEX=10|CON=10|INT=10|WIS=10|CHA=10
SKILL:Acrobatics	RANK:2
SKILL:Bluff	RANK:2
SKILL:Intimidate	RANK:2
SKILL:Knowledge (Local)	RANK:2
SKILL:Perception	RANK:2
SKILL:Sense Motive	RANK:2
SKILL:Stealth	RANK:2
ABILITY:CATEGORY=FEAT|Weapon Finesse

STARTPACK:Gremlin (Nuno) Default	TYPE:Default Monster.Fey	VISIBLE:QUALIFY	EQUIPBUY:0	PREMULT:1,[PRERACE:1,Gremlin (Nuno)],[!PRERACE:1,%]	SOURCEPAGE:p.132
ALIGN:NE
RACE:Gremlin (Nuno)	!PRERACE:1,%
NAME:Gremlin (Nuno)
STAT:STR=10|DEX=10|CON=10|INT=10|WIS=10|CHA=10
SKILL:Bluff	RANK:1
SKILL:Knowledge (Dungeoneering)	RANK:1
SKILL:Knowledge (Nature)	RANK:1
SKILL:Perception	RANK:1
SKILL:Sense Motive	RANK:1
SKILL:Stealth	RANK:1
SKILL:Survival	RANK:1
ABILITY:CATEGORY=FEAT|Ability Focus (nuno’s curse)

STARTPACK:Griefgall Default	TYPE:Default Monster.Plant	VISIBLE:QUALIFY	EQUIPBUY:0	PREMULT:1,[PRERACE:1,Griefgall],[!PRERACE:1,%]	SOURCEPAGE:p.133
ALIGN:NE
RACE:Griefgall	!PRERACE:1,%
NAME:Griefgall
STAT:STR=10|DEX=10|CON=10|INT=10|WIS=10|CHA=10
SKILL:Climb	RANK:5
SKILL:Perception	RANK:9
SKILL:Stealth	RANK:9
ABILITY:CATEGORY=FEAT|Dodge
ABILITY:CATEGORY=FEAT|Improved Initiative
ABILITY:CATEGORY=FEAT|Skill Focus (Perception)
ABILITY:CATEGORY=FEAT|Skill Focus (Stealth)
ABILITY:CATEGORY=FEAT|Weapon Finesse

STARTPACK:Grim Reaper (Grim Reaper (Bestiary 5)) Default	TYPE:Default Monster.Undead	VISIBLE:QUALIFY	EQUIPBUY:0	PREMULT:1,[PRERACE:1,Grim Reaper (Grim Reaper (Bestiary 5))],[!PRERACE:1,%]	SOURCEPAGE:p.134
ALIGN:NE
RACE:Grim Reaper (Grim Reaper (Bestiary 5))	!PRERACE:1,%
NAME:Grim Reaper (Grim Reaper (Bestiary 5))
STAT:STR=10|DEX=10|INT=10|WIS=10|CHA=10
SKILL:Acrobatics	RANK:29
SKILL:Disguise	RANK:32
SKILL:Fly	RANK:5
SKILL:Intimidate	RANK:32
SKILL:Knowledge (Planes)	RANK:13
SKILL:Knowledge (Religion)	RANK:16
SKILL:Ride	RANK:29
SKILL:Stealth	RANK:32
ABILITY:CATEGORY=FEAT|Cleave
ABILITY:CATEGORY=FEAT|Cleaving Finish
ABILITY:CATEGORY=FEAT|Combat Casting
ABILITY:CATEGORY=FEAT|Combat Reflexes
ABILITY:CATEGORY=FEAT|Critical Focus
ABILITY:CATEGORY=FEAT|Dazing Assault
ABILITY:CATEGORY=FEAT|Furious Focus
ABILITY:CATEGORY=FEAT|Great Cleave
ABILITY:CATEGORY=FEAT|Improved Cleaving Finish
ABILITY:CATEGORY=FEAT|Improved Initiative
ABILITY:CATEGORY=FEAT|Power Attack
ABILITY:CATEGORY=FEAT|Staggering Critical
ABILITY:CATEGORY=FEAT|Step Up
ABILITY:CATEGORY=FEAT|Stunning Critical
ABILITY:CATEGORY=FEAT|Tiring Critical
ABILITY:CATEGORY=FEAT|Weapon Focus (scythe)

STARTPACK:Grim Reaper (Lesser Death) Default	TYPE:Default Monster.Undead	VISIBLE:QUALIFY	EQUIPBUY:0	PREMULT:1,[PRERACE:1,Grim Reaper (Lesser Death)],[!PRERACE:1,%]	SOURCEPAGE:p.134
ALIGN:NE
RACE:Grim Reaper (Lesser Death)	!PRERACE:1,%
NAME:Grim Reaper (Lesser Death)
STAT:STR=10|DEX=10|INT=10|WIS=10|CHA=10
SKILL:Acrobatics	RANK:24
SKILL:Disguise	RANK:24
SKILL:Fly	RANK:5
SKILL:Intimidate	RANK:24
SKILL:Knowledge (Planes)	RANK:13
SKILL:Knowledge (Religion)	RANK:16
SKILL:Ride	RANK:24
SKILL:Stealth	RANK:24
ABILITY:CATEGORY=FEAT|Cleave
ABILITY:CATEGORY=FEAT|Cleaving Finish
ABILITY:CATEGORY=FEAT|Combat Casting
ABILITY:CATEGORY=FEAT|Combat Reflexes
ABILITY:CATEGORY=FEAT|Critical Focus
ABILITY:CATEGORY=FEAT|Dazing Assault
ABILITY:CATEGORY=FEAT|Furious Focus
ABILITY:CATEGORY=FEAT|Great Cleave
ABILITY:CATEGORY=FEAT|Improved Cleaving Finish
ABILITY:CATEGORY=FEAT|Improved Initiative
ABILITY:CATEGORY=FEAT|Power Attack
ABILITY:CATEGORY=FEAT|Staggering Critical
ABILITY:CATEGORY=FEAT|Step Up
ABILITY:CATEGORY=FEAT|Stunning Critical
ABILITY:CATEGORY=FEAT|Tiring Critical
ABILITY:CATEGORY=FEAT|Weapon Focus (scythe)

STARTPACK:Hag (Storm Hag) Default	TYPE:Default Monster.Monstrous Humanoid	VISIBLE:QUALIFY	EQUIPBUY:0	PREMULT:1,[PRERACE:1,Hag (Storm Hag)],[!PRERACE:1,%]	SOURCEPAGE:p.235
ALIGN:CE
RACE:Hag (Storm Hag)	!PRERACE:1,%
NAME:Hag (Storm Hag)
STAT:STR=10|DEX=10|CON=10|INT=10|WIS=10|CHA=10

STARTPACK:Heikegani Default	TYPE:Default Monster.Aberration	VISIBLE:QUALIFY	EQUIPBUY:0	PREMULT:1,[PRERACE:1,Heikegani],[!PRERACE:1,%]	SOURCEPAGE:p.141
ALIGN:NE
RACE:Heikegani	!PRERACE:1,%
NAME:Heikegani
STAT:STR=10|DEX=10|CON=10|INT=10|WIS=10|CHA=10
SKILL:Intimidate	RANK:5
SKILL:Knowledge (Nobility)	RANK:2
SKILL:Perception	RANK:5
SKILL:Swim	RANK:5
ABILITY:CATEGORY=FEAT|Power Attack
ABILITY:CATEGORY=FEAT|Skill Focus (Intimidate)
ABILITY:CATEGORY=FEAT|Weapon Focus (claw)

STARTPACK:House Spirit (Domovoi) Default	TYPE:Default Monster.Fey	VISIBLE:QUALIFY	EQUIPBUY:0	PREMULT:1,[PRERACE:1,House Spirit (Domovoi)],[!PRERACE:1,%]	SOURCEPAGE:p.142
ALIGN:CG
RACE:House Spirit (Domovoi)	!PRERACE:1,%
NAME:House Spirit (Domovoi)
STAT:STR=10|DEX=10|CON=10|INT=10|WIS=10|CHA=10
SKILL:Acrobatics	RANK:2
SKILL:Bluff	RANK:3
SKILL:Diplomacy	RANK:3
SKILL:Handle Animal	RANK:2
SKILL:Knowledge (Local)	RANK:2
SKILL:Perception	RANK:3
SKILL:Sense Motive	RANK:3
SKILL:Stealth	RANK:5
ABILITY:CATEGORY=FEAT|Dodge
ABILITY:CATEGORY=FEAT|Improved Initiative
ABILITY:CATEGORY=FEAT|Mobility

STARTPACK:House Spirit (Dvorovoi) Default	TYPE:Default Monster.Fey	VISIBLE:QUALIFY	EQUIPBUY:0	PREMULT:1,[PRERACE:1,House Spirit (Dvorovoi)],[!PRERACE:1,%]	SOURCEPAGE:p.142
ALIGN:CN
RACE:House Spirit (Dvorovoi)	!PRERACE:1,%
NAME:House Spirit (Dvorovoi)
STAT:STR=10|DEX=10|CON=10|INT=10|WIS=10|CHA=10
SKILL:Acrobatics	RANK:4
SKILL:Bluff	RANK:4
SKILL:Diplomacy	RANK:3
SKILL:Handle Animal	RANK:7
SKILL:Knowledge (Nature)	RANK:3
SKILL:Perception	RANK:5
SKILL:Sense Motive	RANK:2
SKILL:Stealth	RANK:7
SKILL:Survival	RANK:1
ABILITY:CATEGORY=FEAT|Catch Off-Guard
ABILITY:CATEGORY=FEAT|Combat Reflexes
ABILITY:CATEGORY=FEAT|Throw Anything
ABILITY:CATEGORY=FEAT|Two-Handed Thrower

STARTPACK:House Spirit (Ovinnik) Default	TYPE:Default Monster.Fey	VISIBLE:QUALIFY	EQUIPBUY:0	PREMULT:1,[PRERACE:1,House Spirit (Ovinnik)],[!PRERACE:1,%]	SOURCEPAGE:p.143
ALIGN:CN
RACE:House Spirit (Ovinnik)	!PRERACE:1,%
NAME:House Spirit (Ovinnik)
STAT:STR=10|DEX=10|CON=10|INT=10|WIS=10|CHA=10
SKILL:Acrobatics	RANK:2
SKILL:Climb	RANK:4
SKILL:Escape Artist	RANK:4
SKILL:Intimidate	RANK:1
SKILL:Knowledge (Local)	RANK:2
SKILL:Knowledge (Nature)	RANK:2
SKILL:Perception	RANK:4
SKILL:Stealth	RANK:4
ABILITY:CATEGORY=FEAT|Go Unnoticed
ABILITY:CATEGORY=FEAT|Weapon Finesse

STARTPACK:Hundun Default	TYPE:Default Monster.Aberration	VISIBLE:QUALIFY	EQUIPBUY:0	PREMULT:1,[PRERACE:1,Hundun],[!PRERACE:1,%]	SOURCEPAGE:p.144
ALIGN:CE
RACE:Hundun	!PRERACE:1,%
NAME:Hundun
STAT:STR=10|DEX=10|CON=10|INT=10|WIS=10|CHA=10
SKILL:Acrobatics	RANK:27
SKILL:Climb	RANK:15
SKILL:Escape Artist	RANK:27
SKILL:Intimidate	RANK:27
SKILL:Knowledge (Planes)	RANK:15
SKILL:Perception	RANK:27
SKILL:Sense Motive	RANK:18
SKILL:Spellcraft	RANK:15
SKILL:Stealth	RANK:23
SKILL:Swim	RANK:15
ABILITY:CATEGORY=FEAT|Befuddling Strike
ABILITY:CATEGORY=FEAT|Blind-Fight
ABILITY:CATEGORY=FEAT|Combat Reflexes
ABILITY:CATEGORY=FEAT|Dimensional Agility
ABILITY:CATEGORY=FEAT|Dimensional Assault
ABILITY:CATEGORY=FEAT|Dimensional Dervish
ABILITY:CATEGORY=FEAT|Greater Blind-Fight
ABILITY:CATEGORY=FEAT|Improved Blind-Fight
ABILITY:CATEGORY=FEAT|Improved Critical (unarmed strike)
ABILITY:CATEGORY=FEAT|Improved Initiative
ABILITY:CATEGORY=FEAT|Improved Unarmed Strike
ABILITY:CATEGORY=FEAT|Punishing Kick
ABILITY:CATEGORY=FEAT|Quicken Spell-Like Ability (dimension door)
ABILITY:CATEGORY=FEAT|Quicken Spell-Like Ability (mass inflict moderate wounds)
ABILITY:CATEGORY=FEAT|Weapon Focus (unarmed strike)

STARTPACK:Ichthyocentaur Default	TYPE:Default Monster.Monstrous Humanoid	VISIBLE:QUALIFY	EQUIPBUY:0	PREMULT:1,[PRERACE:1,Ichthyocentaur],[!PRERACE:1,%]	SOURCEPAGE:p.146
ALIGN:TN
RACE:Ichthyocentaur	!PRERACE:1,%
NAME:Ichthyocentaur
STAT:STR=10|DEX=10|CON=10|INT=10|WIS=10|CHA=10
SKILL:Diplomacy	RANK:2
SKILL:Intimidate	RANK:5
SKILL:Knowledge (Nature)	RANK:2
SKILL:Perception	RANK:5
SKILL:Perform (wind instruments)	RANK:2
SKILL:Survival	RANK:5
SKILL:Swim	RANK:7
ABILITY:CATEGORY=FEAT|Dodge
ABILITY:CATEGORY=FEAT|Mobility
ABILITY:CATEGORY=FEAT|Quick Draw
ABILITY:CATEGORY=FEAT|Weapon Focus (harpoon)

STARTPACK:Isonade Default	TYPE:Default Monster.Magical Beast	VISIBLE:QUALIFY	EQUIPBUY:0	PREMULT:1,[PRERACE:1,Isonade],[!PRERACE:1,%]	SOURCEPAGE:p.147
ALIGN:CE
RACE:Isonade	!PRERACE:1,%
NAME:Isonade
STAT:STR=10|DEX=10|CON=10|INT=10|WIS=10|CHA=10
SKILL:Perception	RANK:20
SKILL:Stealth	RANK:14
SKILL:Swim	RANK:20
ABILITY:CATEGORY=FEAT|Combat Expertise
ABILITY:CATEGORY=FEAT|Dodge
ABILITY:CATEGORY=FEAT|Greater Drag
ABILITY:CATEGORY=FEAT|Improved Drag
ABILITY:CATEGORY=FEAT|Improved Vital Strike
ABILITY:CATEGORY=FEAT|Iron Will
ABILITY:CATEGORY=FEAT|Mobility
ABILITY:CATEGORY=FEAT|Skill Focus (Stealth)
ABILITY:CATEGORY=FEAT|Spring Attack
ABILITY:CATEGORY=FEAT|Vital Strike
ABILITY:CATEGORY=FEAT|Weapon Focus (bite)

STARTPACK:Karkadann Default	TYPE:Default Monster.Magical Beast	VISIBLE:QUALIFY	EQUIPBUY:0	PREMULT:1,[PRERACE:1,Karkadann],[!PRERACE:1,%]	SOURCEPAGE:p.148
ALIGN:TN
RACE:Karkadann	!PRERACE:1,%
NAME:Karkadann
STAT:STR=10|DEX=10|CON=10|INT=10|WIS=10|CHA=10
SKILL:Acrobatics	RANK:4
SKILL:Perception	RANK:4
SKILL:Survival	RANK:1
ABILITY:CATEGORY=FEAT|Iron Will
ABILITY:CATEGORY=FEAT|Multiattack
ABILITY:CATEGORY=FEAT|Power Attack

STARTPACK:Kawa Akago Default	TYPE:Default Monster.Plant	VISIBLE:QUALIFY	EQUIPBUY:0	PREMULT:1,[PRERACE:1,Kawa Akago],[!PRERACE:1,%]	SOURCEPAGE:p.149
ALIGN:TN
RACE:Kawa Akago	!PRERACE:1,%
NAME:Kawa Akago
STAT:STR=10|DEX=10|CON=10|INT=10|WIS=10|CHA=10
SKILL:Perception	RANK:4
SKILL:Stealth	RANK:4
SKILL:Swim	RANK:3
ABILITY:CATEGORY=FEAT|Improved Initiative
ABILITY:CATEGORY=FEAT|Weapon Focus (bite)

STARTPACK:Ketesthius Default	TYPE:Default Monster.Magical Beast	VISIBLE:QUALIFY	EQUIPBUY:0	PREMULT:1,[PRERACE:1,Ketesthius],[!PRERACE:1,%]	SOURCEPAGE:p.150
ALIGN:LE
RACE:Ketesthius	!PRERACE:1,%
NAME:Ketesthius
STAT:STR=10|DEX=10|CON=10|INT=10|WIS=10|CHA=10
SKILL:Perception	RANK:8
SKILL:Swim	RANK:16
ABILITY:CATEGORY=FEAT|Critical Focus
ABILITY:CATEGORY=FEAT|Improved Critical (bite)
ABILITY:CATEGORY=FEAT|Improved Critical (claws)
ABILITY:CATEGORY=FEAT|Improved Initiative
ABILITY:CATEGORY=FEAT|Iron Will
ABILITY:CATEGORY=FEAT|Lunge
ABILITY:CATEGORY=FEAT|Power Attack
ABILITY:CATEGORY=FEAT|Staggering Critical

STARTPACK:Kikimora Default	TYPE:Default Monster.Fey	VISIBLE:QUALIFY	EQUIPBUY:0	PREMULT:1,[PRERACE:1,Kikimora],[!PRERACE:1,%]	SOURCEPAGE:p.152
ALIGN:CN
RACE:Kikimora	!PRERACE:1,%
NAME:Kikimora
STAT:STR=10|DEX=10|CON=10|INT=10|WIS=10|CHA=10
SKILL:Acrobatics	RANK:7
SKILL:Appraise	RANK:4
SKILL:Bluff	RANK:7
SKILL:Escape Artist	RANK:7
SKILL:Perception	RANK:7
SKILL:Sleight of Hand	RANK:7
SKILL:Stealth	RANK:7
ABILITY:CATEGORY=FEAT|Dodge
ABILITY:CATEGORY=FEAT|Improved Initiative
ABILITY:CATEGORY=FEAT|Stealthy
ABILITY:CATEGORY=FEAT|Toughness
ABILITY:CATEGORY=FEAT|Weapon Finesse

STARTPACK:Kurobozu Default	TYPE:Default Monster.Undead	VISIBLE:QUALIFY	EQUIPBUY:0	PREMULT:1,[PRERACE:1,Kurobozu],[!PRERACE:1,%]	SOURCEPAGE:p.153
ALIGN:LE
RACE:Kurobozu	!PRERACE:1,%
NAME:Kurobozu
STAT:STR=10|DEX=10|INT=10|WIS=10|CHA=10
SKILL:Acrobatics	RANK:6
SKILL:Climb	RANK:4
SKILL:Perception	RANK:9
SKILL:Sense Motive	RANK:5
SKILL:Stealth	RANK:9
ABILITY:CATEGORY=FEAT|Defensive Combat Training
ABILITY:CATEGORY=FEAT|Power Attack
ABILITY:CATEGORY=FEAT|Improved Initiative
ABILITY:CATEGORY=FEAT|Improved Unarmed Strike
ABILITY:CATEGORY=FEAT|Lightning Reflexes
ABILITY:CATEGORY=FEAT|Stunning Fist
ABILITY:CATEGORY=FEAT|Weapon Focus (unarmed strike)

STARTPACK:Leshy (Flytrap Leshy) Default	TYPE:Default Monster.Plant	VISIBLE:QUALIFY	EQUIPBUY:0	PREMULT:1,[PRERACE:1,Leshy (Flytrap Leshy)],[!PRERACE:1,%]	SOURCEPAGE:p.156
ALIGN:TN
RACE:Leshy (Flytrap Leshy)	!PRERACE:1,%
NAME:Leshy (Flytrap Leshy)
STAT:STR=10|DEX=10|CON=10|INT=10|WIS=10|CHA=10

STARTPACK:Leshy (Lotus Leshy) Default	TYPE:Default Monster.Plant	VISIBLE:QUALIFY	EQUIPBUY:0	PREMULT:1,[PRERACE:1,Leshy (Lotus Leshy)],[!PRERACE:1,%]	SOURCEPAGE:p.157
ALIGN:TN
RACE:Leshy (Lotus Leshy)	!PRERACE:1,%
NAME:Leshy (Lotus Leshy)
STAT:STR=10|DEX=10|CON=10|INT=10|WIS=10|CHA=10

STARTPACK:Lotus Tree Default	TYPE:Default Monster.Plant	VISIBLE:QUALIFY	EQUIPBUY:0	PREMULT:1,[PRERACE:1,Lotus Tree],[!PRERACE:1,%]	SOURCEPAGE:p.160
ALIGN:TN
RACE:Lotus Tree	!PRERACE:1,%
NAME:Lotus Tree
STAT:STR=10|DEX=10|CON=10|INT=10|WIS=10|CHA=10
SKILL:Bluff	RANK:20
SKILL:Diplomacy	RANK:20
SKILL:Knowledge (Arcana)	RANK:20
SKILL:Knowledge (History)	RANK:20
SKILL:Knowledge (Nature)	RANK:20
SKILL:Perception	RANK:23
SKILL:Sense Motive	RANK:23
SKILL:Spellcraft	RANK:20
ABILITY:CATEGORY=FEAT|Ability Focus (hope theft)
ABILITY:CATEGORY=FEAT|Alertness
ABILITY:CATEGORY=FEAT|Combat Reflexes
ABILITY:CATEGORY=FEAT|Greater Spell Focus (divination)
ABILITY:CATEGORY=FEAT|Improved Initiative
ABILITY:CATEGORY=FEAT|Improved Iron Will
ABILITY:CATEGORY=FEAT|Iron Will
ABILITY:CATEGORY=FEAT|Lightning Reflexes
ABILITY:CATEGORY=FEAT|Quicken Spell
ABILITY:CATEGORY=FEAT|Spell Focus (divination)
ABILITY:CATEGORY=FEAT|Toughness
ABILITY:CATEGORY=FEAT|Weapon Focus (slam)

STARTPACK:Makara Vahana Default	TYPE:Default Monster.Magical Beast	VISIBLE:QUALIFY	EQUIPBUY:0	PREMULT:1,[PRERACE:1,Makara Vahana],[!PRERACE:1,%]	SOURCEPAGE:p.262
ALIGN:TN
RACE:Makara Vahana	!PRERACE:1,%
NAME:Makara Vahana
STAT:STR=10|DEX=10|CON=10|INT=10|WIS=10|CHA=10
SKILL:Perception	RANK:11
ABILITY:CATEGORY=FEAT|Endurance
ABILITY:CATEGORY=FEAT|Great Fortitude
ABILITY:CATEGORY=FEAT|Improved Bull Rush
ABILITY:CATEGORY=FEAT|Iron Will
ABILITY:CATEGORY=FEAT|Power Attack
ABILITY:CATEGORY=FEAT|Skill Focus (Perception)

STARTPACK:Manasaputra (Maharishi Manu) Default	TYPE:Default Monster.Outsider	VISIBLE:QUALIFY	EQUIPBUY:0	PREMULT:1,[PRERACE:1,Manasaputra (Maharishi Manu)],[!PRERACE:1,%]	SOURCEPAGE:p.164
ALIGN:LG
RACE:Manasaputra (Maharishi Manu)	!PRERACE:1,%
NAME:Manasaputra (Maharishi Manu)
STAT:STR=10|DEX=10|CON=10|INT=10|WIS=10|CHA=10
SKILL:Acrobatics	RANK:16
SKILL:Diplomacy	RANK:19
SKILL:Fly	RANK:5
SKILL:Intimidate	RANK:16
SKILL:Knowledge (Any One)	RANK:19
SKILL:Knowledge (History)	RANK:19
SKILL:Knowledge (Local)	RANK:19
SKILL:Knowledge (Planes)	RANK:19
SKILL:Perception	RANK:19
SKILL:Sense Motive	RANK:19
ABILITY:CATEGORY=FEAT|Blind-Fight
ABILITY:CATEGORY=FEAT|Combat Reflexes
ABILITY:CATEGORY=FEAT|Dodge
ABILITY:CATEGORY=FEAT|Improved Initiative
ABILITY:CATEGORY=FEAT|Improved Unarmed Strike
ABILITY:CATEGORY=FEAT|Lightning Stance
ABILITY:CATEGORY=FEAT|Mobility
ABILITY:CATEGORY=FEAT|Skill Focus (Knowledge [history])
ABILITY:CATEGORY=FEAT|Vital Strike
ABILITY:CATEGORY=FEAT|Wind Stance

STARTPACK:Manasaputra (Manu) Default	TYPE:Default Monster.Outsider	VISIBLE:QUALIFY	EQUIPBUY:0	PREMULT:1,[PRERACE:1,Manasaputra (Manu)],[!PRERACE:1,%]	SOURCEPAGE:p.163
ALIGN:LG
RACE:Manasaputra (Manu)	!PRERACE:1,%
NAME:Manasaputra (Manu)
STAT:STR=10|DEX=10|CON=10|INT=10|WIS=10|CHA=10
SKILL:Acrobatics	RANK:11
SKILL:Diplomacy	RANK:17
SKILL:Fly	RANK:5
SKILL:Intimidate	RANK:11
SKILL:Knowledge (Any One)	RANK:15
SKILL:Knowledge (History)	RANK:15
SKILL:Knowledge (Local)	RANK:15
SKILL:Knowledge (Planes)	RANK:15
SKILL:Perception	RANK:17
SKILL:Sense Motive	RANK:14
ABILITY:CATEGORY=FEAT|Combat Expertise
ABILITY:CATEGORY=FEAT|Combat Reflexes
ABILITY:CATEGORY=FEAT|Dodge
ABILITY:CATEGORY=FEAT|Improved Initiative
ABILITY:CATEGORY=FEAT|Mobility
ABILITY:CATEGORY=FEAT|Power Attack
ABILITY:CATEGORY=FEAT|Spring Attack
ABILITY:CATEGORY=FEAT|Whirlwind Attack
ABILITY:CATEGORY=FEAT|Wind Stance

STARTPACK:Manasaputra (Rishi Manu) Default	TYPE:Default Monster.Outsider	VISIBLE:QUALIFY	EQUIPBUY:0	PREMULT:1,[PRERACE:1,Manasaputra (Rishi Manu)],[!PRERACE:1,%]	SOURCEPAGE:p.165
ALIGN:LG
RACE:Manasaputra (Rishi Manu)	!PRERACE:1,%
NAME:Manasaputra (Rishi Manu)
STAT:STR=10|DEX=10|CON=10|INT=10|WIS=10|CHA=10
SKILL:Acrobatics	RANK:15
SKILL:Diplomacy	RANK:18
SKILL:Fly	RANK:5
SKILL:Intimidate	RANK:15
SKILL:Knowledge (Any One)	RANK:18
SKILL:Knowledge (History)	RANK:18
SKILL:Knowledge (Local)	RANK:18
SKILL:Knowledge (Planes)	RANK:18
SKILL:Perception	RANK:18
SKILL:Sense Motive	RANK:18
ABILITY:CATEGORY=FEAT|Blind-Fight
ABILITY:CATEGORY=FEAT|Combat Reflexes
ABILITY:CATEGORY=FEAT|Dazzling Display
ABILITY:CATEGORY=FEAT|Dodge
ABILITY:CATEGORY=FEAT|Improved Initiative
ABILITY:CATEGORY=FEAT|Mobility
ABILITY:CATEGORY=FEAT|Shatter Defenses
ABILITY:CATEGORY=FEAT|Weapon Focus (rishi scepter)
ABILITY:CATEGORY=FEAT|Wind Stance

STARTPACK:Manasaputra (Twilight Pitri (Barhisad)) Default	TYPE:Default Monster.Outsider	VISIBLE:QUALIFY	EQUIPBUY:0	PREMULT:1,[PRERACE:1,Manasaputra (Twilight Pitri (Barhisad))],[!PRERACE:1,%]	SOURCEPAGE:p.168
ALIGN:LG
RACE:Manasaputra (Twilight Pitri (Barhisad))	!PRERACE:1,%
NAME:Manasaputra (Twilight Pitri (Barhisad))
STAT:STR=10|DEX=10|CON=10|INT=10|WIS=10|CHA=10
SKILL:Acrobatics	RANK:14
SKILL:Diplomacy	RANK:22
SKILL:Fly	RANK:3
SKILL:Intimidate	RANK:19
SKILL:Knowledge (Any One)	RANK:18
SKILL:Knowledge (History)	RANK:24
SKILL:Knowledge (Local)	RANK:18
SKILL:Knowledge (Planes)	RANK:18
SKILL:Perception	RANK:17
SKILL:Sense Motive	RANK:17
ABILITY:CATEGORY=FEAT|Blind-Fight
ABILITY:CATEGORY=FEAT|Combat Reflexes
ABILITY:CATEGORY=FEAT|Dodge
ABILITY:CATEGORY=FEAT|Improved Initiative
ABILITY:CATEGORY=FEAT|Improved Unarmed Strike
ABILITY:CATEGORY=FEAT|Lightning Stance
ABILITY:CATEGORY=FEAT|Mobility
ABILITY:CATEGORY=FEAT|Skill Focus (Knowledge [history])
ABILITY:CATEGORY=FEAT|Vital Strike
ABILITY:CATEGORY=FEAT|Wind Stance

STARTPACK:Mngwa Default	TYPE:Default Monster.Magical Beast	VISIBLE:QUALIFY	EQUIPBUY:0	PREMULT:1,[PRERACE:1,Mngwa],[!PRERACE:1,%]	SOURCEPAGE:p.173
ALIGN:CE
RACE:Mngwa	!PRERACE:1,%
NAME:Mngwa
STAT:STR=10|DEX=10|CON=10|INT=10|WIS=10|CHA=10
SKILL:Acrobatics	RANK:7
SKILL:Climb	RANK:1
SKILL:Perception	RANK:6
SKILL:Stealth	RANK:8
SKILL:Swim	RANK:1
ABILITY:CATEGORY=FEAT|Combat Reflexes
ABILITY:CATEGORY=FEAT|Improved Initiative
ABILITY:CATEGORY=FEAT|Iron Will
ABILITY:CATEGORY=FEAT|Skill Focus (Stealth)
ABILITY:CATEGORY=FEAT|Weapon Focus (claw)

STARTPACK:Muse Default	TYPE:Default Monster.Fey	VISIBLE:QUALIFY	EQUIPBUY:0	PREMULT:1,[PRERACE:1,Muse],[!PRERACE:1,%]	SOURCEPAGE:p.179
ALIGN:CG
RACE:Muse	!PRERACE:1,%
NAME:Muse
STAT:STR=10|DEX=10|CON=10|INT=10|WIS=10|CHA=10
SKILL:Craft (all)	RANK:17
SKILL:Escape Artist	RANK:17
SKILL:Knowledge (All)	RANK:8
SKILL:Linguistics	RANK:4
SKILL:Perception	RANK:17
SKILL:Perform (all)	RANK:17
SKILL:Spellcraft	RANK:14
SKILL:Stealth	RANK:17
SKILL:Use Magic Device	RANK:15
ABILITY:CATEGORY=FEAT|Defensive Combat Training
ABILITY:CATEGORY=FEAT|Discordant Voice
ABILITY:CATEGORY=FEAT|Extra Performance
ABILITY:CATEGORY=FEAT|Improved Initiative
ABILITY:CATEGORY=FEAT|Lingering Performance
ABILITY:CATEGORY=FEAT|Skill Focus (Perform [all] and Craft [all])
ABILITY:CATEGORY=FEAT|Toughness
ABILITY:CATEGORY=FEAT|Weapon Finesse

STARTPACK:Ningen Default	TYPE:Default Monster.Monstrous Humanoid	VISIBLE:QUALIFY	EQUIPBUY:0	PREMULT:1,[PRERACE:1,Ningen],[!PRERACE:1,%]	SOURCEPAGE:p.183
ALIGN:TN
RACE:Ningen	!PRERACE:1,%
NAME:Ningen
STAT:STR=10|DEX=10|CON=10|INT=10|WIS=10|CHA=10
SKILL:Intimidate	RANK:11
SKILL:Perception	RANK:21
SKILL:Sense Motive	RANK:7
SKILL:Swim	RANK:21
ABILITY:CATEGORY=FEAT|Awesome Blow
ABILITY:CATEGORY=FEAT|Combat Reflexes
ABILITY:CATEGORY=FEAT|Critical Focus
ABILITY:CATEGORY=FEAT|Dazing Assault
ABILITY:CATEGORY=FEAT|Improved Bull Rush
ABILITY:CATEGORY=FEAT|Improved Critical (claw)
ABILITY:CATEGORY=FEAT|Improved Initiative
ABILITY:CATEGORY=FEAT|Iron Will
ABILITY:CATEGORY=FEAT|Power Attack
ABILITY:CATEGORY=FEAT|Staggering Critical
ABILITY:CATEGORY=FEAT|Weapon Focus (claw)

STARTPACK:Nulmind Default	TYPE:Default Monster.Plant	VISIBLE:QUALIFY	EQUIPBUY:0	PREMULT:1,[PRERACE:1,Nulmind],[!PRERACE:1,%]	SOURCEPAGE:p.184
ALIGN:TN
RACE:Nulmind	!PRERACE:1,%
NAME:Nulmind
STAT:STR=10|DEX=10|CON=10|INT=10|WIS=10|CHA=10
SKILL:Climb	RANK:15
SKILL:Intimidate	RANK:12
SKILL:Perception	RANK:15
SKILL:Sense Motive	RANK:15
SKILL:Spellcraft	RANK:12
ABILITY:CATEGORY=FEAT|Alertness
ABILITY:CATEGORY=FEAT|Combat Casting
ABILITY:CATEGORY=FEAT|Dodge
ABILITY:CATEGORY=FEAT|Great Fortitude
ABILITY:CATEGORY=FEAT|Improved Initiative
ABILITY:CATEGORY=FEAT|Iron Will
ABILITY:CATEGORY=FEAT|Lightning Reflexes
ABILITY:CATEGORY=FEAT|Toughness

STARTPACK:Ostovite Default	TYPE:Default Monster.Magical Beast	VISIBLE:QUALIFY	EQUIPBUY:0	PREMULT:1,[PRERACE:1,Ostovite],[!PRERACE:1,%]	SOURCEPAGE:p.187
ALIGN:CE
RACE:Ostovite	!PRERACE:1,%
NAME:Ostovite
STAT:STR=10|DEX=10|CON=10|INT=10|WIS=10|CHA=10
SKILL:Perception	RANK:1
SKILL:Stealth	RANK:2
ABILITY:CATEGORY=FEAT|Weapon Finesse

STARTPACK:Papinijuwari Default	TYPE:Default Monster.Humanoid	VISIBLE:QUALIFY	EQUIPBUY:0	PREMULT:1,[PRERACE:1,Papinijuwari],[!PRERACE:1,%]	SOURCEPAGE:p.188
ALIGN:NE
RACE:Papinijuwari	!PRERACE:1,%
NAME:Papinijuwari
STAT:STR=10|DEX=10|CON=10|INT=10|WIS=10|CHA=10
SKILL:Climb	RANK:12
SKILL:Fly	RANK:8
SKILL:Intimidate	RANK:15
SKILL:Knowledge (Planes)	RANK:12
SKILL:Knowledge (Religion)	RANK:12
ABILITY:CATEGORY=FEAT|Awesome Blow
ABILITY:CATEGORY=FEAT|Flyby Attack
ABILITY:CATEGORY=FEAT|Improved Bull Rush
ABILITY:CATEGORY=FEAT|Improved Initiative
ABILITY:CATEGORY=FEAT|Improved Iron Will
ABILITY:CATEGORY=FEAT|Iron Will
ABILITY:CATEGORY=FEAT|Lightning Reflexes
ABILITY:CATEGORY=FEAT|Power Attack

STARTPACK:Peuchen Default	TYPE:Default Monster.Magical Beast	VISIBLE:QUALIFY	EQUIPBUY:0	PREMULT:1,[PRERACE:1,Peuchen],[!PRERACE:1,%]	SOURCEPAGE:p.189
ALIGN:NE
RACE:Peuchen	!PRERACE:1,%
NAME:Peuchen
STAT:STR=10|DEX=10|CON=10|INT=10|WIS=10|CHA=10
SKILL:Bluff	RANK:5
SKILL:Disguise	RANK:1
SKILL:Fly	RANK:10
SKILL:Perception	RANK:10
SKILL:Sense Motive	RANK:2
SKILL:Stealth	RANK:6
SKILL:Survival	RANK:3
ABILITY:CATEGORY=FEAT|Combat Reflexes
ABILITY:CATEGORY=FEAT|Deceitful
ABILITY:CATEGORY=FEAT|Flyby Attack
ABILITY:CATEGORY=FEAT|Improved Vital Strike
ABILITY:CATEGORY=FEAT|Iron Will
ABILITY:CATEGORY=FEAT|Power Attack
ABILITY:CATEGORY=FEAT|Vital Strike

STARTPACK:Plagued Beast (Plagued Horse) Default	TYPE:Default Monster.Undead	VISIBLE:QUALIFY	EQUIPBUY:0	PREMULT:1,[PRERACE:1,Plagued Beast (Plagued Horse)],[!PRERACE:1,%]	SOURCEPAGE:p.194
ALIGN:NE
RACE:Plagued Beast (Plagued Horse)	!PRERACE:1,%
NAME:Plagued Beast (Plagued Horse)
STAT:STR=10|DEX=10|INT=10|WIS=10|CHA=10
SKILL:Perception	RANK:2
ABILITY:CATEGORY=FEAT|Endurance
ABILITY:CATEGORY=FEAT|Run
ABILITY:CATEGORY=FEAT|Toughness

STARTPACK:Plankta Default	TYPE:Default Monster.Aberration	VISIBLE:QUALIFY	EQUIPBUY:0	PREMULT:1,[PRERACE:1,Plankta],[!PRERACE:1,%]	SOURCEPAGE:p.195
ALIGN:NE
RACE:Plankta	!PRERACE:1,%
NAME:Plankta
STAT:STR=10|DEX=10|CON=10|INT=10|WIS=10|CHA=10
SKILL:Climb	RANK:13
SKILL:Knowledge (History)	RANK:9
SKILL:Knowledge (Nature)	RANK:6
SKILL:Perception	RANK:19
SKILL:Stealth	RANK:3
SKILL:Survival	RANK:19
SKILL:Swim	RANK:15
ABILITY:CATEGORY=FEAT|Blind-Fight
ABILITY:CATEGORY=FEAT|Critical Focus
ABILITY:CATEGORY=FEAT|Dazing Assault
ABILITY:CATEGORY=FEAT|Improved Critical (slam)
ABILITY:CATEGORY=FEAT|Improved Initiative
ABILITY:CATEGORY=FEAT|Lightning Reflexes
ABILITY:CATEGORY=FEAT|Power Attack
ABILITY:CATEGORY=FEAT|Snatch
ABILITY:CATEGORY=FEAT|Staggering Critical
ABILITY:CATEGORY=FEAT|Weapon Focus (slam)

STARTPACK:Polong Default	TYPE:Default Monster.Undead	VISIBLE:QUALIFY	EQUIPBUY:0	PREMULT:1,[PRERACE:1,Polong],[!PRERACE:1,%]	SOURCEPAGE:p.196
ALIGN:NE
RACE:Polong	!PRERACE:1,%
NAME:Polong
STAT:DEX=10|INT=10|WIS=10|CHA=10
SKILL:Fly	RANK:10
SKILL:Intimidate	RANK:10
SKILL:Perception	RANK:10
SKILL:Stealth	RANK:10
SKILL:Survival	RANK:7
ABILITY:CATEGORY=FEAT|Blind-Fight
ABILITY:CATEGORY=FEAT|Improved Initiative
ABILITY:CATEGORY=FEAT|Iron Will
ABILITY:CATEGORY=FEAT|Skill Focus (Intimidate)
ABILITY:CATEGORY=FEAT|Weapon Focus (incorporeal touch)

STARTPACK:Psychemental Default	TYPE:Default Monster.Outsider	VISIBLE:QUALIFY	EQUIPBUY:0	PREMULT:1,[PRERACE:1,Psychemental],[!PRERACE:1,%]	SOURCEPAGE:p.197
ALIGN:TN
RACE:Psychemental	!PRERACE:1,%
NAME:Psychemental
STAT:DEX=10|CON=10|INT=10|WIS=10|CHA=10
SKILL:Bluff	RANK:11
SKILL:Diplomacy	RANK:11
SKILL:Fly	RANK:7
SKILL:Intimidate	RANK:11
SKILL:Knowledge (Arcana)	RANK:11
SKILL:Knowledge (Planes)	RANK:11
SKILL:Knowledge (Religion)	RANK:11
SKILL:Perception	RANK:11
SKILL:Sense Motive	RANK:11
SKILL:Stealth	RANK:1
ABILITY:CATEGORY=FEAT|Combat Casting
ABILITY:CATEGORY=FEAT|Dodge
ABILITY:CATEGORY=FEAT|Great Fortitude
ABILITY:CATEGORY=FEAT|Improved Initiative
ABILITY:CATEGORY=FEAT|Mobility
ABILITY:CATEGORY=FEAT|Spring Attack

STARTPACK:Psychepore Default	TYPE:Default Monster.Plant	VISIBLE:QUALIFY	EQUIPBUY:0	PREMULT:1,[PRERACE:1,Psychepore],[!PRERACE:1,%]	SOURCEPAGE:p.198
ALIGN:TN
RACE:Psychepore	!PRERACE:1,%
NAME:Psychepore
STAT:STR=10|DEX=10|CON=10|INT=10|WIS=10|CHA=10
SKILL:Perception	RANK:8
SKILL:Stealth	RANK:8
ABILITY:CATEGORY=FEAT|Iron Will
ABILITY:CATEGORY=FEAT|Skill Focus (Stealth)
ABILITY:CATEGORY=FEAT|Skill Focus (Perception)
ABILITY:CATEGORY=FEAT|Toughness
ABILITY:CATEGORY=FEAT|Weapon Focus (slam)

STARTPACK:Pyrausta Default	TYPE:Default Monster.Dragon	VISIBLE:QUALIFY	EQUIPBUY:0	PREMULT:1,[PRERACE:1,Pyrausta],[!PRERACE:1,%]	SOURCEPAGE:p.200
ALIGN:CN
RACE:Pyrausta	!PRERACE:1,%
NAME:Pyrausta
STAT:STR=10|DEX=10|CON=10|INT=10|WIS=10|CHA=10
SKILL:Fly	RANK:1
SKILL:Perception	RANK:1
SKILL:Stealth	RANK:1
ABILITY:CATEGORY=FEAT|Flyby Attack
ABILITY:CATEGORY=FEAT|Weapon Finesse

STARTPACK:Ramidreju Default	TYPE:Default Monster.Magical Beast	VISIBLE:QUALIFY	EQUIPBUY:0	PREMULT:1,[PRERACE:1,Ramidreju],[!PRERACE:1,%]	SOURCEPAGE:p.201
ALIGN:TN
RACE:Ramidreju	!PRERACE:1,%
NAME:Ramidreju
STAT:STR=10|DEX=10|CON=10|INT=10|WIS=10|CHA=10
SKILL:Climb	RANK:2
SKILL:Escape Artist	RANK:2
SKILL:Perception	RANK:2
SKILL:Stealth	RANK:2
ABILITY:CATEGORY=FEAT|Weapon Finesse

STARTPACK:Robot (Annihilator Robot) Default	TYPE:Default Monster.Construct	VISIBLE:QUALIFY	EQUIPBUY:0	PREMULT:1,[PRERACE:1,Robot (Annihilator Robot)],[!PRERACE:1,%]	SOURCEPAGE:p.206
ALIGN:TN
RACE:Robot (Annihilator Robot)	!PRERACE:1,%
NAME:Robot (Annihilator Robot)
STAT:STR=10|DEX=10|INT=10|WIS=10|CHA=10

STARTPACK:Robot (Gearsman Robot) Default	TYPE:Default Monster.Construct	VISIBLE:QUALIFY	EQUIPBUY:0	PREMULT:1,[PRERACE:1,Robot (Gearsman Robot)],[!PRERACE:1,%]	SOURCEPAGE:p.207
ALIGN:TN
RACE:Robot (Gearsman Robot)	!PRERACE:1,%
NAME:Robot (Gearsman Robot)
STAT:STR=10|DEX=10|INT=10|WIS=10|CHA=10

STARTPACK:Robot (Myrmidon Robot) Default	TYPE:Default Monster.Construct	VISIBLE:QUALIFY	EQUIPBUY:0	PREMULT:1,[PRERACE:1,Robot (Myrmidon Robot)],[!PRERACE:1,%]	SOURCEPAGE:p.208
ALIGN:TN
RACE:Robot (Myrmidon Robot)	!PRERACE:1,%
NAME:Robot (Myrmidon Robot)
STAT:STR=10|DEX=10|INT=10|WIS=10|CHA=10
SKILL:Acrobatics	RANK:14
SKILL:Fly	RANK:15
SKILL:Knowledge (Engineering)	RANK:15
SKILL:Perception	RANK:15
SKILL:Sense Motive	RANK:15
ABILITY:CATEGORY=FEAT|Combat Reflexes
ABILITY:CATEGORY=FEAT|Flyby Attack
ABILITY:CATEGORY=FEAT|Great Fortitude
ABILITY:CATEGORY=FEAT|Improved Initiative
ABILITY:CATEGORY=FEAT|Improved Lightning Reflexes
ABILITY:CATEGORY=FEAT|Lightning Reflexes
ABILITY:CATEGORY=FEAT|Point-Blank Shot
ABILITY:CATEGORY=FEAT|Precise Shot

STARTPACK:Robot (Terraformer Robot) Default	TYPE:Default Monster.Construct	VISIBLE:QUALIFY	EQUIPBUY:0	PREMULT:1,[PRERACE:1,Robot (Terraformer Robot)],[!PRERACE:1,%]	SOURCEPAGE:p.209
ALIGN:TN
RACE:Robot (Terraformer Robot)	!PRERACE:1,%
NAME:Robot (Terraformer Robot)
STAT:STR=10|DEX=10|INT=10|WIS=10|CHA=10

STARTPACK:Roiling Oil Default	TYPE:Default Monster.Ooze	VISIBLE:QUALIFY	EQUIPBUY:0	PREMULT:1,[PRERACE:1,Roiling Oil],[!PRERACE:1,%]	SOURCEPAGE:p.210
ALIGN:TN
RACE:Roiling Oil	!PRERACE:1,%
NAME:Roiling Oil
STAT:STR=10|DEX=10|CON=10|WIS=10|CHA=10
SKILL:Climb	RANK:5

STARTPACK:Rope Dragon Default	TYPE:Default Monster.Dragon	VISIBLE:QUALIFY	EQUIPBUY:0	PREMULT:1,[PRERACE:1,Rope Dragon],[!PRERACE:1,%]	SOURCEPAGE:p.211
ALIGN:CN
RACE:Rope Dragon	!PRERACE:1,%
NAME:Rope Dragon
STAT:STR=10|DEX=10|CON=10|INT=10|WIS=10|CHA=10
SKILL:Acrobatics	RANK:3
SKILL:Climb	RANK:4
SKILL:Fly	RANK:6
SKILL:Knowledge (Dungeoneering)	RANK:4
SKILL:Perception	RANK:6
SKILL:Stealth	RANK:6
SKILL:Swim	RANK:4
ABILITY:CATEGORY=FEAT|Combat Reflexes
ABILITY:CATEGORY=FEAT|Flyby Attack
ABILITY:CATEGORY=FEAT|Improved Disarm
ABILITY:CATEGORY=FEAT|Improved Trip
ABILITY:CATEGORY=FEAT|Skill Focus (Stealth)

STARTPACK:Sahkil (Kimenhul) Default	TYPE:Default Monster.Outsider	VISIBLE:QUALIFY	EQUIPBUY:0	PREMULT:1,[PRERACE:1,Sahkil (Kimenhul)],[!PRERACE:1,%]	SOURCEPAGE:p.214
ALIGN:NE
RACE:Sahkil (Kimenhul)	!PRERACE:1,%
NAME:Sahkil (Kimenhul)
STAT:STR=10|DEX=10|CON=10|INT=10|WIS=10|CHA=10
SKILL:Acrobatics	RANK:14
SKILL:Bluff	RANK:25
SKILL:Climb	RANK:23
SKILL:Diplomacy	RANK:25
SKILL:Intimidate	RANK:25
SKILL:Knowledge (Arcana)	RANK:11
SKILL:Knowledge (Religion)	RANK:11
SKILL:Knowledge (Dungeoneering)	RANK:1
SKILL:Knowledge (Nature)	RANK:1
SKILL:Knowledge (Nobility)	RANK:1
SKILL:Knowledge (Local)	RANK:14
SKILL:Knowledge (Planes)	RANK:14
SKILL:Perception	RANK:25
SKILL:Sense Motive	RANK:25
SKILL:Spellcraft	RANK:22
SKILL:Stealth	RANK:17
SKILL:Use Magic Device	RANK:22
ABILITY:CATEGORY=FEAT|Combat Expertise
ABILITY:CATEGORY=FEAT|Combat Reflexes
ABILITY:CATEGORY=FEAT|Critical Focus
ABILITY:CATEGORY=FEAT|Dazing Assault
ABILITY:CATEGORY=FEAT|Dazzling Display
ABILITY:CATEGORY=FEAT|Greater Trip
ABILITY:CATEGORY=FEAT|Improved Critical (claw)
ABILITY:CATEGORY=FEAT|Improved Trip
ABILITY:CATEGORY=FEAT|Power Attack
ABILITY:CATEGORY=FEAT|Staggering Critical
ABILITY:CATEGORY=FEAT|Stunning Critical
ABILITY:CATEGORY=FEAT|Weapon Focus (bite)
ABILITY:CATEGORY=FEAT|Weapon Focus (claw)

STARTPACK:Sahkil (Pakalchi) Default	TYPE:Default Monster.Outsider	VISIBLE:QUALIFY	EQUIPBUY:0	PREMULT:1,[PRERACE:1,Sahkil (Pakalchi)],[!PRERACE:1,%]	SOURCEPAGE:p.216
ALIGN:NE
RACE:Sahkil (Pakalchi)	!PRERACE:1,%
NAME:Sahkil (Pakalchi)
STAT:STR=10|DEX=10|CON=10|INT=10|WIS=10|CHA=10
SKILL:Acrobatics	RANK:6
SKILL:Bluff	RANK:7
SKILL:Climb	RANK:7
SKILL:Diplomacy	RANK:7
SKILL:Intimidate	RANK:7
SKILL:Knowledge (Planes)	RANK:8
SKILL:Knowledge (Religion)	RANK:8
SKILL:Perception	RANK:7
SKILL:Sense Motive	RANK:9
SKILL:Spellcraft	RANK:5
SKILL:Stealth	RANK:11
ABILITY:CATEGORY=FEAT|Blind-Fight
ABILITY:CATEGORY=FEAT|Combat Reflexes
ABILITY:CATEGORY=FEAT|Great Fortitude
ABILITY:CATEGORY=FEAT|Improved Critical (claws)
ABILITY:CATEGORY=FEAT|Improved Initiative
ABILITY:CATEGORY=FEAT|Multiattack

STARTPACK:Sahkil (Qolok) Default	TYPE:Default Monster.Outsider	VISIBLE:QUALIFY	EQUIPBUY:0	PREMULT:1,[PRERACE:1,Sahkil (Qolok)],[!PRERACE:1,%]	SOURCEPAGE:p.217
ALIGN:NE
RACE:Sahkil (Qolok)	!PRERACE:1,%
NAME:Sahkil (Qolok)
STAT:STR=10|DEX=10|CON=10|INT=10|WIS=10|CHA=10
SKILL:Bluff	RANK:18
SKILL:Diplomacy	RANK:18
SKILL:Intimidate	RANK:18
SKILL:Knowledge (Arcana)	RANK:6
SKILL:Knowledge (Planes)	RANK:18
SKILL:Knowledge (Religion)	RANK:9
SKILL:Perception	RANK:18
SKILL:Sense Motive	RANK:18
SKILL:Spellcraft	RANK:9
SKILL:Stealth	RANK:14
SKILL:Use Magic Device	RANK:9
ABILITY:CATEGORY=FEAT|Combat Expertise
ABILITY:CATEGORY=FEAT|Combat Reflexes
ABILITY:CATEGORY=FEAT|Great Fortitude
ABILITY:CATEGORY=FEAT|Greater Trip
ABILITY:CATEGORY=FEAT|Improved Initiative
ABILITY:CATEGORY=FEAT|Improved Trip
ABILITY:CATEGORY=FEAT|Intimidating Prowess
ABILITY:CATEGORY=FEAT|Lightning Reflexes
ABILITY:CATEGORY=FEAT|Power Attack

STARTPACK:Sahkil (Wihsaak) Default	TYPE:Default Monster.Outsider	VISIBLE:QUALIFY	EQUIPBUY:0	PREMULT:1,[PRERACE:1,Sahkil (Wihsaak)],[!PRERACE:1,%]	SOURCEPAGE:p.218
ALIGN:NE
RACE:Sahkil (Wihsaak)	!PRERACE:1,%
NAME:Sahkil (Wihsaak)
STAT:STR=10|DEX=10|CON=10|INT=10|WIS=10|CHA=10
SKILL:Acrobatics	RANK:4
SKILL:Bluff	RANK:5
SKILL:Fly	RANK:8
SKILL:Intimidate	RANK:6
SKILL:Knowledge (Local)	RANK:4
SKILL:Knowledge (Planes)	RANK:4
SKILL:Perception	RANK:8
SKILL:Sense Motive	RANK:8
SKILL:Stealth	RANK:8
ABILITY:CATEGORY=FEAT|Combat Reflexes
ABILITY:CATEGORY=FEAT|Dodge
ABILITY:CATEGORY=FEAT|Improved Initiative
ABILITY:CATEGORY=FEAT|Weapon Focus (claw)

STARTPACK:Saxra Default	TYPE:Default Monster.Undead	VISIBLE:QUALIFY	EQUIPBUY:0	PREMULT:1,[PRERACE:1,Saxra],[!PRERACE:1,%]	SOURCEPAGE:p.220
ALIGN:NE
RACE:Saxra	!PRERACE:1,%
NAME:Saxra
STAT:STR=10|DEX=10|INT=10|WIS=10|CHA=10
SKILL:Bluff	RANK:9
SKILL:Diplomacy	RANK:1
SKILL:Fly	RANK:9
SKILL:Intimidate	RANK:24
SKILL:Knowledge (Religion)	RANK:13
SKILL:Perception	RANK:24
SKILL:Sense Motive	RANK:12
SKILL:Stealth	RANK:16
ABILITY:CATEGORY=FEAT|Combat Reflexes
ABILITY:CATEGORY=FEAT|Critical Focus
ABILITY:CATEGORY=FEAT|Defensive Combat Training
ABILITY:CATEGORY=FEAT|Exhausting Critical
ABILITY:CATEGORY=FEAT|Greater Vital Strike
ABILITY:CATEGORY=FEAT|Improved Critical (bite)
ABILITY:CATEGORY=FEAT|Improved Critical (claw)
ABILITY:CATEGORY=FEAT|Improved Vital Strike
ABILITY:CATEGORY=FEAT|Lightning Reflexes
ABILITY:CATEGORY=FEAT|Power Attack
ABILITY:CATEGORY=FEAT|Tiring Critical
ABILITY:CATEGORY=FEAT|Vital Strike

STARTPACK:Scitalis Default	TYPE:Default Monster.Dragon	VISIBLE:QUALIFY	EQUIPBUY:0	PREMULT:1,[PRERACE:1,Scitalis],[!PRERACE:1,%]	SOURCEPAGE:p.222
ALIGN:TN
RACE:Scitalis	!PRERACE:1,%
NAME:Scitalis
STAT:STR=10|DEX=10|CON=10|INT=10|WIS=10|CHA=10
SKILL:Fly	RANK:12
SKILL:Intimidate	RANK:10
SKILL:Perception	RANK:14
SKILL:Sense Motive	RANK:12
SKILL:Stealth	RANK:8
SKILL:Survival	RANK:12
ABILITY:CATEGORY=FEAT|Combat Reflexes
ABILITY:CATEGORY=FEAT|Flyby Attack
ABILITY:CATEGORY=FEAT|Hover
ABILITY:CATEGORY=FEAT|Improved Initiative
ABILITY:CATEGORY=FEAT|Multiattack
ABILITY:CATEGORY=FEAT|Power Attack
ABILITY:CATEGORY=FEAT|Wingover

STARTPACK:Seilenos Default	TYPE:Default Monster.Fey	VISIBLE:QUALIFY	EQUIPBUY:0	PREMULT:1,[PRERACE:1,Seilenos],[!PRERACE:1,%]	SOURCEPAGE:p.224
ALIGN:CN
RACE:Seilenos	!PRERACE:1,%
NAME:Seilenos
STAT:STR=10|DEX=10|CON=10|INT=10|WIS=10|CHA=10
SKILL:Knowledge (Arcana)	RANK:20
SKILL:Knowledge (History)	RANK:20
SKILL:Knowledge (Religion)	RANK:20
SKILL:Knowledge (Geography)	RANK:23
SKILL:Knowledge (Nature)	RANK:23
SKILL:Perception	RANK:23
SKILL:Perform (act)	RANK:23
SKILL:Perform (comedy)	RANK:23
SKILL:Perform (dance)	RANK:23
SKILL:Perform (oratory)	RANK:23
SKILL:Perform (wind instruments)	RANK:23
SKILL:Stealth	RANK:23
SKILL:Survival	RANK:20
ABILITY:CATEGORY=FEAT|Dodge
ABILITY:CATEGORY=FEAT|Improved Critical (morningstar)
ABILITY:CATEGORY=FEAT|Improved Initiative
ABILITY:CATEGORY=FEAT|Mobility
ABILITY:CATEGORY=FEAT|Point-Blank Shot
ABILITY:CATEGORY=FEAT|Power Attack
ABILITY:CATEGORY=FEAT|Precise Shot
ABILITY:CATEGORY=FEAT|Quicken Spell-Like Ability (greater heroism)
ABILITY:CATEGORY=FEAT|Rapid Shot
ABILITY:CATEGORY=FEAT|Spring Attack
ABILITY:CATEGORY=FEAT|Weapon Focus (morningstar)
ABILITY:CATEGORY=FEAT|Weapon Focus (longbow)

STARTPACK:Shadow Collector Default	TYPE:Default Monster.Fey	VISIBLE:QUALIFY	EQUIPBUY:0	PREMULT:1,[PRERACE:1,Shadow Collector],[!PRERACE:1,%]	SOURCEPAGE:p.228
ALIGN:CN
RACE:Shadow Collector	!PRERACE:1,%
NAME:Shadow Collector
STAT:STR=10|DEX=10|CON=10|INT=10|WIS=10|CHA=10
SKILL:Bluff	RANK:12
SKILL:Climb	RANK:6
SKILL:Diplomacy	RANK:12
SKILL:Escape Artist	RANK:12
SKILL:Knowledge (Arcana)	RANK:3
SKILL:Knowledge (Planes)	RANK:3
SKILL:Perception	RANK:12
SKILL:Sense Motive	RANK:6
SKILL:Sleight of Hand	RANK:12
SKILL:Stealth	RANK:12
ABILITY:CATEGORY=FEAT|Agile Maneuvers
ABILITY:CATEGORY=FEAT|Combat Expertise
ABILITY:CATEGORY=FEAT|Dodge
ABILITY:CATEGORY=FEAT|Improved Steal
ABILITY:CATEGORY=FEAT|Mobility
ABILITY:CATEGORY=FEAT|Spring Attack
ABILITY:CATEGORY=FEAT|Weapon Finesse
ABILITY:CATEGORY=FEAT|Weapon Focus (claw)

STARTPACK:Su Default	TYPE:Default Monster.Magical Beast	VISIBLE:QUALIFY	EQUIPBUY:0	PREMULT:1,[PRERACE:1,Su],[!PRERACE:1,%]	SOURCEPAGE:p.238
ALIGN:CE
RACE:Su	!PRERACE:1,%
NAME:Su
STAT:STR=10|DEX=10|CON=10|INT=10|WIS=10|CHA=10
SKILL:Acrobatics	RANK:7
SKILL:Climb	RANK:5
SKILL:Perception	RANK:5
SKILL:Stealth	RANK:4
ABILITY:CATEGORY=FEAT|Critical Focus
ABILITY:CATEGORY=FEAT|Dodge
ABILITY:CATEGORY=FEAT|Improved Critical (claw)
ABILITY:CATEGORY=FEAT|Mobility
ABILITY:CATEGORY=FEAT|Nimble Moves
ABILITY:CATEGORY=FEAT|Toughness

STARTPACK:Swamp Mummy Default	TYPE:Default Monster.Undead	VISIBLE:QUALIFY	EQUIPBUY:0	PREMULT:1,[PRERACE:1,Swamp Mummy],[!PRERACE:1,%]	SOURCEPAGE:p.178
ALIGN:LE
RACE:Swamp Mummy	!PRERACE:1,%
NAME:Swamp Mummy
STAT:STR=10|DEX=10|INT=10|WIS=10|CHA=10
SKILL:Perception	RANK:7
SKILL:Stealth	RANK:7
ABILITY:CATEGORY=FEAT|Great Fortitude
ABILITY:CATEGORY=FEAT|Improved Initiative
ABILITY:CATEGORY=FEAT|Power Attack
ABILITY:CATEGORY=FEAT|Toughness

STARTPACK:Syricta Default	TYPE:Default Monster.Aberration	VISIBLE:QUALIFY	EQUIPBUY:0	PREMULT:1,[PRERACE:1,Syricta],[!PRERACE:1,%]	SOURCEPAGE:p.239
ALIGN:CE
RACE:Syricta	!PRERACE:1,%
NAME:Syricta
STAT:STR=10|DEX=10|CON=10|INT=10|WIS=10|CHA=10
SKILL:Intimidate	RANK:17
SKILL:Perception	RANK:17
SKILL:Survival	RANK:2
ABILITY:CATEGORY=FEAT|Greater Overrun
ABILITY:CATEGORY=FEAT|Improved Critical (bite)
ABILITY:CATEGORY=FEAT|Improved Overrun
ABILITY:CATEGORY=FEAT|Intimidating Prowess
ABILITY:CATEGORY=FEAT|Lightning Reflexes
ABILITY:CATEGORY=FEAT|Multiattack
ABILITY:CATEGORY=FEAT|Power Attack
ABILITY:CATEGORY=FEAT|Weapon Focus (bite)
ABILITY:CATEGORY=FEAT|Weapon Focus (tentacle)

STARTPACK:Taxidermic Grizzly Bear Default	TYPE:Default Monster.Construct	VISIBLE:QUALIFY	EQUIPBUY:0	PREMULT:1,[PRERACE:1,Taxidermic Grizzly Bear],[!PRERACE:1,%]	SOURCEPAGE:p.240
ALIGN:TN
RACE:Taxidermic Grizzly Bear	!PRERACE:1,%
NAME:Taxidermic Grizzly Bear
STAT:STR=10|DEX=10|WIS=10|CHA=10
SKILL:Swim	RANK:1

STARTPACK:Termite Swarm Default	TYPE:Default Monster.Vermin	VISIBLE:QUALIFY	EQUIPBUY:0	PREMULT:1,[PRERACE:1,Termite Swarm],[!PRERACE:1,%]	SOURCEPAGE:p.242
ALIGN:TN
RACE:Termite Swarm	!PRERACE:1,%
NAME:Termite Swarm
STAT:STR=10|DEX=10|CON=10|WIS=10|CHA=10

STARTPACK:Thriae (Thriae Constructor) Default	TYPE:Default Monster.Monstrous Humanoid	VISIBLE:QUALIFY	EQUIPBUY:0	PREMULT:1,[PRERACE:1,Thriae (Thriae Constructor)],[!PRERACE:1,%]	SOURCEPAGE:p.244
ALIGN:TN
RACE:Thriae (Thriae Constructor)	!PRERACE:1,%
NAME:Thriae (Thriae Constructor)
STAT:STR=10|DEX=10|CON=10|WIS=10|CHA=10
SKILL:Fly	RANK:1

STARTPACK:Thriae (Thriae Dancer) Default	TYPE:Default Monster.Monstrous Humanoid	VISIBLE:QUALIFY	EQUIPBUY:0	PREMULT:1,[PRERACE:1,Thriae (Thriae Dancer)],[!PRERACE:1,%]	SOURCEPAGE:p.245
ALIGN:LN
RACE:Thriae (Thriae Dancer)	!PRERACE:1,%
NAME:Thriae (Thriae Dancer)
STAT:STR=10|DEX=10|CON=10|INT=10|WIS=10|CHA=10
SKILL:Acrobatics	RANK:5
SKILL:Diplomacy	RANK:5
SKILL:Fly	RANK:5
SKILL:Perception	RANK:6
SKILL:Perform (dance)	RANK:5
SKILL:Sleight of Hand	RANK:1
SKILL:Stealth	RANK:6
ABILITY:CATEGORY=FEAT|Combat Reflexes
ABILITY:CATEGORY=FEAT|Great Fortitude
ABILITY:CATEGORY=FEAT|Improved Initiative
ABILITY:CATEGORY=FEAT|Multiattack

STARTPACK:Tiyanak Default	TYPE:Default Monster.Undead	VISIBLE:QUALIFY	EQUIPBUY:0	PREMULT:1,[PRERACE:1,Tiyanak],[!PRERACE:1,%]	SOURCEPAGE:p.248
ALIGN:CE
RACE:Tiyanak	!PRERACE:1,%
NAME:Tiyanak
STAT:STR=10|DEX=10|INT=10|WIS=10|CHA=10
SKILL:Fly	RANK:9
SKILL:Perception	RANK:9
SKILL:Sense Motive	RANK:4
SKILL:Stealth	RANK:9
ABILITY:CATEGORY=FEAT|Dodge
ABILITY:CATEGORY=FEAT|Improved Critical (bite)
ABILITY:CATEGORY=FEAT|Improved Initiative
ABILITY:CATEGORY=FEAT|Shadow Strike
ABILITY:CATEGORY=FEAT|Skill Focus (Perception)
ABILITY:CATEGORY=FEAT|Weapon Finesse
ABILITY:CATEGORY=FEAT|Weapon Focus (claw)

STARTPACK:Tsukumogami (Boroboroton) Default	TYPE:Default Monster.Outsider	VISIBLE:QUALIFY	EQUIPBUY:0	PREMULT:1,[PRERACE:1,Tsukumogami (Boroboroton)],[!PRERACE:1,%]	SOURCEPAGE:p.252
ALIGN:NE
RACE:Tsukumogami (Boroboroton)	!PRERACE:1,%
NAME:Tsukumogami (Boroboroton)
STAT:STR=10|DEX=10|CON=10|INT=10|WIS=10|CHA=10
SKILL:Bluff	RANK:3
SKILL:Craft (cloth)	RANK:3
SKILL:Disguise	RANK:3
SKILL:Knowledge (History)	RANK:3
SKILL:Perception	RANK:3
SKILL:Sense Motive	RANK:3
SKILL:Sleight of Hand	RANK:3
SKILL:Stealth	RANK:3
ABILITY:CATEGORY=FEAT|Dodge
ABILITY:CATEGORY=FEAT|Weapon Focus (slam)

STARTPACK:Tsukumogami (Kasa-obake) Default	TYPE:Default Monster.Outsider	VISIBLE:QUALIFY	EQUIPBUY:0	PREMULT:1,[PRERACE:1,Tsukumogami (Kasa-obake)],[!PRERACE:1,%]	SOURCEPAGE:p.252
ALIGN:TN
RACE:Tsukumogami (Kasa-obake)	!PRERACE:1,%
NAME:Tsukumogami (Kasa-obake)
STAT:STR=10|DEX=10|CON=10|INT=10|WIS=10|CHA=10
SKILL:Bluff	RANK:2
SKILL:Craft (cloth)	RANK:2
SKILL:Disguise	RANK:2
SKILL:Knowledge (History)	RANK:2
SKILL:Perception	RANK:2
SKILL:Sense Motive	RANK:2
SKILL:Sleight of Hand	RANK:2
SKILL:Stealth	RANK:2
ABILITY:CATEGORY=FEAT|Weapon Focus (slam)

STARTPACK:Tsukumogami (Koto-furunishi) Default	TYPE:Default Monster.Outsider	VISIBLE:QUALIFY	EQUIPBUY:0	PREMULT:1,[PRERACE:1,Tsukumogami (Koto-furunishi)],[!PRERACE:1,%]	SOURCEPAGE:p.252
ALIGN:NG
RACE:Tsukumogami (Koto-furunishi)	!PRERACE:1,%
NAME:Tsukumogami (Koto-furunishi)
STAT:STR=10|DEX=10|CON=10|INT=10|WIS=10|CHA=10
SKILL:Bluff	RANK:1
SKILL:Disguise	RANK:1
SKILL:Knowledge (History)	RANK:1
SKILL:Perception	RANK:1
SKILL:Perform (string)	RANK:1
SKILL:Sense Motive	RANK:1
SKILL:Sleight of Hand	RANK:1
SKILL:Stealth	RANK:1
ABILITY:CATEGORY=FEAT|Weapon Finesse

STARTPACK:Tulpa Default	TYPE:Default Monster.Outsider	VISIBLE:QUALIFY	EQUIPBUY:0	PREMULT:1,[PRERACE:1,Tulpa],[!PRERACE:1,%]	SOURCEPAGE:p.254
ALIGN:LN
RACE:Tulpa	!PRERACE:1,%
NAME:Tulpa
STAT:STR=10|DEX=10|CON=10|INT=10|WIS=10|CHA=10

STARTPACK:Turul Default	TYPE:Default Monster.Outsider	VISIBLE:QUALIFY	EQUIPBUY:0	PREMULT:1,[PRERACE:1,Turul],[!PRERACE:1,%]	SOURCEPAGE:p.256
ALIGN:TN
RACE:Turul	!PRERACE:1,%
NAME:Turul
STAT:STR=10|DEX=10|CON=10|INT=10|WIS=10|CHA=10
SKILL:Acrobatics	RANK:28
SKILL:Diplomacy	RANK:28
SKILL:Fly	RANK:26
SKILL:Heal	RANK:28
SKILL:Intimidate	RANK:28
SKILL:Knowledge (Planes)	RANK:28
SKILL:Perception	RANK:28
SKILL:Sense Motive	RANK:28
SKILL:Spellcraft	RANK:25
ABILITY:CATEGORY=FEAT|Combat Reflexes
ABILITY:CATEGORY=FEAT|Deflect Arrows
ABILITY:CATEGORY=FEAT|Dodge
ABILITY:CATEGORY=FEAT|Flyby Attack
ABILITY:CATEGORY=FEAT|Hover
ABILITY:CATEGORY=FEAT|Improved Critical (talons)
ABILITY:CATEGORY=FEAT|Improved Critical (bite)
ABILITY:CATEGORY=FEAT|Improved Initiative
ABILITY:CATEGORY=FEAT|Improved Vital Strike
ABILITY:CATEGORY=FEAT|Power Attack
ABILITY:CATEGORY=FEAT|Snatch
ABILITY:CATEGORY=FEAT|Vital Strike
ABILITY:CATEGORY=FEAT|Weapon Focus (talons)
ABILITY:CATEGORY=FEAT|Wingover

STARTPACK:Undigested Default	TYPE:Default Monster.Undead	VISIBLE:QUALIFY	EQUIPBUY:0	PREMULT:1,[PRERACE:1,Undigested],[!PRERACE:1,%]	SOURCEPAGE:p.258
ALIGN:NE
RACE:Undigested	!PRERACE:1,%
NAME:Undigested
STAT:STR=10|DEX=10|INT=10|WIS=10|CHA=10
SKILL:Climb	RANK:2
SKILL:Perception	RANK:2
SKILL:Stealth	RANK:2
SKILL:Swim	RANK:2
ABILITY:CATEGORY=FEAT|Skill Focus (Perception)
ABILITY:CATEGORY=FEAT|Weapon Finesse

STARTPACK:Undigested (Undigested Swarm) Default	TYPE:Default Monster.Undead	VISIBLE:QUALIFY	EQUIPBUY:0	PREMULT:1,[PRERACE:1,Undigested (Undigested Swarm)],[!PRERACE:1,%]	SOURCEPAGE:p.258
ALIGN:NE
RACE:Undigested (Undigested Swarm)	!PRERACE:1,%
NAME:Undigested (Undigested Swarm)
STAT:STR=10|DEX=10|INT=10|WIS=10|CHA=10
SKILL:Climb	RANK:12
SKILL:Perception	RANK:6
SKILL:Stealth	RANK:11
SKILL:Swim	RANK:12
ABILITY:CATEGORY=FEAT|Dodge
ABILITY:CATEGORY=FEAT|Improved Iron Will
ABILITY:CATEGORY=FEAT|Iron Will
ABILITY:CATEGORY=FEAT|Lightning Reflexes
ABILITY:CATEGORY=FEAT|Mobility
ABILITY:CATEGORY=FEAT|Skill Focus (Perception)

STARTPACK:Unfettered Phantom Default	TYPE:Default Monster.Outsider	VISIBLE:QUALIFY	EQUIPBUY:0	PREMULT:1,[PRERACE:1,Unfettered Phantom],[!PRERACE:1,%]	SOURCEPAGE:p.190
ALIGN:TN
RACE:Unfettered Phantom	!PRERACE:1,%
NAME:Unfettered Phantom
STAT:STR=10|DEX=10|CON=10|INT=10|WIS=10|CHA=10
SKILL:Acrobatics	RANK:5
SKILL:Fly	RANK:5
SKILL:Intimidate	RANK:5
SKILL:Perception	RANK:5
SKILL:Sense Motive	RANK:5
SKILL:Stealth	RANK:5
ABILITY:CATEGORY=FEAT|Dodge
ABILITY:CATEGORY=FEAT|Fleet
ABILITY:CATEGORY=FEAT|Power Attack
ABILITY:CATEGORY=FEAT|Run

STARTPACK:Veela (Air Veela) Default	TYPE:Default Monster.Outsider	VISIBLE:QUALIFY	EQUIPBUY:0	PREMULT:1,[PRERACE:1,Veela (Air Veela)],[!PRERACE:1,%]	SOURCEPAGE:p.264
ALIGN:TN
RACE:Veela (Air Veela)	!PRERACE:1,%
NAME:Veela (Air Veela)
STAT:STR=10|DEX=10|CON=10|INT=10|WIS=10|CHA=10
SKILL:Acrobatics	RANK:9
SKILL:Bluff	RANK:9
SKILL:Diplomacy	RANK:9
SKILL:Fly	RANK:9
SKILL:Knowledge (Any One)	RANK:9
SKILL:Perception	RANK:9
SKILL:Perform (dance)	RANK:9
SKILL:Sense Motive	RANK:8
SKILL:Stealth	RANK:9
ABILITY:CATEGORY=FEAT|Ability Focus (beckoning dance)
ABILITY:CATEGORY=FEAT|Combat Reflexes
ABILITY:CATEGORY=FEAT|Double Slice
ABILITY:CATEGORY=FEAT|Improved Two-Weapon Fighting
ABILITY:CATEGORY=FEAT|Two-Weapon Fighting

STARTPACK:Veela (Earth Veela) Default	TYPE:Default Monster.Outsider	VISIBLE:QUALIFY	EQUIPBUY:0	PREMULT:1,[PRERACE:1,Veela (Earth Veela)],[!PRERACE:1,%]	SOURCEPAGE:p.264
ALIGN:TN
RACE:Veela (Earth Veela)	!PRERACE:1,%
NAME:Veela (Earth Veela)
STAT:STR=10|DEX=10|CON=10|INT=10|WIS=10|CHA=10
SKILL:Acrobatics	RANK:9
SKILL:Bluff	RANK:9
SKILL:Diplomacy	RANK:9
SKILL:Fly	RANK:9
SKILL:Knowledge (Any One)	RANK:9
SKILL:Perception	RANK:9
SKILL:Perform (dance)	RANK:9
SKILL:Sense Motive	RANK:8
SKILL:Stealth	RANK:9
ABILITY:CATEGORY=FEAT|Ability Focus (beckoning dance)
ABILITY:CATEGORY=FEAT|Combat Reflexes
ABILITY:CATEGORY=FEAT|Double Slice
ABILITY:CATEGORY=FEAT|Improved Two-Weapon Fighting
ABILITY:CATEGORY=FEAT|Two-Weapon Fighting

STARTPACK:Veela (Fire Veela) Default	TYPE:Default Monster.Outsider	VISIBLE:QUALIFY	EQUIPBUY:0	PREMULT:1,[PRERACE:1,Veela (Fire Veela)],[!PRERACE:1,%]	SOURCEPAGE:p.265
ALIGN:TN
RACE:Veela (Fire Veela)	!PRERACE:1,%
NAME:Veela (Fire Veela)
STAT:STR=10|DEX=10|CON=10|INT=10|WIS=10|CHA=10
SKILL:Acrobatics	RANK:9
SKILL:Bluff	RANK:9
SKILL:Diplomacy	RANK:9
SKILL:Fly	RANK:9
SKILL:Knowledge (Any One)	RANK:9
SKILL:Perception	RANK:9
SKILL:Perform (dance)	RANK:9
SKILL:Sense Motive	RANK:8
SKILL:Stealth	RANK:9
ABILITY:CATEGORY=FEAT|Ability Focus (beckoning dance)
ABILITY:CATEGORY=FEAT|Combat Reflexes
ABILITY:CATEGORY=FEAT|Double Slice
ABILITY:CATEGORY=FEAT|Improved Two-Weapon Fighting
ABILITY:CATEGORY=FEAT|Two-Weapon Fighting

STARTPACK:Veela (Water Veela) Default	TYPE:Default Monster.Outsider	VISIBLE:QUALIFY	EQUIPBUY:0	PREMULT:1,[PRERACE:1,Veela (Water Veela)],[!PRERACE:1,%]	SOURCEPAGE:p.265
ALIGN:TN
RACE:Veela (Water Veela)	!PRERACE:1,%
NAME:Veela (Water Veela)
STAT:STR=10|DEX=10|CON=10|INT=10|WIS=10|CHA=10
SKILL:Acrobatics	RANK:9
SKILL:Bluff	RANK:9
SKILL:Diplomacy	RANK:9
SKILL:Fly	RANK:9
SKILL:Knowledge (Any One)	RANK:9
SKILL:Perception	RANK:9
SKILL:Perform (dance)	RANK:9
SKILL:Sense Motive	RANK:8
SKILL:Stealth	RANK:9
ABILITY:CATEGORY=FEAT|Ability Focus (beckoning dance)
ABILITY:CATEGORY=FEAT|Combat Reflexes
ABILITY:CATEGORY=FEAT|Double Slice
ABILITY:CATEGORY=FEAT|Improved Two-Weapon Fighting
ABILITY:CATEGORY=FEAT|Two-Weapon Fighting

STARTPACK:Vilderavn Default	TYPE:Default Monster.Fey	VISIBLE:QUALIFY	EQUIPBUY:0	PREMULT:1,[PRERACE:1,Vilderavn],[!PRERACE:1,%]	SOURCEPAGE:p.268
ALIGN:NE
RACE:Vilderavn	!PRERACE:1,%
NAME:Vilderavn
STAT:STR=10|DEX=10|CON=10|INT=10|WIS=10|CHA=10
SKILL:Acrobatics	RANK:21
SKILL:Bluff	RANK:21
SKILL:Diplomacy	RANK:12
SKILL:Disguise	RANK:21
SKILL:Fly	RANK:10
SKILL:Intimidate	RANK:18
SKILL:Knowledge (History)	RANK:13
SKILL:Knowledge (Nobility)	RANK:13
SKILL:Knowledge (Local)	RANK:8
SKILL:Perception	RANK:21
SKILL:Profession (soldier)	RANK:7
SKILL:Sense Motive	RANK:17
SKILL:Stealth	RANK:15
SKILL:Use Magic Device	RANK:11
ABILITY:CATEGORY=FEAT|Critical Focus
ABILITY:CATEGORY=FEAT|Dodge
ABILITY:CATEGORY=FEAT|Flyby Attack
ABILITY:CATEGORY=FEAT|Great Fortitude
ABILITY:CATEGORY=FEAT|Improved Critical (bite)
ABILITY:CATEGORY=FEAT|Improved Initiative
ABILITY:CATEGORY=FEAT|Lunge
ABILITY:CATEGORY=FEAT|Mobility
ABILITY:CATEGORY=FEAT|Power Attack
ABILITY:CATEGORY=FEAT|Weapon Focus (falchion)
ABILITY:CATEGORY=FEAT|Wind Stance

STARTPACK:Vishap Default	TYPE:Default Monster.Dragon	VISIBLE:QUALIFY	EQUIPBUY:0	PREMULT:1,[PRERACE:1,Vishap],[!PRERACE:1,%]	SOURCEPAGE:p.270
ALIGN:TN
RACE:Vishap	!PRERACE:1,%
NAME:Vishap
STAT:STR=10|DEX=10|CON=10|INT=10|WIS=10|CHA=10
SKILL:Climb	RANK:5
SKILL:Fly	RANK:17
SKILL:Intimidate	RANK:10
SKILL:Knowledge (Arcana)	RANK:25
SKILL:Knowledge (Dungeoneering)	RANK:10
SKILL:Knowledge (Engineering)	RANK:10
SKILL:Knowledge (Geography)	RANK:10
SKILL:Knowledge (History)	RANK:10
SKILL:Knowledge (Nature)	RANK:10
SKILL:Knowledge (Religion)	RANK:10
SKILL:Knowledge (Local)	RANK:1
SKILL:Knowledge (Nobility)	RANK:1
SKILL:Knowledge (Planes)	RANK:15
SKILL:Linguistics	RANK:3
SKILL:Perception	RANK:25
SKILL:Sense Motive	RANK:15
SKILL:Spellcraft	RANK:25
SKILL:Swim	RANK:25
SKILL:Use Magic Device	RANK:20
ABILITY:CATEGORY=FEAT|Critical Focus
ABILITY:CATEGORY=FEAT|Exhausting Critical
ABILITY:CATEGORY=FEAT|Flyby Attack
ABILITY:CATEGORY=FEAT|Greater Vital Strike
ABILITY:CATEGORY=FEAT|Hover
ABILITY:CATEGORY=FEAT|Improved Critical (bite)
ABILITY:CATEGORY=FEAT|Improved Initiative
ABILITY:CATEGORY=FEAT|Improved Vital Strike
ABILITY:CATEGORY=FEAT|Multiattack
ABILITY:CATEGORY=FEAT|Power Attack
ABILITY:CATEGORY=FEAT|Tiring Critical
ABILITY:CATEGORY=FEAT|Vital Strike
ABILITY:CATEGORY=FEAT|Wingover

STARTPACK:Vukodlak Default	TYPE:Default Monster.Undead	VISIBLE:QUALIFY	EQUIPBUY:0	PREMULT:1,[PRERACE:1,Vukodlak],[!PRERACE:1,%]	SOURCEPAGE:p.272
ALIGN:NE
RACE:Vukodlak	!PRERACE:1,%
NAME:Vukodlak
STAT:STR=10|DEX=10|INT=10|WIS=10|CHA=10
SKILL:Intimidate	RANK:3
SKILL:Perception	RANK:4
SKILL:Stealth	RANK:3
ABILITY:CATEGORY=FEAT|Improved Initiative
ABILITY:CATEGORY=FEAT|Run

STARTPACK:Wakandagi Default	TYPE:Default Monster.Outsider	VISIBLE:QUALIFY	EQUIPBUY:0	PREMULT:1,[PRERACE:1,Wakandagi],[!PRERACE:1,%]	SOURCEPAGE:p.273
ALIGN:NG
RACE:Wakandagi	!PRERACE:1,%
NAME:Wakandagi
STAT:STR=10|DEX=10|CON=10|INT=10|WIS=10|CHA=10
SKILL:Acrobatics	RANK:11
SKILL:Diplomacy	RANK:11
SKILL:Intimidate	RANK:11
SKILL:Knowledge (Nature)	RANK:11
SKILL:Knowledge (Planes)	RANK:11
SKILL:Perception	RANK:16
SKILL:Spellcraft	RANK:5
SKILL:Stealth	RANK:11
SKILL:Survival	RANK:13
SKILL:Swim	RANK:10
ABILITY:CATEGORY=FEAT|Dodge
ABILITY:CATEGORY=FEAT|Lightning Reflexes
ABILITY:CATEGORY=FEAT|Mobility
ABILITY:CATEGORY=FEAT|Multiattack
ABILITY:CATEGORY=FEAT|Point-Blank Shot
ABILITY:CATEGORY=FEAT|Power Attack
ABILITY:CATEGORY=FEAT|Spring Attack
ABILITY:CATEGORY=FEAT|Vital Strike

STARTPACK:Wyrmwraith Default	TYPE:Default Monster.Undead	VISIBLE:QUALIFY	EQUIPBUY:0	PREMULT:1,[PRERACE:1,Wyrmwraith],[!PRERACE:1,%]	SOURCEPAGE:p.280
ALIGN:CE
RACE:Wyrmwraith	!PRERACE:1,%
NAME:Wyrmwraith
STAT:DEX=10|INT=10|WIS=10|CHA=10
SKILL:Acrobatics	RANK:24
SKILL:Escape Artist	RANK:1
SKILL:Fly	RANK:24
SKILL:Intimidate	RANK:24
SKILL:Knowledge (Arcana)	RANK:12
SKILL:Knowledge (Planes)	RANK:9
SKILL:Knowledge (Religion)	RANK:24
SKILL:Perception	RANK:24
SKILL:Sense Motive	RANK:24
SKILL:Stealth	RANK:16
SKILL:Survival	RANK:21
ABILITY:CATEGORY=FEAT|Acrobatic
ABILITY:CATEGORY=FEAT|Dodge
ABILITY:CATEGORY=FEAT|Flyby Attack
ABILITY:CATEGORY=FEAT|Hover
ABILITY:CATEGORY=FEAT|Improved Initiative
ABILITY:CATEGORY=FEAT|Multiattack
ABILITY:CATEGORY=FEAT|Quicken Spell-Like Ability (finger of death)
ABILITY:CATEGORY=FEAT|Skill Focus (Intimidate)
ABILITY:CATEGORY=FEAT|Skill Focus (Perception)
ABILITY:CATEGORY=FEAT|Stealthy
ABILITY:CATEGORY=FEAT|Weapon Focus (incorporeal bite)
ABILITY:CATEGORY=FEAT|Weapon Focus (incorporeal claw)

STARTPACK:Zygomind Default	TYPE:Default Monster.Plant	VISIBLE:QUALIFY	EQUIPBUY:0	PREMULT:1,[PRERACE:1,Zygomind],[!PRERACE:1,%]	SOURCEPAGE:p.286
ALIGN:TN
RACE:Zygomind	!PRERACE:1,%
NAME:Zygomind
STAT:STR=10|DEX=10|CON=10|WIS=10|CHA=10

